000000	Officially Xerox, but	Printer
000001	Xerox	Printer
000002	Xerox	Printer
000003	Xerox	Printer
000004	Xerox	Printer
000005	Xerox	Printer
000006	Xerox	Printer
000007	Xerox	Printer
000008	Xerox	Printer
000009	Xerox	Printer
00000A	Omron Tateisi	Industrial
00000B	Matrix	
00000C	Cisco	Router
00000D	Fibronics	
00000E	Fujitsu Limited	
00000F	Next	
000010	Sytek	
000011	Normerel Systemes	
000012	Information Technology	
000013	Camex	
000014	Netronix	
000015	Datapoint	
000016	Du Pont Pixel	
000017	Oracle	
000018	Webster Computer	
000019	Applied Dynamics	
00001A	Advanced Micro Devices	Computer
00001B	Novell	
00001C	Bell	
00001D	Cabletron	
00001E	Telsist Industria	
00001F	Telco	
000020	Dataindustrier Diab Ab	
000021	Sureman Comp. & Commun	
000022	Visual	
000023	Abb Industrial Systems	Industrial
000024	Connect As	
000025	Ramtek	
000026	Sha-Ken	
000027	Japan Radio	
000028	Prodigy	
000029	Imc	
00002A	Trw - Sedd/Inp	
00002B	Crisp Automation	
00002C	Autotote Limited	
00002D	Chromatics	
00002E	Societe Evira	
00002F	Timeplex	Media Player
000030	Vg Laboratory	
000031	Qpsx	
000032	Marconi plc	
000033	Egan Machinery	
000034	Network Resources	
000035	Spectragraphics	
000036	Atari	
000037	Oxford Metrics Limited	
000038	Css	
000039	Toshiba	
00003A	Chyron	
00003B	i Controls	
00003C	Auspex	
00003D	Unisys	
00003E	Simpact	
00003F	Syntrex	
000040	Applicon	
000041	Ice	
000042	Metier Management	
000043	Micro	
000044	Castelle	
000045	Ford Aerospace &	
000046	Olivetti North America	
000047	Nicolet Instruments	
000048	Seiko Epson	Printer
000049	Apricot Computers	
00004A	Adc Codenoll	
00004B	Icl Data Oy	
00004C	NEC	
00004D	Dci	
00004E	Ampex	
00004F	Logicraft	
000050	Radisys	
000051	Hob Electronic Gmbh & Co	
000052	Intrusion.com	
000053	Compucorp	
000054	Schneider Electric	Industrial
000055	Commissariat A	
000056	Dr. B. Struck	
000057	Scitex	
000058	Racore Computer Products	
000059	Hellige	
00005A	SysKonnect	
00005B	Eltec Elektronik	
00005C	Telematics	
00005D	Cs Telecom	
00005E	ICANN, IANA Department	
00005F	Sumitomo Electric	
000060	Kontron Europe	
000061	Gateway	
000062	Bull Hn Information	
000063	Barco Control Rooms	
000064	Yokogawa Digital	Industrial
000065	Network General	
000066	Talaris	
000067	Soft * Rite	
000068	Rosemount Controls	
000069	Concord	
00006A	Computer Consoles	
00006B	Silicon Graphics	
00006C	Schneider Electric	Industrial
00006D	Cray	
00006E	Artisoft	
00006F	Madge	
000070	Hcl Limited	
000071	Adra	
000072	Miniware	
000073	Siecor	
000074	Ricoh	Printer
000075	Nortel	
000076	Abekas Video System	
000077	Interphase	
000078	Labtam Limited	
000079	Networth Incorporated	
00007A	Dana Computer	
00007B	Research Machines	
00007C	Ampere Incorporated	
00007D	Oracle	
00007E	Clustrix	
00007F	Linotype-Hell	
000080	Cray Communications A/S	
000081	Bay	
000082	Lectra Systemes	
000083	Tadpole Technology Plc	
000084	Supernet	
000085	Canon	Camera
000086	Megahertz	
000087	Hitachi	
000088	Brocade	Switch
000089	Cayman	
00008A	Datahouse Information	
00008B	Infotron	
00008C	Alloy Computer Products	
00008D	Cryptek	
00008E	Solbourne Computer	
00008F	Raytheon	
000090	Microcom	
000091	Anritsu	
000092	Cogent Data	
000093	Proteon	
000094	Asante	
000095	Sony Tektronix	
000096	Marconi	
000097	Dell EMC	Computer
000098	Crosscomm	
000099	Mtx	
00009A	Rc Computer A/S	
00009B	Information	
00009C	Rolm Mil-Spec Computers	
00009D	Locus Computing	
00009E	Marli	
00009F	Ameristar	
0000A0	SANYO Electric	
0000A1	Marquette Electric Co	
0000A2	Bay	
0000A3	Network Application	
0000A4	Acorn Computers Limited	
0000A5	Tattile	
0000A6	Network General	
0000A7	Network Computing	
0000A8	Stratus	
0000A9	Network	
0000AA	Xerox	Printer
0000AB	Logic Modeling	
0000AC	Conware Computer	
0000AD	Bruker Instruments	
0000AE	Dassault Electronique	
0000AF	Canberra	
0000B0	Rnd-Rad Network Devices	
0000B1	Alpha Micro	
0000B2	Televideo	
0000B3	Cimlinc Incorporated	
0000B4	Edimax	
0000B5	Datability Software Sys	
0000B6	Micro-Matic Research	
0000B7	Dove Computer	
0000B8	Seikosha	
0000B9	Mcdonnell Douglas	
0000BA	Siig	
0000BB	Tri-Data	
0000BC	Rockwell Automation	Industrial
0000BD	RYOSEI	
0000BE	The Nti	
0000BF	Symmetric Computer	
0000C0	Western Digital	Storage
0000C1	Madge	
0000C2	Information Presentation	
0000C3	Harris	Modem
0000C4	Waters Div. Of Millipore	
0000C5	Commscope	
0000C6	Eon	
0000C7	Arix	
0000C8	Altos Computer	
0000C9	Emulex	
0000CA	Commscope	
0000CB	Compu-Shack Electronic	
0000CC	Densan	
0000CD	Allied Telesis	Switch
0000CE	Megadata	
0000CF	Hayes Microcomputer	
0000D0	Develcon	
0000D1	Adaptec Incorporated	
0000D2	Sbe	
0000D3	Wang Laboratories	
0000D4	Pure Data	
0000D5	Micrognosis	
0000D6	Punch Line	
0000D7	Dartmouth College	
0000D8	Novell	
0000D9	Nippon Telegraph &	
0000DA	Atex	
0000DB	British	
0000DC	Hayes Microcomputer	
0000DD	Tcl Incorporated	Phone
0000DE	Cetia	
0000DF	Bell & Howell Pub Sys	
0000E0	Quadram	
0000E1	Grid	
0000E2	Acer	Computer
0000E3	Integrated Micro	
0000E4	In2 Groupe	
0000E5	Sigmex	
0000E6	Aptor Produits De Comm	
0000E7	Star Gate	
0000E8	Accton	
0000E9	Isicad	
0000EA	Upnod Ab	
0000EB	Matsushita Comm. Ind	
0000EC	Microprocess	
0000ED	April	
0000EE	Network Designers	
0000EF	Kti	
0000F0	Samsung	Phone
0000F1	Magna Computer	
0000F2	Spider	
0000F3	Gandalf Data Limited	
0000F4	Allied Telesis	Switch
0000F5	Diamond Sales Limited	
0000F6	Applied Microsystems	
0000F7	Youth Keep Enterprise	
0000F8	Digital Equipment	
0000F9	Quotron	
0000FA	Microsage Computer	
0000FB	Rechner Zur	
0000FC	Meiko	
0000FD	High Level Hardware	
0000FE	Annapolis Micro	
0000FF	Camtec	
000100	Equip'Trans	
000101	Private	
000102	3Com	Switch
000103	3Com	Switch
000104	DVICO	
000105	Beckhoff Automation	Industrial
000106	Tews Datentechnik	
000107	Leiser	
000108	AVLAB	
000109	Nagano Japan Radio	
00010A	Cis	
00010B	Space CyberLink	
00010C	System Talks	
00010D	Teledyne DALSA	
00010E	Bri-Link	
00010F	Brocade	Switch
000110	Gotham	
000111	iDigm	
000112	Shark Multimedia	
000113	Olympus	
000114	Kanda Tsushin Kogyo	
000115	Extratech	
000116	Netspect	
000117	Canal +	
000118	EZ Digital	
000119	RTUnet (Australia)	
00011A	Hoffmann und Burmeister	
00011B	Unizone	
00011C	Universal Talkware	
00011D	Centillium	
00011E	Precidia	
00011F	RC	
000120	Oscilloquartz	
000121	WatchGuard	Router
000122	Trend	
000123	Schneider Electric Japan	Industrial
000124	Acer Incorporated	Computer
000125	Yaesu Musen	
000126	PAC	
000127	OPEN	
000128	EnjoyWeb	
000129	DFI	
00012A	Telematica Sistems	
00012B	TELENET	
00012C	Aravox	
00012D	Komodo	
00012E	PC Partner	
00012F	Twinhead	
000130	Extreme	Switch
000131	Bosch Security	Camera
000132	Dranetz - BMI	
000133	KYOWA Electronic	
000134	Selectron	
000135	KDC	
000136	CyberTAN	
000137	IT Farm	
000138	XAVi	
000139	Point Multimedia	
00013A	Shelcad	
00013B	Bna	
00013C	Tiw	
00013D	RiscStation	
00013E	Ascom Tateco AB	
00013F	Neighbor World	
000140	Sendtek	
000141	Cable Print	
000142	Cisco	Router
000143	Cisco	Router
000144	Dell EMC	Computer
000145	Winsystems	
000146	Tesco Controls	
000147	Zhone	
000148	X-traWeb	
000149	Tdt	
00014A	Sony	
00014B	Ennovate	
00014C	Berkeley Process Control	
00014D	Shin Kin Enterprises	
00014E	WIN Enterprises	
00014F	Adtran	
000150	Gilat	
000151	Ensemble	
000152	Chromatek	
000153	Archtek Telecom	
000154	G3M	
000155	Promise	
000156	Firewiredirect.Com	
000157	Syswave	
000158	Electro Industries/Gauge	
000159	S1	
00015A	Digital Video	
00015B	ITALTEL S.p.A/RF-UP-I	
00015C	Cadant	
00015D	Oracle	
00015E	Best	
00015F	DIGITAL DESIGN	
000160	ELMEX	
000161	Meta Machine	
000162	Cygnet	
000163	Cisco	Router
000164	Cisco	Router
000165	AirSwitch	Switch
000166	Tc Group A/S	
000167	Hioki E.E	
000168	Vitana	
000169	Celestix	
00016A	Alitec	
00016B	LightChip	
00016C	Foxconn	
00016D	CarrierComm	Thermostat
00016E	Conklin	
00016F	Inkel	
000170	ESE Embedded System	
000171	Allied Data	
000172	TechnoLand	
000173	Amcc	
000174	CyberOptics	
000175	Radiant	
000176	Orient Silver	
000177	Edsl	
000178	MARGI	
000179	Wireless	
00017A	Chengdu Maipu Electric	
00017B	Heidelberger	
00017C	AG-E	
00017D	ThermoQuest	
00017E	ADTEK System Science	
00017F	Experience Music Project	
000180	AOpen	
000181	Nortel	
000182	Dica	
000183	Anite Telecoms	
000184	Sieb & Meyer	
000185	Hitachi Aloka Medical	Medical
000186	Uwe Disch	
000187	I2SE	
000188	LXCO	
000189	Refraction	
00018A	Roi Computer	
00018B	NetLinks	
00018C	Mega Vision	
00018D	AudeSi	
00018E	Logitec	
00018F	Kenetec	
000190	Smk-M	
000191	SYRED Data	
000192	Texas Digital	
000193	Hanbyul Telecom	
000194	Capital Equipment	
000195	Sena	
000196	Cisco	Router
000197	Cisco	Router
000198	Darim Vision	
000199	HeiSei	
00019A	LEUNIG	
00019B	Kyoto Microcomputer	
00019C	Lumentum	
00019D	E-Control	
00019E	ESS	
00019F	ReadyNet	
0001A0	Infinilink	
0001A1	Mag-Tek	
0001A2	Logical	
0001A3	Genesys Logic	VoIP
0001A4	Microlink	
0001A5	Nextcomm	
0001A6	Scientific-Atlanta	
0001A7	Unex	
0001A8	Welltech Computer	
0001A9	Bmw	Automotive
0001AA	Airspan	
0001AB	Main Street	
0001AC	Sitara	
0001AD	Coach Master	
0001AE	Trex Enterprises	
0001AF	Artesyn Embedded	
0001B0	Fulltek	
0001B1	General Bandwidth	
0001B2	Digital Processing	
0001B3	Precision Electronic	Smart Home
0001B4	Wayport	
0001B5	Turin	
0001B6	SAEJIN T&M	
0001B7	Centos	
0001B8	Netsensity	
0001B9	SKF (U.K.) Limited	
0001BA	IC-Net	
0001BB	Frequentis	
0001BC	Brains	
0001BD	Peterson	
0001BE	Gigalink	
0001BF	Teleforce	
0001C0	CompuLab	
0001C1	Vitesse Semiconductor	
0001C2	ARK Research	
0001C3	Acromag	
0001C4	NeoWave	
0001C5	Simpler	
0001C6	Quarry	
0001C7	Cisco	Router
0001C8	Thomas Conrad	
0001C9	Cisco	Router
0001CA	Geocast	
0001CB	Evr	
0001CC	Brand Maker Enabler	
0001CD	ARtem	
0001CE	Custom Micro Products	
0001CF	Alpha Data Parallel	
0001D0	VitalPoint	
0001D1	CoNet	
0001D2	inXtron	
0001D3	PAXCOMM	
0001D4	Leisure Time	
0001D5	Haedong Info &	
0001D6	manroland	
0001D7	F5	
0001D8	Teltronics	
0001D9	Sigma	
0001DA	WINCOMM	
0001DB	Freecom	
0001DC	Activetelco	
0001DD	Avail	
0001DE	Trango	
0001DF	ISDN	
0001E0	Fast	
0001E1	Kinpo	
0001E2	Ando Electric	
0001E3	Siemens	Industrial
0001E4	Sitera	
0001E5	Supernet	
0001E6	Hewlett Packard	Computer
0001E7	Hewlett Packard	Computer
0001E8	Force10	
0001E9	Litton Marine	
0001EA	Cirilium	
0001EB	C-COM	
0001EC	Ericsson	
0001ED	SETA	
0001EE	Comtrol Europe	
0001EF	Camtel	
0001F0	Tridium	
0001F1	Innovative Concepts	
0001F2	Mark of the Unicorn	
0001F3	QPS	
0001F4	Enterasys	Switch
0001F5	Erim	
0001F6	Association of Musical	
0001F7	Image Display	
0001F8	Texio	
0001F9	TeraGlobal	
0001FA	Horoscas	
0001FB	DoTop	
0001FC	Keyence	
0001FD	Digital Voice	
0001FE	Digital Equipment	
0001FF	Data Direct	
000200	Net & Sys	
000201	IFM Electronic	
000202	Amino	
000203	Woonsang Telecom	
000204	Bodmann Industries	
000205	Hitachi Denshi	
000206	Telital R&D Denmark A/S	
000207	VisionGlobal	
000208	Unify	
000209	Shenzhen SED Information	
00020A	Gefran Spa	
00020B	Native	
00020C	Metro-Optix	
00020D	Micronpc.com	
00020E	ECI Telecom	
00020F	Aatr	
000210	Fenecom	
000211	Nature Worldwide	
000212	SierraCom	
000213	S.D.E.L	
000214	Dtvro	
000215	Cotas Computer	
000216	Cisco	Router
000217	Cisco	Router
000218	Advanced Scientific	
000219	Paralon	
00021A	Zuma	
00021B	Kollmorgen-Servotronix	
00021C	Network Elements	
00021D	Data General	
00021E	Simtel S.R.L	
00021F	Aculab PLC	
000220	Canon Finetech	Camera
000221	DSP Application	
000222	Chromisys	
000223	ClickTV	
000224	C-Cor	
000225	One Stop	Smart Home
000226	XESystems	
000227	ESD Electronic System	
000228	Necsom	
000229	Adtec	
00022A	Asound Electronic	
00022B	SAXA	
00022C	ABB Bomem	Industrial
00022D	Agere	
00022E	TEAC Corp. R& D	
00022F	P-Cube	
000230	Intersoft	
000231	Ingersoll-Rand	
000232	Avision	
000233	Mantra	
000234	Imperial	
000235	Paragon	
000236	INIT	
000237	Cosmo Research	
000238	Serome	
000239	Visicom	
00023A	ZSK Stickmaschinen	
00023B	Ericsson	
00023C	Creative	
00023D	Cisco	Router
00023E	Selta Telematica S.p.a	
00023F	Compal	
000240	Seedek	
000241	Amer.com	
000242	Videoframe	
000243	Raysis	
000244	SURECOM Technology Co	
000245	Lampus	
000246	All-Win	
000247	Great Dragon	
000248	Pilz GmbH & Co	
000249	Aviv Infocom	
00024A	Cisco	Router
00024B	Cisco	Router
00024C	SiByte	
00024D	Mannesman Dematic Colby	
00024E	Datacard	
00024F	IPM Datacom S.R.L	
000250	Geyser	
000251	Soma	
000252	Carrier	Thermostat
000253	Televideo	
000254	WorldGate	
000255	IBM	
000256	Alpha Processor	
000257	Microcom	
000258	Flying Packets	
000259	Tsann Kuen China	
00025A	Catena	
00025B	Cambridge Silicon Radio	
00025C	SCI Systems (Kunshan)	
00025D	Calix	
00025E	High	
00025F	Nortel	
000260	Accordion	
000261	Tilgin AB	
000262	Soyo Group Soyo Com	
000263	RPS S.p.A	
000264	AudioRamp.com	Automotive
000265	Virditech	
000266	Thermalogic	
000267	Node Runner	
000268	Harris Government	Modem
000269	Nadatel	
00026A	Cocess Telecom	
00026B	BCM Computers	
00026C	Philips CFT	
00026D	Adept Telecom	
00026E	NeGeN Access	
00026F	Senao	
000270	Crewave	
000271	Zhone	
000272	CC&C	
000273	Coriolis	
000274	Tommy	
000275	SMART	
000276	Primax	
000277	Cash Systemes Industrie	
000278	Samsung Electro	Phone
000279	Control Applications	
00027A	IOI	
00027B	Amplify Net	
00027C	Trilithic	
00027D	Cisco	Router
00027E	Cisco	Router
00027F	ask-technologies.com	
000280	Mu Net	
000281	Madge	
000282	ViaClix	
000283	Spectrum Controls	
000284	UK Grid Solutions	
000285	Riverstone	
000286	Occam	
000287	Adapcom	
000288	Global Village	
000289	DNE	
00028A	Ambit Microsystems	
00028B	VDSL Systems OY	
00028C	Micrel-Synergy	
00028D	Movita	
00028E	Rapid 5	
00028F	Globetek	
000290	Woorigisool	
000291	Open	
000292	Logic Innovations	
000293	Solid Data	
000294	Tokyo Sokushin	
000295	Mavenir Ipa Uk	
000296	Lectron Co	
000297	C-COR.net	
000298	Broadframe	
000299	Apex	
00029A	Storage Apps	
00029B	Kreatel Communications	
00029C	3Com	Switch
00029D	Merix	
00029E	Information Equipment	
00029F	L-3 Communication	Switch
0002A0	Flatstack	
0002A1	World Wide Packets	
0002A2	Hilscher	
0002A3	Hitachi Energy	
0002A4	AddPac	
0002A5	Hewlett Packard	Computer
0002A6	Effinet	
0002A7	Vivace	
0002A8	Air Link	
0002A9	RACOM, s.r.o	
0002AA	PLcom	
0002AB	CTC Union	
0002AC	3PAR data	
0002AD	HOYA	
0002AE	Scannex	
0002AF	TeleCruz	Phone
0002B0	Hokubu Communication &	
0002B1	Anritsu	
0002B2	Cablevision	
0002B3	Intel	Computer
0002B4	Daphne	
0002B5	Avnet	
0002B6	Acrosser	
0002B7	Watanabe Electric	
0002B8	Whi Konsult Ab	
0002B9	Cisco	Router
0002BA	Cisco	Router
0002BB	Continuous Computing	
0002BC	LVL 7	
0002BD	Bionet	
0002BE	Totsu Engineering	Smart Home
0002BF	dotRocket	
0002C0	Bencent Tzeng Industry	
0002C1	Innovative Electronic	
0002C2	Net Vision Telecom	
0002C3	Arelnet	
0002C4	OPT Machine Vision	
0002C5	Evertz Microsystems	
0002C6	Data Track Technology	
0002C7	Alpsalpine Co,.Ltd	
0002C8	Technocom	
0002C9	Mellanox	Switch
0002CA	EndPoints	
0002CB	TriState	
0002CC	M.C.C.I	
0002CD	TeleDream	
0002CE	FoxJet	
0002CF	ZyGate	
0002D0	Comdial	
0002D1	Vivotek	Phone
0002D2	Workstation	
0002D3	NetBotz	
0002D4	PDA Peripherals	
0002D5	Acr	
0002D6	NICE	
0002D7	EMPEG	
0002D8	BRECIS	Router
0002D9	Reliable Controls	
0002DA	ExiO	
0002DB	Netsec	
0002DC	GENERAL	
0002DD	Bromax	
0002DE	Astrodesign	
0002DF	Net Com	
0002E0	ETAS	
0002E1	Integrated	
0002E2	NDC Infared Engineering	Smart Home
0002E3	LITE-ON	
0002E4	JC HYUN	
0002E5	Timeware	
0002E6	Gould Instrument	
0002E7	CAB GmbH & Co	
0002E8	E.D.&A	
0002E9	CS Systemes De Securite	
0002EA	Focus Enhancements	
0002EB	Pico	
0002EC	Maschoff Design	Smart Home
0002ED	DXO Telecom	
0002EE	Nokia Danmark A/S	
0002EF	CCC	
0002F0	AME Optimedia	
0002F1	Pinetron	
0002F2	eDevice	
0002F3	Media Serve	
0002F4	PCTEL	
0002F5	VIVE Synergies	
0002F6	Equipe	
0002F7	Arm	
0002F8	SEAKR Engineering	Smart Home
0002F9	MIMOS Berhad	
0002FA	DX Antenna	
0002FB	Baumuller	
0002FC	Cisco	Router
0002FD	Cisco	Router
0002FE	Viditec	
0002FF	Handan BroadInfoCom	
000300	Barracuda	Router
000301	Exfo	
000302	Charles	
000303	JAMA	
000304	Pacific Broadband	
000305	MSC Vertriebs	
000306	Fusion In	
000307	Secure Works	
000308	AM	
000309	Texcel Technology PLC	
00030A	Argus	
00030B	Hunter	
00030C	Telesoft	
00030D	Uniwill Computer	
00030E	Core	
00030F	Digital China (Shanghai)	
000310	E-Globaledge	
000311	Micro	
000312	TRsystems	
000313	Access Media SPA	
000314	Teleware	
000315	Cidco Incorporated	
000316	Nobell	
000317	Merlin	
000318	Cyras	
000319	Infineon	
00031A	Beijing Broad Telecom	
00031B	Cellvision	
00031C	Svenska	
00031D	Taiwan Commate Computer	
00031E	Optranet	Thermostat
00031F	Condev	
000320	Xpeed	
000321	Reco Research	
000322	IDIS	
000323	Cornet	
000324	LIMNO	
000325	Arima Computer	
000326	Iwasaki Information	
000327	HMS Industrial	Computer
000328	Mace	
000329	F3	
00032A	UniData Communication	
00032B	GAI Datenfunksysteme	
00032C	ABB Switzerland	Industrial
00032D	IBASE	
00032E	Scope Information	
00032F	Global Sun	
000330	Imagenics	
000331	Cisco	Router
000332	Cisco	Router
000333	Digitel	
000334	Omega Engineering	Smart Home
000335	Mirae	
000336	Zetes	
000337	Vaone	
000338	Oak	
000339	Eurologic	
00033A	Silicon Wave	
00033B	TAMI	
00033C	Daiden	
00033D	ILSHin	
00033E	Tateyama System	
00033F	BigBand	
000340	Floware Wireless	
000341	EVS Broadcast Equipment	
000342	Nortel	
000343	Martin Professional A/S	
000344	Tietech.Co	
000345	Routrek	
000346	KOKUSAI DENKI Electric	
000347	Intel	Computer
000348	Norscan Instruments	
000349	Vidicode	
00034A	RIAS	
00034B	Nortel	
00034C	Shanghai DigiVision	
00034D	Chiaro	
00034E	Pos Data	
00034F	Sur-Gard Security	
000350	Bticino Spa	
000351	Diebold Nixdorf	
000352	Colubris	
000353	Mitac	
000354	Fiber Logic	
000355	TeraBeam Internet	
000356	Diebold Nixdorf	
000357	Intervoice-Brite	
000358	Hanyang Digitech	
000359	DigitalSis	
00035A	Photron Limited	
00035B	BridgeWave	
00035C	Saint Song	
00035D	Bosung Hi-Net	
00035E	Metropolitan Area	
00035F	Prüftechnik Condition	Smart Home
000360	PAC Interactive	
000361	Widcomm	
000362	Vodtel	
000363	Miraesys	
000364	Scenix Semiconductor	
000365	Kira Information &	
000366	ASM Pacific	
000367	Jasmine	
000368	Embedone	
000369	Nippon Antenna	
00036A	Mainnet	
00036B	Cisco	Router
00036C	Cisco	Router
00036D	Runtop	
00036E	Nicon Systems (Pty)	
00036F	Telsey SPA	
000370	NXTV	
000371	Acomz	
000372	Ulan	
000373	Aselsan A.S	
000374	Schneider Electric	Industrial
000375	NetMedia	
000376	Graphtec	
000377	Gigabit Wireless	
000378	HUMAX	
000379	Proscend	
00037A	Taiyo Yuden	
00037B	IDEC IZUMI	
00037C	Coax Media	
00037D	Stellcom	
00037E	PORTech	
00037F	Atheros	
000380	SSH Communications	
000381	Ingenico	
000382	A-One	
000383	Metera	
000384	Aeta	
000385	Actelis	
000386	Ho Net	
000387	Blaze Network Products	
000388	Fastfame	
000389	Plantronics	
00038A	America Online	
00038B	PLUS-ONE I&T	
00038C	Total Impact	
00038D	PCS Revenue Control	
00038E	Atoga	
00038F	Weinschel	
000390	Digital Video	
000391	Advanced Digital	
000392	Hyundai Teletek	
000393	Apple	Phone
000394	Connect One	
000395	California Amplifier	
000396	EZ Cast	
000397	FireBrick Limited	
000398	Wisi	
000399	Dongju Informations &	
00039A	SiConnect	
00039B	NetChip	
00039C	OptiMight	
00039D	Qisda	
00039E	Tera System	
00039F	Cisco	Router
0003A0	Cisco	Router
0003A1	HIPER Information &	
0003A2	Catapult	
0003A3	MAVIX	
0003A4	Imation	
0003A5	Medea	
0003A6	Traxit	
0003A7	Unixtar	
0003A8	IDOT Computers	
0003A9	AXCENT Media	
0003AA	Watlow	
0003AB	Bridge Information	
0003AC	Fronius	
0003AD	Emerson Energy Systems	
0003AE	Allied Advanced	Smart Home
0003AF	Paragea	
0003B0	Xsense	
0003B1	ICU Medical	Medical
0003B2	Radware	
0003B3	IA Link	
0003B4	Macrotek	
0003B5	Entra Technology Co	
0003B6	QSI	
0003B7	ZACCESS	
0003B8	NetKit Solutions	
0003B9	Hualong Telecom	
0003BA	Oracle	
0003BB	Signal Communications	
0003BC	COT	
0003BD	OmniCluster	
0003BE	Netility	
0003BF	Centerpoint Broadband	
0003C0	RFTNC	
0003C1	Packet Dynamics	
0003C2	Solphone K.K	
0003C3	Micronik Multimedia	
0003C4	Tomra Systems ASA	
0003C5	Mobotix	
0003C6	ICUE	
0003C7	hopf Elektronik	
0003C8	CML Emergency Services	
0003C9	TECOM	
0003CA	Temposonics	
0003CB	SystemGear	
0003CC	Momentum Computer	
0003CD	Clovertech	
0003CE	ETEN	
0003CF	Muxcom	
0003D0	KOANKEISO	
0003D1	Takaya	
0003D2	Crossbeam	
0003D3	Internet Energy	
0003D4	Alloptic	
0003D5	Advanced	
0003D6	RADVision	
0003D7	NextNet Wireless	
0003D8	iMPath	
0003D9	Secheron	
0003DA	Takamisawa Cybernetics	
0003DB	Apogee	
0003DC	Lexar Media	
0003DD	Comark Interactive	
0003DE	OTC Wireless	
0003DF	Desana	
0003E0	Commscope	
0003E1	Winmate Communication	
0003E2	Comspace	
0003E3	Cisco	Router
0003E4	Cisco	Router
0003E5	Hermstedt SG	
0003E6	Entone	
0003E7	Logostek	
0003E8	Wavesight Limited	
0003E9	Akara Canada	
0003EA	Mega System	
0003EB	Atrica	
0003EC	ICG Research	
0003ED	Shinkawa Electric	
0003EE	MKNet	
0003EF	Oneline	
0003F0	Redfern Broadband	
0003F1	Cicada Semiconductor	
0003F2	Seneca	
0003F3	Dazzle Multimedia	
0003F4	NetBurner	
0003F5	Chip2Chip	
0003F6	Allegro	
0003F7	Plast-Control	
0003F8	SanCastle	
0003F9	Pleiades	
0003FA	TiMetra	Thermostat
0003FB	ENEGATE	
0003FC	Intertex Data AB	
0003FD	Cisco	Router
0003FE	Cisco	Router
0003FF	Microsoft	Computer
000400	Lexmark	Printer
000401	Osaki Electric	
000402	Nexsan	
000403	Nexsi	
000404	Makino Milling Machine	
000405	ACN	
000406	Fa. Metabox	
000407	Topcon Positioning	
000408	Sanko	
000409	Cratos	
00040A	Sage	
00040B	3Com Europe	Switch
00040C	Kanno Works	
00040D	Avaya	VoIP
00040E	AVM	
00040F	Asus	Computer
000410	Spinnaker	
000411	Inkra	
000412	WaveSmith	
000413	snom	VoIP
000414	Umezawa Musen Denki	
000415	Rasteme	
000416	Parks S/A Comunicacoes	
000417	Schneider Electric	Industrial
000418	Teltronic S.A.U	
000419	Fibercycle	
00041A	Ines Test and	Smart Home
00041B	Bridgeworks	
00041C	ipDialog	
00041D	Corega of America	
00041E	Shikoku Instrumentation	
00041F	Sony Interactive	Gaming
000420	Slim Devices	
000421	Ocular	
000422	Studio	
000423	Intel	Computer
000424	TMC s.r.l	
000425	Atmel	
000426	Autosys	
000427	Cisco	Router
000428	Cisco	Router
000429	Pixord	
00042A	Wireless	
00042B	IT Access	
00042C	Minet	
00042D	Sarian	
00042E	Netous	
00042F	International	
000430	Netgem	
000431	GlobalStreams	
000432	Voyetra Turtle Beach	
000433	Cyberboard A/S	
000434	Accelent	
000435	InfiNet	
000436	ELANsat	
000437	Powin Information	
000438	Nortel	
000439	Rosco Entertainment	
00043A	Intelligent	
00043B	Lava Computer Mfg	
00043C	SONOS	Smart Home
00043D	Indel	
00043E	Telencomm	
00043F	ESTeem Wireless Modems	Modem
000440	cyberPIXIE	
000441	Half Dome	
000442	Nact	
000443	Agilent	
000444	Western Multiplex	Media Player
000445	LMS Skalar Instruments	
000446	CYZENTECH	
000447	Acrowave	
000448	Polaroid	Wearable
000449	Mapletree	
00044A	iPolicy	
00044B	Nvidia	Computer
00044C	Jenoptik	
00044D	Cisco	Router
00044E	Cisco	Router
00044F	Schubert System	
000450	DMD Computers	
000451	Medrad	
000452	RocketLogix	
000453	YottaYotta	
000454	Quadriga UK	
000455	ANTARA.net	
000456	Cambium Networks Limited	Access Point
000457	Universal Access	
000458	Fusion X	
000459	Veristar	
00045A	The Linksys	Router
00045B	Techsan	
00045C	Mobiwave	
00045D	BEKA Elektronik	
00045E	PolyTrax Information	
00045F	Avalue	
000460	Knilink	
000461	EPOX Computer	
000462	DAKOS Data &	
000463	Bosch Security	Camera
000464	Pulse-Link	
000465	i.s.t isdn-support	
000466	ARMITEL Co	VoIP
000467	Wuhan Research	
000468	Vivity	
000469	Innocom	
00046A	Navini	
00046B	Palm Wireless	
00046C	Cyber	
00046D	Cisco	Router
00046E	Cisco	Router
00046F	Digitel S/A Industria	
000470	ipUnplugged AB	
000471	IPrad	
000472	Telelynx	
000473	Photonex	
000474	Legrand	
000475	3Com	Switch
000476	3Com	Switch
000477	Scalant	
000478	G. Star	
000479	Radius	
00047A	Axxessit Asa	
00047B	Schlumberger	
00047C	Skidata	
00047D	Motorola Solutions	Phone
00047E	TKH Security	
00047F	Chr. Mayr GmbH & Co	
000480	Brocade	Switch
000481	Econolite Control	
000482	Medialogic	
000483	Deltron	
000484	Amann	
000485	PicoLight	
000486	ITTC, University of	
000487	Cogency Semiconductor	
000488	Eurotherm Controls	
000489	YAFO	
00048A	Temia Vertriebs	
00048B	Poscon	
00048C	Nayna	
00048D	Teo	
00048E	Ohm	
00048F	TD	
000490	Optical Access	
000491	Technovision	
000492	Hive Internet	
000493	Tsinghua Unisplendour	
000494	Breezecom	
000495	Tejas Networks India	
000496	Extreme	Switch
000497	MacroSystem Digital	
000498	Mahi	
000499	Chino	
00049A	Cisco	Router
00049B	Cisco	Router
00049C	Surgient	
00049D	Ipanema	
00049E	Wirelink	
00049F	Freescale Semiconductor	
0004A0	Verity Instruments	
0004A1	Pathway Connectivity	
0004A2	L.S.I. Japan	
0004A3	Microchip	IoT
0004A4	NetEnabled	
0004A5	Barco NV	
0004A6	SAF Tehnika	
0004A7	FabiaTech	
0004A8	Broadmax	
0004A9	SandStream	
0004AA	Jetstream	
0004AB	Mavenir	
0004AC	IBM	
0004AD	Malibu	
0004AE	Sullair	
0004AF	Digital Fountain	
0004B0	ELESIGN	
0004B1	Signal	
0004B2	Essegi	
0004B3	Videotek	
0004B4	Ciac	
0004B5	Equitrac	
0004B6	Stratex	
0004B7	AMB i.t	
0004B8	Kumahira	
0004B9	S.I. Soubou	
0004BA	KDD Media Will	
0004BB	Bardac	
0004BC	Giantec	
0004BD	Commscope	
0004BE	OptXCon	
0004BF	VersaLogic	
0004C0	Cisco	Router
0004C1	Cisco	Router
0004C2	Magnipix	
0004C3	CASTOR Informatique	
0004C4	Audiotonix Group Limited	Automotive
0004C5	ASE Technologies, USA	
0004C6	Yamaha Motor	
0004C7	NetMount	
0004C8	LIBA Maschinenfabrik	
0004C9	Micro Electron	
0004CA	FreeMs	
0004CB	Tdsoft Communication	
0004CC	Peek Traffic	
0004CD	Extenway Solutions	
0004CE	Patria Ailon	
0004CF	Seagate	Storage
0004D0	Softlink s.r.o	
0004D1	Drew	
0004D2	Adcon Telemetry	
0004D3	Toyokeiki	
0004D4	Proview	
0004D5	Hitachi Information &	Smart Home
0004D6	Takagi Industrial	
0004D7	Omitec Instrumentation	
0004D8	IPWireless	
0004D9	Titan	
0004DA	Relax	
0004DB	Tellus	
0004DC	Nortel	
0004DD	Cisco	Router
0004DE	Cisco	Router
0004DF	Teracom Telematica	
0004E0	Procket	
0004E1	Infinior Microsystems	
0004E2	SMC	
0004E3	Accton	
0004E4	Daeryung Ind	
0004E5	Glonet	
0004E6	Banyan Network Private	
0004E7	Lightpointe	
0004E8	IER	
0004E9	Infiniswitch	Switch
0004EA	Hewlett Packard	Computer
0004EB	Paxonet	
0004EC	Memobox	
0004ED	Billion Electric	
0004EE	Lincoln Electric	
0004EF	Polestar	
0004F0	International Computers	
0004F1	WhereNet	
0004F2	Polycom	VoIP
0004F3	FS FORTH-SYSTEME	
0004F4	Infinite	
0004F5	SnowShore	
0004F6	Amphus	
0004F7	Omega Band	
0004F8	QUALICABLE TV Industria	TV
0004F9	Xtera	
0004FA	NBS	
0004FB	Commtech	
0004FC	Stratus	
0004FD	Japan Control	Smart Home
0004FE	Pelago	
0004FF	Acronet	
000500	Cisco	Router
000501	Cisco	Router
000502	Apple	Phone
000503	Iconag	
000504	Naray Information &	
000505	Systems Integration	Computer
000506	Reddo Networks AB	
000507	Fine Appliance	
000508	Inetcam	
000509	AVOC Nishimura	
00050A	ICS Spa	
00050B	SICOM	
00050C	Network Photonics	
00050D	Midstream	
00050E	3ware	
00050F	Tanaka S/S	
000510	Infinite Shanghai	
000511	Complementary	
000512	Zebra	Printer
000513	VTLinx Multimedia	
000514	KDT	
000515	Nuark	
000516	SMART Modular	
000517	Shellcomm	
000518	Jupiters	
000519	Siemens Building	Industrial
00051A	3Com Europe	Switch
00051B	Magic Control	
00051C	Xnet	
00051D	Airocon	
00051E	Brocade	Switch
00051F	Taijin Media	
000520	Smartronix	
000521	Schneider Electric	Industrial
000522	LEA*D	
000523	AVL List	
000524	BTL System (HK) Limited	
000525	Puretek Industrial	
000526	IPAS	
000527	SJ Tek	
000528	New Focus	
000529	Shanghai Broadan	
00052A	Ikegami Tsushinki	
00052B	HORIBA	
00052C	Supreme Magic	
00052D	Zoltrix International	
00052E	Cinta	
00052F	Leviton Network	
000530	Andiamo	
000531	Cisco	Router
000532	Cisco	Router
000533	Brocade	Switch
000534	Northstar Engineering	Smart Home
000535	Chip PC	
000536	Danam	
000537	Nets	
000538	Merilus	
000539	A Brand New World in	
00053A	Willowglen Services	
00053B	Harbour Networks Ltd.,	
00053C	Xircom	
00053D	Agere	
00053E	KID Systeme	
00053F	VisionTek	
000540	Tokyo Electron Device	
000541	Advanced	
000542	Otari	
000543	IQ Wireless	
000544	Valley	
000545	Internet Photonics	
000546	KDDI Network &	
000547	Starent	
000548	Disco	
000549	Salira Optical	
00054A	Ario Data	
00054B	Eaton Automation	
00054C	RF Innovations	
00054D	Brans	
00054E	Philips	
00054F	Garmin	Wearable
000550	Vcomms Connect Limited	
000551	F & S Elektronik Systeme	
000552	Xycotec Computer	
000553	DVC	
000554	Rangestar Wireless	
000555	Japan Cash Machine	
000556	360	
000557	Agile TV	TV
000558	Synchronous	
000559	Intracom	
00055A	Power Dsine	
00055B	Charles	
00055C	Kowa	
00055D	D-Link	Router
00055E	Cisco	Router
00055F	Cisco	Router
000560	Leader Comm.Co	
000561	nac Image	
000562	Digital View Limited	
000563	J-Works	
000564	Tsinghua Bitway	
000565	Tailyn Communication	
000566	Secui.com	
000567	Etymonic Design	
000568	Piltofish Networks AB	
000569	VMware	
00056A	Heuft Systemtechnik	
00056B	C.P	
00056C	Hung Chang	
00056D	Pacific	
00056E	National Enhance	
00056F	Innomedia Technologies	
000570	Baydel	
000571	Seiwa Electronics Co	
000572	Deonet	
000573	Cisco	Router
000574	Cisco	Router
000575	CDS-Electronics	
000576	NSM	
000577	SM Information &	
000578	Private	
000579	Universal Control	
00057A	Overture	
00057B	Chung Nam Electronic	
00057C	RCO Security AB	
00057D	Sun	
00057E	Eckelmann	
00057F	Acqis	
000580	FibroLAN	
000581	Snell	
000582	ClearCube	
000583	ImageCom Limited	
000584	AbsoluteValue	
000585	Juniper	Router
000586	Lucent	
000587	Locus, Incorporated	
000588	Sensoria	
000589	National Datacomputer	
00058A	Netcom	
00058B	IPmental	
00058C	Opentech	
00058D	Lynx Photonic	IoT
00058E	Flextronics	
00058F	CLCsoft co	
000590	Swissvoice	
000591	Active Silicon	
000592	Pultek	
000593	Grammar Engine	
000594	HMS Industrial	Computer
000595	Alesis	
000596	Genotech	
000597	Eagle Traffic Control	
000598	CRONOS S.r.l	
000599	DRS Test and Energy	
00059A	Cisco	Router
00059B	Cisco	Router
00059C	Kleinknecht GmbH, Ing.	
00059D	Daniel Computing	
00059E	Zinwell	
00059F	Yotta	
0005A0	MOBILINE Kft	
0005A1	Zenocom	
0005A2	CELOX	
0005A3	QEI	
0005A4	Lucid Voice	
0005A5	Kott	
0005A6	Extron	
0005A7	HYPERCHIP	
0005A8	Wyle	
0005A9	Princeton	
0005AA	Moore	
0005AB	Cyber Fone	
0005AC	Northern Digital	
0005AD	Topspin	
0005AE	Mediaport USA	
0005AF	InnoScan Computing A/S	
0005B0	Korea Computer	
0005B1	ASB	
0005B2	Medison	
0005B3	Asahi-Engineering	Smart Home
0005B4	Aceex	
0005B5	Broadcom	
0005B6	INSYS Microelectronics	
0005B7	Arbor	
0005B8	Electronic Design	
0005B9	Airvana	
0005BA	XK22 Enterprises	
0005BB	Myspace AB	
0005BC	Resource Data Management	
0005BD	Roax	
0005BE	Kongsberg Seatex AS	
0005BF	JustEzy	
0005C0	Digital Network Alacarte	
0005C1	A-Kyung Motion	
0005C2	Soronti	
0005C3	Pacific Instruments	
0005C4	Telect	
0005C5	Flaga HF	
0005C6	Triz	
0005C7	I/F-Com A/S	
0005C8	Verytech	
0005C9	LG Innotek	
0005CA	Hitron	
0005CB	ROIS	
0005CC	Sumtel	
0005CD	D&M	
0005CE	Prolink Microsystems	
0005CF	Thunder River	
0005D0	Solinet	
0005D1	Metavector	
0005D2	DAP	
0005D3	eProduction Solutions	
0005D4	FutureSmart	
0005D5	Speedcom Wireless	
0005D6	L-3 Linkabit	
0005D7	Vista Imaging	
0005D8	Arescom	
0005D9	Techno Valley	
0005DA	Apex Automationstechnik	
0005DB	PSI Software SE	
0005DC	Cisco	Router
0005DD	Cisco	Router
0005DE	Gi Fone Korea	
0005DF	Electronic Innovation	
0005E0	Empirix	
0005E1	Trellis Photonics	
0005E2	Creativ	
0005E3	LightSand	
0005E4	Red Lion Controls	
0005E5	Renishaw PLC	
0005E6	Egenera	
0005E7	Netrake an AudioCodes	Automotive
0005E8	TurboWave	
0005E9	Unicess	
0005EA	Rednix	
0005EB	Blue Ridge	
0005EC	Mosaic	
0005ED	Technikum Joanneum	
0005EE	Vanderbilt	
0005EF	ADOIR Digital	
0005F0	Satec	
0005F1	Vrcom	
0005F2	Power R	
0005F3	Webyn	
0005F4	System Base	
0005F5	Geospace	
0005F6	Young Chang	
0005F7	Analog Devices	
0005F8	Real Time Access	
0005F9	TOA	
0005FA	IPOptical	
0005FB	ShareGate	
0005FC	Schenck Pegasus	Computer
0005FD	PacketLight	
0005FE	Traficon N.V	
0005FF	SNS Solutions	
000600	Toshiba Teli	
000601	Otanikeiki	
000602	Cirkitech Electronics Co	
000603	Baker Hughes	
000604	@Track	
000605	Inncom	
000606	RapidWAN	
000607	Omni Directional Control	
000608	At-Sky SAS	
000609	Crossport	
00060A	Blue2space	
00060B	Artesyn Embedded	
00060C	Melco	
00060D	Wave7 Optics	
00060E	IGYS	
00060F	Narad	
000610	Abeona	
000611	Zeus Wireless	
000612	Accusys	
000613	Kawasaki	
000614	Prism	
000615	Kimoto Electric	
000616	Tel Net	
000617	Redswitch	Switch
000618	DigiPower Manufacturing	Smart Home
000619	Connection	
00061A	Zetari	
00061B	Notebook Development	Computer
00061C	Hoshino Metal	
00061D	MIP Telecom	
00061E	Maxan	
00061F	Vision Components	
000620	Serial System	
000621	Hinox	
000622	Chung Fu Chen Yeh	
000623	MGE UPS Systems France	
000624	Gentner	
000625	The Linksys	Router
000626	MWE	
000627	Uniwide	
000628	Cisco	Router
000629	IBM	
00062A	Cisco	Router
00062B	Intraserver	
00062C	Bivio	
00062D	TouchStar Technologies,	
00062E	Aristos Logic	
00062F	Pivotech	
000630	Adtranz Sweden	
000631	Calix	
000632	Mesco Engineering	Smart Home
000633	Crossmatch	
000634	GTE Airfone	
000635	PacketAir	
000636	Jedai Broadband	
000637	Toptrend-Meta	
000638	Sungjin C&C	
000639	Newtec	
00063A	Dura Micro	
00063B	Arcturus	
00063C	Intrinsyc Software	
00063D	Microwave Data	
00063E	Opthos	
00063F	Everex	
000640	White Rock	
000641	Itcn	
000642	Genetel	
000643	SONO Computer	
000644	NextGen Business	
000645	Meisei Electric	
000646	ShenZhen XunBao	
000647	Etrali	
000648	Seedsware	
000649	3M Deutschland	
00064A	Honeywell Co., Ltd.	Industrial
00064B	Alexon	
00064C	Invicta	
00064D	Sencore	
00064E	Broad Net	
00064F	PRO-NETS	
000650	Tiburon	
000651	Aspen	
000652	Cisco	Router
000653	Cisco	Router
000654	Winpresa Building	
000655	Yipee	
000656	Tactel AB	
000657	Market Central	
000658	Helmut Fischer GmbH	
000659	EAL (Apeldoorn)	
00065A	Strix	
00065B	Dell	Computer
00065C	Malachite	
00065D	Heidelberg Web	
00065E	Photuris	
00065F	ECI Telecom	
000660	NADEX	
000661	NIA Home	
000662	MBM	
000663	Human	
000664	Fostex	
000665	Sunny Giken	
000666	Roving	
000667	Tripp Lite	
000668	Vicon	
000669	Datasound Laboratories	
00066A	InfiniCon	
00066B	Sysmex	
00066C	Robinson	
00066D	Compuprint S.P.A	
00066E	Delta	
00066F	Korea Data	
000670	Upponetti Oy	
000671	Softing	
000672	Netezza	
000673	TKH Security Solutions	
000674	Spectrum Control	
000675	Banderacom	
000676	Novra	
000677	Sick	
000678	D&M	
000679	Konami	
00067A	JMP	
00067B	Toplink C&C	
00067C	Cisco	Router
00067D	Takasago	
00067E	WinCom	
00067F	Digeo	
000680	Card Access	
000681	Goepel Electronic	
000682	Convedia	
000683	Bravara	
000684	Biacore AB	
000685	NetNearU	
000686	ZARDCOM	
000687	Omnitron	
000688	Telways Communication	
000689	yLez	Phone
00068A	NeuronNet Co. Ltd. R&D	
00068B	AirRunner	
00068C	3Com	Switch
00068D	SEPATON	
00068E	HID	
00068F	Telemonitor	
000690	Euracom Communication	
000691	PT Inovacao	
000692	Intruvert	
000693	Flexus Computer	
000694	Mobillian	
000695	Ensure	
000696	Advent	
000697	R & D Center	
000698	egnite	
000699	Vida Design Co	
00069A	e & Tel	
00069B	AVT Audio Video	Automotive
00069C	Transmode Systems AB	
00069D	Petards	
00069E	UNIQA	
00069F	Kuokoa	
0006A0	Mx Imaging	
0006A1	Celsian	
0006A2	Microtune	
0006A3	Bitran	
0006A4	INNOWELL	
0006A5	PINON	
0006A6	Artistic Licence	Smart Home
0006A7	Primarion	
0006A8	KC	
0006A9	Universal Instruments	
0006AA	VT Miltope	
0006AB	W-Link	
0006AC	Intersoft Co	
0006AD	KB	
0006AE	Himachal Futuristic	
0006AF	Xalted	
0006B0	Comtech EF Data	
0006B1	Sonicwall	Router
0006B2	Linxtek Co	
0006B3	Diagraph	
0006B4	Vorne	
0006B5	Source Photonics	
0006B6	Nir-Or Israel	
0006B7	TELEM	
0006B8	Bandspeed	
0006B9	A5TEK	
0006BA	Westwave	
0006BB	ATI	
0006BC	Macrolink	
0006BD	BNTECHNOLOGY	
0006BE	Baumer Optronic	
0006BF	Accella	
0006C0	United Internetworks	
0006C1	Cisco	Router
0006C2	Smartmatic	
0006C3	Schindler Elevator	
0006C4	Piolink	
0006C5	INNOVI Technologies	
0006C6	lesswire	
0006C7	RFNET Technologies Pte	
0006C8	Sumitomo Metal Micro	
0006C9	Technical Marketing	
0006CA	American Computer &	
0006CB	Jotron Electronics A/S	
0006CC	JMI	Appliance
0006CD	Leaf Imaging	
0006CE	Dateno	
0006CF	Thales Avionics	
0006D0	Elgar	
0006D1	Tahoe	
0006D2	Tundra Semiconductor	
0006D3	Alpha Telecom, Inc.	
0006D4	Interactive Objects	
0006D5	Diamond	
0006D6	Cisco	Router
0006D7	Cisco	Router
0006D8	Maple Optical	
0006D9	IPM-Net S.p.A	
0006DA	ITRAN	
0006DB	ICHIPS	
0006DC	Syabas Technology	
0006DD	AT & T Laboratories -	
0006DE	Flash	
0006DF	AIDONIC	
0006E0	MAT	
0006E1	Techno Trade	
0006E2	Ceemax	
0006E3	Quantitative Imaging	
0006E4	Citel	
0006E5	Fujian Newland Computer	
0006E6	DongYang Telecom	
0006E7	Bit Blitz	
0006E8	Optical Network Testing	
0006E9	Intime	
0006EA	ELZET80 Mikrocomputer	
0006EB	Global Data	
0006EC	Harris	Modem
0006ED	Inara	
0006EE	Shenyang Neu-era	
0006EF	Maxxan	
0006F0	Digeo	
0006F1	Optillion	
0006F2	Platys	
0006F3	AcceLight	
0006F4	Prime Electronics &	
0006F5	Alpsalpine Co,.Ltd	
0006F6	Cisco	Router
0006F7	Alpsalpine Co,.Ltd	
0006F8	The Boeing	
0006F9	Mitsui Zosen Systems	
0006FA	IP SQUARE	
0006FB	Hitachi Printing	
0006FC	Fnet	
0006FD	Comjet Information	
0006FE	Ambrado	
0006FF	Sheba	
000700	Zettamedia Korea	
000701	Racal-Datacom	
000702	Varex Imaging	
000703	CSEE Transport	
000704	Alpsalpine Co,.Ltd	
000705	Endress & Hauser GmbH &	
000706	Sanritz	
000707	Interalia	
000708	Bitrage	
000709	Westerstrand Urfabrik AB	
00070A	Unicom Automation	
00070B	Novabase SGPS	
00070C	SVA-Intrusion.com	
00070D	Cisco	Router
00070E	Cisco	Router
00070F	Fujant	
000710	Adax	
000711	Acterna	
000712	JAL Information	
000713	IP One	
000714	Brightcom	
000715	General Research of	
000716	J & S Marine	
000717	Wieland Electric	
000718	iCanTek	
000719	Mobiis	
00071A	Finedigital	
00071B	CDVI Americas	
00071C	At&T	
00071D	Satelsa Sistemas Y	
00071E	Tri-M Engineering /	Smart Home
00071F	European Systems	
000720	Trutzschler GmbH & Co	
000721	Formac Elektronik	
000722	The Nielsen	
000723	ELCON Systemtechnik	
000724	Telemax	
000725	Bematech	
000726	Shenzhen Gongjin	
000727	Zi Corporation (HK)	
000728	Neo Telecom	
000729	Kistler Instrumente	
00072A	Innovance	
00072B	Jung Myung Telecom	
00072C	Fabricom	
00072D	CNSystems	
00072E	North Node AB	
00072F	Intransa	
000730	Hutchison OPTEL Telecom	
000731	Ophir-Spiricon	
000732	AAEON	
000733	DANCONTROL Engineering	Smart Home
000734	ONStor	
000735	Flarion	
000736	Data Video	
000737	Soriya	
000738	Young	
000739	Scotty Group Austria	
00073A	Inventel	
00073B	Tenovis GmbH & Co	
00073C	Telecom Design	
00073D	Nanjing Postel	
00073E	China Great-Wall	
00073F	Woojyun Systec	
000740	Buffalo.Inc	Storage
000741	Sierra Automated	
000742	Ormazabal	
000743	Chelsio	
000744	Unico	
000745	Radlan Computer	
000746	TURCK	
000747	Mecalc	
000748	The Imaging Source	
000749	CENiX	
00074A	Carl Valentin	
00074B	Daihen	
00074C	Beicom	
00074D	Zebra	Printer
00074E	IPFRONT	
00074F	Cisco	Router
000750	Cisco	Router
000751	m-u-t	
000752	Rhythm Watch	
000753	Beijing Qxcomm	
000754	Xyterra Computing	
000755	Lafon	
000756	Juyoung Telecom	
000757	Topcall	
000758	DragonWave	
000759	Boris Manufacturing	Smart Home
00075A	Air Products and	
00075B	Gibson Guitars	
00075C	Eastman Kodak	
00075D	Celleritas	
00075E	Ametek Power Instruments	
00075F	VCS Video Communication	
000760	TOMIS Information &	
000761	29530	
000762	Group Sense Limited	
000763	Sunniwell Cyber	
000764	YoungWoo Telecom	
000765	Jade Quantum	
000766	Chou Chin Industrial	
000767	Yuxing Electronics	
000768	Danfoss A/S	
000769	Italiana Macchi SpA	
00076A	NEXTEYE	
00076B	Stralfors AB	
00076C	Daehanet	
00076D	Flexlight	
00076E	Sinetica Corporation	
00076F	Synoptics Limited	
000770	Ubiquoss	
000771	Embedded System	
000772	Alcatel-Lucent Shanghai	VoIP
000773	Ascom Powerline	
000774	GuangZhou Thinker	
000775	Valence Semiconductor	
000776	Federal APD	
000777	Motah	
000778	GERSTEL GmbH & Co	
000779	Sungil Telecom	
00077A	Infoware System	
00077B	Millimetrix Broadband	
00077C	Westermo Network	
00077D	Cisco	Router
00077E	Elrest	
00077F	J	
000780	Bluegiga Technologies OY	
000781	Itron	
000782	Oracle	
000783	SynCom	
000784	Cisco	Router
000785	Cisco	Router
000786	Wireless	
000787	Idea System	
000788	Clipcomm	
000789	Allradio	
00078A	Mentor Data System	
00078B	Wegener	
00078C	Elektronikspecialisten	
00078D	NetEngines	
00078E	Garz & Fricke	
00078F	Emkay Innovative	
000790	Tri-M Technologies (s)	
000791	International Data	
000792	Sütron Electronic	
000793	Shin Satellite Public	
000794	Simple Devices	
000795	Elitegroup Computer	
000796	LSI	
000797	Netpower	
000798	Selea	
000799	Tipping Point	
00079A	Verint	
00079B	Aurora	
00079C	Golden	
00079D	Musashi	
00079E	Ilinx	
00079F	Action Digital	
0007A0	e-Watch	
0007A1	VIASYS Healthcare	
0007A2	Opteon	
0007A3	Ositis Software	
0007A4	GN Netcom	
0007A5	Y.D.K	
0007A6	Leviton Manufacturing Co	Smart Home
0007A7	Glory Technical	
0007A8	Haier	Appliance
0007A9	Novasonics	
0007AA	Quantum Data	
0007AB	Samsung	Phone
0007AC	Eolring	Smart Home
0007AD	Pentacon GmbH Foto-und	
0007AE	Britestream	
0007AF	Red Lion Controls, LP	
0007B0	Office Details	
0007B1	Equator	
0007B2	Transaccess	
0007B3	Cisco	Router
0007B4	Cisco	Router
0007B5	Any One Wireless	
0007B6	Telecom	
0007B7	Samurai Ind. Prods	
0007B8	Corvalent	
0007B9	Ginganet	
0007BA	UTStarcom	
0007BB	Candera	
0007BC	Identix	
0007BD	Radionet	
0007BE	DataLogic SpA	
0007BF	Armillaire	
0007C0	NetZerver	
0007C1	Overture	
0007C2	Netsys Telecom	
0007C3	Thomson	
0007C4	JEAN	
0007C5	Gcom	
0007C6	VDS Vosskuhler	
0007C7	Synectics Systems	
0007C8	Brain21	
0007C9	Technol Seven	
0007CA	Creatix Polymedia Ges	
0007CB	Freebox Sas	
0007CC	dormakaba Deutschland	
0007CD	Kumoh Electronic	
0007CE	Cabletime Limited	
0007CF	Anoto AB	
0007D0	Automat Engenharia de	
0007D1	Spectrum Signal	Computer
0007D2	Logopak Systeme GmbH &	
0007D3	SPGPrints	
0007D4	Zhejiang Yutong Network	
0007D5	3e Technologies Int;	
0007D6	Commil	
0007D7	Caporis	
0007D8	Hitron	
0007D9	Splicecom	
0007DA	Neuro Telecom	
0007DB	Kirana	
0007DC	Atek	
0007DD	Cradle	
0007DE	eCopilt AB	
0007DF	Vbrick	
0007E0	Palm	
0007E1	WIS	
0007E2	Bitworks	
0007E3	Navcom	
0007E4	SoftRadio	
0007E5	Coup	
0007E6	edgeflow Canada	
0007E7	FreeWave	
0007E8	EdgeWave	
0007E9	Intel	Computer
0007EA	Massana	
0007EB	Cisco	Router
0007EC	Cisco	Router
0007ED	Altera	
0007EE	telco	
0007EF	Lockheed Martin Tactical	
0007F0	LogiSync	
0007F1	TeraBurst	
0007F2	IOA	
0007F3	Thinkengine	
0007F4	Eletex	
0007F5	Bridgeco Co	
0007F6	Qqest Software	
0007F7	Galtronics	
0007F8	ITDevices	
0007F9	Sensaphone	
0007FA	ITT	
0007FB	Giga Stream UMTS	
0007FC	Adept	
0007FD	LANergy	
0007FE	Rigaku	
0007FF	Gluon	
000800	Multitech	
000801	HighSpeed Surfing	
000802	Hewlett Packard	Computer
000803	Cos Tron	
000804	ICA	
000805	Techno-Holon	
000806	Raonet	
000807	Access Devices Limited	
000808	PPT Vision	
000809	Systemonic	
00080A	Espera-Werke	
00080B	Birka BPA	
00080C	VDA Group S.p.a	
00080D	Toshiba	
00080E	Commscope	
00080F	Proximion Fiber Optics	
000810	Key	
000811	VOIX	
000812	GM-2	
000813	Diskbank	
000814	TIL	
000815	CATS	
000816	Bluelon ApS	
000817	EmergeCore	
000818	Pixelworks	
000819	Banksys	
00081A	Sanrad Intelligence	
00081B	Windigo	
00081C	@pos.com	
00081D	Ipsil, Incorporated	
00081E	Repeatit AB	
00081F	Pou Yuen	
000820	Cisco	Router
000821	Cisco	Router
000822	InPro	
000823	Texa	
000824	Nuance Document Imaging	
000825	Acme Packet	
000826	Colorado Med	
000827	ADB Broadband Italia	
000828	Koei Engineering	Smart Home
000829	Tokyo Electron Device	
00082A	Powerwallz Network	
00082B	Wooksung	
00082C	Homag	
00082D	Indus Teqsite Private	
00082E	Multitone Electronics	
00082F	Cisco	Router
000830	Cisco	Router
000831	Cisco	Router
000832	Cisco	Router
00084E	DivergeNet	
00084F	Qualstar	
000850	Arizona Instrument	
000851	Canadian Bank Note	
000852	Davolink Co	
000853	Schleicher GmbH & Co.	
000854	Netronix	
000855	NASA-Goddard Space	
000856	Gamatronic Electronic	
000857	Polaris	Wearable
000858	Novatechnology	
000859	ShenZhen Unitone	
00085A	IntiGate	
00085B	Hanbit	
00085C	Shanghai Dare	
00085D	Mitel	VoIP
00085E	Pco	
00085F	Picanol N.V	
000860	LodgeNet Entertainment	
000861	SoftEnergy	
000862	NEC Eluminant	
000863	Entrisphere	
000864	Fasy S.p.A	
000865	Jascom	
000866	DSX Access	
000867	Uptime Devices	
000868	PurOptix	
000869	Command-e	
00086A	Securiton	
00086B	Mipsys	
00086C	Plasmon LMS	
00086D	Missouri FreeNet	
00086E	Hyglo AB	
00086F	Resources Computer	
000870	Rasvia	
000871	NORTHDATA	
000872	Sorenson	
000873	DapTechnology	
000874	Dell	Computer
000875	Acorp	
000876	SDSystem	
000877	Liebert-Hiross Spa	
000878	Benchmark Storage	
000879	CEM	
00087A	Wipotec	
00087B	RTX Telecom A/S	
00087C	Cisco	Router
00087D	Cisco	Router
00087E	Bon Electro-Telecom	
00087F	SPAUN electronic GmbH &	
000880	BroadTel Canada	
000881	Digital Hands	
000882	Sigma	
000883	Hewlett Packard	Computer
000884	Index Braille AB	
000885	EMS Dr. Thomas Wünsche	
000886	Hansung Teliann	
000887	Maschinenfabrik	
000888	OULLIM Information	
000889	Dish	
00088A	Minds@Work	
00088B	Tropic	
00088C	Quanta	Server
00088D	Sigma-Links	
00088E	Nihon Computer	
00088F	Advanced Digital	
000890	Avilinks	
000891	Lyan	
000892	EM Solutions	
000893	Le Information	
000894	InnoVISION Multimedia	
000895	DIRC Technologie GmbH &	
000896	Printronix	
000897	Quake	
000898	Gigabit Optics	
000899	Netbind	
00089A	Alcatel Microelectronics	
00089B	ICP	
00089C	Elecs Industry	
00089D	UHD-Elektronik	
00089E	Beijing Enter-Net	
00089F	EFM	
0008A0	Stotz Feinmesstechnik	
0008A1	CNet	
0008A2	ADI Engineering	Smart Home
0008A3	Cisco	Router
0008A4	Cisco	Router
0008A5	Peninsula	
0008A6	Multiware & Image	
0008A7	iLogic	
0008A8	Systec	
0008A9	SangSang	
0008AA	Karam	
0008AB	EnerLinx.com	
0008AC	BST	
0008AD	Toyo-Linx	
0008AE	PacketFront Network	
0008AF	Novatec	
0008B0	HUBER+SUHNER BKtel	
0008B1	ProQuent	
0008B2	Shenzhen Compass	
0008B3	Fastwel	
0008B4	Syspol	
0008B5	Tai Guen Enterprise	
0008B6	RouteFree	
0008B7	HIT Incorporated	
0008B8	E.F. Johnson	
0008B9	Kaon	
0008BA	Erskine	
0008BB	NetExcell	
0008BC	Ilevo AB	
0008BD	Tepg-Us	
0008BE	XENPAK MSA	
0008BF	Aptus Elektronik AB	
0008C0	Asa	
0008C1	Avistar	
0008C2	Cisco	Router
0008C3	Contex A/S	
0008C4	Hikari	
0008C5	Liontech	
0008C6	Philips Consumer	TV
0008C7	Hewlett Packard	Computer
0008C8	Soneticom	
0008C9	TechniSat Digital GmbH	
0008CA	TwinHan	
0008CB	Zeta Broadband	
0008CC	Remotec	
0008CD	With-Net	
0008CE	IPMobileNet	
0008CF	Nippon Koei Power	
0008D0	Musashi Engineering	Smart Home
0008D1	Karel	
0008D2	ZOOM	
0008D3	Hercules Technologies	
0008D4	IneoQuest	
0008D5	Vanguard Networks	
0008D6	HASSNET	
0008D7	How	
0008D8	Dowkey Microwave	
0008D9	Mitadenshi	
0008DA	SofaWare	
0008DB	Corrigent	
0008DC	Wiznet	
0008DD	Telena	
0008DE	3UP	
0008DF	Alistel	
0008E0	ATO	
0008E1	Barix	
0008E2	Cisco	Router
0008E3	Cisco	Router
0008E4	Envenergy	
0008E5	IDK	
0008E6	Littlefeet	
0008E7	SHI ControlSystems	
0008E8	Excel Master	
0008E9	NextGig	
0008EA	Motion Control	Smart Home
0008EB	ROMWin	
0008EC	Optical Zonu	
0008ED	ST&T Instrument	
0008EE	Logic Product	
0008EF	Dibal	
0008F0	Next Generation	
0008F1	Voltaire	
0008F2	C&S	
0008F3	Wany	
0008F4	Bluetake	
0008F5	YESTECHNOLOGY	
0008F6	Sumitomo Electric	
0008F7	Hitachi Ltd,	
0008F8	Utc Ccs	
0008F9	Artesyn Embedded	
0008FA	KEB Automation	
0008FB	SonoSite	Smart Home
0008FC	Gigaphoton	
0008FD	BlueKorea	
0008FE	UNIK C&C	
0008FF	Trilogy	
000900	Tmt	
000901	Shenzhen Shixuntong	
000902	Redline	
000903	Panasas	
000904	MONDIAL electronic	
000905	iTEC	
000906	Esteem	
000907	Chrysalis Development	
000908	VTech	
000909	Telenor Connect A/S	
00090A	SnedFar	
00090B	MTL Instruments PLC	
00090C	Mayekawa Mfg	
00090D	Leader	
00090E	Helix	
00090F	Fortinet	Router
000910	Simple Access	
000911	Cisco	Router
000912	Cisco	Router
000913	SystemK	
000914	Computrols	
000915	CAS	
000916	Listman Home	
000917	WEM	
000918	Samsung Techwin	
000919	MDS Gateways	
00091A	Macat Optics &	
00091B	Digital Generation	
00091C	CacheVision	
00091D	Proteam Computer	
00091E	Firstech	
00091F	A&D	
000920	EpoX COMPUTER	
000921	Planmeca Oy	
000922	TST Biometrics	
000923	Heaman System	
000924	Telebau	
000925	VSN Systemen	
000926	Yoda	
000927	Toyokeiki	
000928	Telecore	
000929	Sanyo Industries (UK)	
00092A	MYTECS	
00092B	iQstor	
00092C	Hitpoint	
00092D	HTC	
00092E	B&Tech System	
00092F	Akom	
000930	AeroConcierge	
000931	Future Internet	
000932	Omnilux	
000933	Ophit	
000934	Dream-Multimedia-Tv	TV
000935	Sandvine Incorporated	
000936	Ipetronik GmbH & Co	
000937	Inventec Appliance	
000938	Allot	
000939	ShibaSoku	
00093A	Molex CMS	
00093B	Hyundai	
00093C	Jacques Technologies P/L	
00093D	Newisys	
00093E	C&I	
00093F	Double-Win Enterpirse	
000940	AGFEO GmbH & Co	
000941	Allied Telesis K.K	Switch
000942	Wireless	
000943	Cisco	Router
000944	Cisco	Router
000945	Palmmicro	
000946	Cluster	
000947	Aztek	Phone
000948	Vista Control	
000949	Glyph	
00094A	Homenet	
00094B	FillFactory NV	
00094C	Communication Weaver	
00094D	Braintree	
00094E	Bartech	
00094F	elmegt GmbH & Co	
000950	Independent Storage	
000951	Apogee Imaging	
000952	Auerswald GmbH & Co	
000953	Linkage System	
000954	AMiT spol. s. r. o	
000955	Young Generation	
000956	Network Systems Group,	
000957	Supercaller	
000958	Intelnet	
000959	Sitecsoft	
00095A	Racewood	
00095B	Netgear	Router
00095C	Philips Medical Systems	Smart Home
00095D	Dialogue	
00095E	Masstech	
00095F	Telebyte	
000960	YOZAN	
000961	Switchgear and	Switch
000962	Sonitor Technologies AS	
000963	Dominion Lasercom	
000964	Hi-Techniques	
000965	HyunJu Computer	
000966	Trimble Europe	
000967	Tachyon	
000968	Technoventure	
000969	Meret Optical	
00096A	Cloverleaf	
00096B	IBM	
00096C	Imedia Semiconductor	
00096D	Powernet	
00096E	Giant	
00096F	Beijing Zhongqing	
000970	Vibration Research	
000971	Time Management	
000972	Securebase	
000973	Lenten	
000974	Innopia	
000975	fSONA	
000976	Datasoft ISDN	
000977	Brunner Elektronik	
000978	AIJI System	
000979	Advanced Television	TV
00097A	Louis Design	
00097B	Cisco	Router
00097C	Cisco	Router
00097D	SecWell Networks Oy	
00097E	Imi	
00097F	Vsecure 2000	
000980	Power Zenith	
000981	Newport	
000982	Loewe Opta	
000983	GlobalTop	
000984	MyCasa	
000985	Auto Telecom	
000986	Metalink	
000987	Nishi Nippon Electric	
000988	Nudian Electron	
000989	VividLogic	
00098A	EqualLogic	
00098B	Entropic	
00098C	Option Wireless Sweden	
00098D	Velocity Semiconductor	
00098E	ipcas	
00098F	Cetacean	
000990	ACKSYS Communications &	
000991	Intelligent Platforms	
000992	InterEpoch	
000993	Visteon	
000994	Cronyx Engineering	Smart Home
000995	Castle	
000996	Rdi	
000997	Nortel	
000998	Capinfo Company Limited	
000999	Cp Georges Renault	
00099A	Elmo Company, Limited	
00099B	Western Telematic	
00099C	Naval Research	
00099D	Haliplex	Media Player
00099E	Testech	
00099F	Videx	
0009A0	Microtechno	
0009A1	Telewise	
0009A2	Interface	
0009A3	Leadfly Techologies	Smart Home
0009A4	HARTEC	
0009A5	Hansung Eletronic	
0009A6	Ignis Optics	
0009A7	Bang & Olufsen A/S	Audio
0009A8	Eastmode	
0009A9	Ikanos	
0009AA	Data Comm for Business	
0009AB	Netcontrol Oy	
0009AC	Lanvoice	
0009AD	Hyundai Syscomm	
0009AE	Okano Electric	
0009AF	e-generis	
0009B0	Onkyo Technology K.K	
0009B1	Kanematsu	
0009B2	L&F	
0009B3	MCM	
0009B4	Kisan Telecom	
0009B5	3J	
0009B6	Cisco	Router
0009B7	Cisco	Router
0009B8	Entise	
0009B9	Action Imaging Solutions	
0009BA	MAKU Informationstechik	
0009BB	MathStar	
0009BC	Utility	
0009BD	Epygi	
0009BE	Mamiya-OP	
0009BF	Nintendo	Gaming
0009C0	6Wind	
0009C1	Proces-Data A/S	
0009C2	Onity	
0009C3	Netas	
0009C4	Medicore	
0009C5	KINGENE	
0009C6	Visionics	
0009C7	Movistec	
0009C8	Sinagawa Tsushin Keisou	
0009C9	BlueWINC	
0009CA	iMaxNetworks(Shenzhen)Li	
0009CB	HBrain	
0009CC	Moog	
0009CD	Hudson Soft	
0009CE	SpaceBridge	
0009CF	iAd	
0009D0	Solacom	
0009D1	Seranoa	
0009D2	Mai Logic	
0009D3	Western DataCom Co	
0009D4	Transtech	
0009D5	Signal Communication	
0009D6	KNC One	
0009D7	DC Security Products	
0009D8	Telia Company AB	
0009D9	Neoscale	
0009DA	Control Module	
0009DB	eSpace	
0009DC	Galaxis	
0009DD	Mavin	
0009DE	Samjin Information &	
0009DF	Vestel Elektronik San	
0009E0	Xemics	
0009E1	Gemtek	
0009E2	Sinbon	
0009E3	Angel Iglesias	
0009E4	K Tech Infosystem	
0009E5	Hottinger Brüel & Kjaer	
0009E6	Cyber Switching	Switch
0009E7	ADC Techonology	Smart Home
0009E8	Cisco	Router
0009E9	Cisco	Router
0009EA	YEM	
0009EB	HuMANDATA	
0009EC	Daktronics	
0009ED	CipherOptics	
0009EE	Meikyo Electric	
0009EF	Vocera	
0009F0	Shimizu	
0009F1	Yamaki Electric	
0009F2	Cohu, Inc., Electronics	Smart Home
0009F3	WELL Communication	
0009F4	Alcon Laboratories	
0009F5	Emerson Network Power	
0009F6	Shenzhen Eastern Digital	
0009F7	Calian Advanced	
0009F8	Unimo	
0009F9	Art Japan	
0009FB	Philips Patient	Smart Home
0009FC	IPFLEX	
0009FD	Ubinetics Limited	
0009FE	Daisy	
0009FF	X.net 2000	
000A00	MediaTek	
000A01	SOHOware	
000A02	Annso	
000A03	Endesa Servicios, S.L	
000A04	3Com	Switch
000A05	Widax	
000A06	Teledex	
000A07	WebWayOne	
000A08	Alps Alpine	
000A09	TaraCom Integrated	
000A0A	SUNIX	
000A0B	Sealevel	
000A0C	Scientific Research	
000A0D	Amphenol	
000A0E	Invivo Research	Phone
000A0F	Ilryung Telesys	
000A10	FAST media integrations	
000A11	ExPet	
000A12	Azylex	
000A13	Honeywell Video	Industrial
000A14	TECO a.s	
000A15	Silicon Data	
000A16	Lassen Research	
000A17	Nestar	Smart Home
000A18	Vichel	
000A19	Valere Power	
000A1A	Imerge	
000A1B	Stream	
000A1C	Bridge Information	
000A1D	Optical Communications	
000A1E	Red-M Products Limited	
000A1F	ART WARE	
000A20	SVA	
000A21	Integra Telecom	
000A22	Amperion	
000A23	Parama	
000A24	Octave	
000A25	Ceragon	
000A26	CEIA S.p.A	
000A27	Apple	Phone
000A28	Motorola	Phone
000A29	Pan Dacom Networking	
000A2A	QSI	
000A2B	Etherstuff	
000A2C	Active Tchnology	
000A2D	Cabot Communications	
000A2E	Maple	
000A2F	Artnix	
000A30	Visteon	
000A31	HCV Consulting	
000A32	Xsido	
000A33	Emulex	
000A34	Identicard Systems	
000A35	Xilinx	
000A36	Synelec Telecom	
000A37	Procera	
000A38	Apani	
000A39	LoPA Information	
000A3A	J-THREE	
000A3B	GCT Semiconductor	
000A3C	Enerpoint	
000A3D	Elo Sistemas Eletronicos	
000A3E	EADS Telecom	
000A3F	Data East	
000A40	Crown Audio -- Harmanm	Automotive
000A41	Cisco	Router
000A42	Cisco	Router
000A43	Chunghwa Telecom	
000A44	Avery Dennison	
000A45	Audio-Technica	Automotive
000A46	Aro Welding	
000A47	Allied Vision	
000A48	Albatron	
000A49	F5	
000A4A	Targa	
000A4B	DataPower	
000A4C	Molecular Devices	
000A4D	Noritz	
000A4E	UNITEK	
000A4F	Brain Boxes Limited	
000A50	Remotek	
000A51	GyroSignal	
000A52	AsiaRF	
000A53	Intronics, Incorporated	
000A54	Laguna Hills	
000A55	MARKEM	
000A56	HITACHI Maxell	
000A57	Hewlett Packard	Computer
000A58	Freyer & Siegel	
000A59	HW server	
000A5A	GreenNET	
000A5B	Power-One as	
000A5C	Carel s.p.a	
000A5D	FingerTec Worldwide Sdn	
000A5E	3Com	Switch
000A5F	almedio	
000A60	Autostar	
000A61	Cellinx	
000A62	Crinis	
000A63	DHD	
000A64	Eracom	
000A65	GentechMedia.co	
000A66	Mitsubishi Electric	
000A67	OngCorp	
000A68	Solarflare	
000A69	SUNNY bell	
000A6A	SVM Microwaves s.r.o	
000A6B	Tadiran Telecom Business	
000A6C	Walchem	
000A6D	EKS Elektronikservice	
000A6E	Harmonic	
000A6F	ZyFLEX	
000A70	MPLS Forum	
000A71	Avrio	
000A72	Stec	
000A73	Scientific Atlanta	
000A74	Manticom	
000A75	Caterpillar	
000A76	Beida Jade Bird Huaguang	
000A77	Bluewire	
000A78	Olitec	
000A79	corega K.K	
000A7A	Kyoritsu Electric	
000A7B	Cornelius Consult	
000A7C	Tecton	
000A7D	Valo	
000A7E	The Advantage	
000A7F	Teradon	
000A80	Telkonet	
000A81	TEIMA Audiotex S.L	Automotive
000A82	Tatsuta System	
000A83	Salto Systems S.L	
000A84	Rainsun Enterprise	
000A85	PLAT'C2	
000A86	Lenze	
000A87	Integrated Micromachines	
000A88	InCypher	
000A89	Creval	
000A8A	Cisco	Router
000A8B	Cisco	Router
000A8C	Guardware	
000A8D	Eurotherm Limited	
000A8E	Invacom	
000A8F	Aska	
000A90	Bayside Interactive	
000A91	HemoCue AB	
000A92	Presonus	
000A93	W2	
000A94	ShangHai cellink	
000A95	Apple	Phone
000A96	Mewtel	
000A97	SONICblue	
000A98	M+F Gwinner GmbH & Co	
000A99	Calamp Wireless	
000A9A	Aiptek	
000A9B	TB	
000A9C	Server	
000A9D	King Young	
000A9E	BroadWeb Corportation	
000A9F	Pannaway	
000AA0	Cedar Point	
000AA1	V V S Limited	
000AA2	Systek	
000AA3	Shimafuji Electric	
000AA4	Shanghai Surveillance	
000AA5	Maxlink Industries	
000AA6	Hochiki	
000AA7	FEI Electron Optics	
000AA8	ePipe	
000AA9	Brooks Automation	
000AAA	AltiGen	
000AAB	Toyota Technical	Automotive
000AAC	TerraTec Electronic	
000AAD	Stargames	
000AAE	Rosemount Process	
000AAF	Pipal	
000AB0	LOYTEC	
000AB1	GENETEC	
000AB2	Fresnel Wireless	
000AB3	Fa. GIRA	
000AB4	ETIC Telecommunications	
000AB5	Digital Electronic	
000AB6	Compunetix	
000AB7	Cisco	Router
000AB8	Cisco	Router
000AB9	Astera	
000ABA	Arcon Technology Limited	
000ABB	Taiwan Secom Co	
000ABC	Seabridge	
000ABD	Rupprecht & Patashnick	
000ABE	OPNET	
000ABF	Hirota Ss	
000AC0	Fuyoh Video Industry	
000AC1	Futuretel	
000AC2	Wuhan FiberHome Digital	
000AC3	eM Technics	
000AC4	Daewoo Teletech	
000AC5	Color Kinetics	
000AC6	Overture	
000AC7	Unication	
000AC8	ZPSYS CO.,LTD.	
000AC9	Zambeel	
000ACA	YOKOYAMA SHOKAI	
000ACB	XPAK MSA	
000ACC	Winnow	
000ACD	Sunrich Technology	
000ACE	Radiantech	
000ACF	PROVIDEO Multimedia	
000AD0	Niigata Develoment	
000AD1	Mws	
000AD2	JEPICO	
000AD3	INITECH	
000AD4	CoreBell	
000AD5	Brainchild Electronic	
000AD6	BeamReach	
000AD7	Origin	
000AD8	IPCserv	
000AD9	Sony	
000ADA	Vindicator	
000ADB	Trilliant	
000ADC	RuggedCom	
000ADD	Allworx	
000ADE	Happy Communication	
000ADF	Gennum	
000AE0	Fujitsu Softek	
000AE1	EG	
000AE2	Binatone	
000AE3	Yang Mei	
000AE4	Wistron	
000AE5	ScottCare	
000AE6	Elitegroup Computer	
000AE7	Eliop	
000AE8	Cathay Roxus Information	
000AE9	AirVast	
000AEA	Adam Elektronik Ltd. Şti	
000AEB	Tp-Link	Router
000AEC	Koatsu Gas Kogyo	
000AED	HARTING	
000AEE	GCD Hard- & Software	
000AEF	Otrum Asa	
000AF0	Shin-Oh Electronics	
000AF1	Clarity Design	
000AF2	NeoAxiom	
000AF3	Cisco	Router
000AF4	Cisco	Router
000AF5	Airgo	
000AF6	Copeland LP	
000AF7	Broadcom	
000AF8	American Telecare	
000AF9	HiConnect	
000AFA	Traverse Technologies	
000AFB	Ambri Limited	
000AFC	Core Tec	
000AFD	Kentec	
000AFE	NovaPal	
000AFF	Kilchherr Elektronik	
000B00	Fujian Start Computer	
000B01	Daiichi	
000B02	Dallmeier electronic	
000B03	Taekwang Industrial	
000B04	Volktek	
000B05	Pacific Broadband	
000B06	Commscope	
000B07	Voxpath	
000B08	Pillar Data	
000B09	Ifoundry Systems	Switch
000B0A	dBm Optics	
000B0B	Corrent	
000B0C	Agile	
000B0D	Air2U	
000B0E	Trapeze	
000B0F	Bosch Rexroth	
000B10	11wave Technonlogy	
000B11	Himeji Abc Trading	
000B12	NURI Telecom	
000B13	Zetron	
000B14	ViewSonic	
000B15	Platypus	
000B16	Communication Machinery	
000B17	MKS Instruments	
000B18	Private	
000B19	Vernier	
000B1A	Industrial Defender	
000B1B	Systronix	
000B1C	SIBCO	
000B1D	LayerZero Power	
000B1E	KAPPA opto-electronics	
000B1F	I CON Computer Co	
000B20	Hirata	
000B21	G-Star	
000B22	Environmental Systems	
000B23	Siemens Home & Office	Appliance
000B24	AirLogic	
000B25	Aeluros	
000B26	Wetek	
000B27	Scion	
000B28	Quatech	
000B29	LS(LG) Industrial	
000B2A	HOWTEL	
000B2B	Hostnet	
000B2C	Eiki Industrial	
000B2D	Danfoss	
000B2E	Cal-Comp Electronics &	
000B2F	bplan	
000B30	Beijing Gongye Science &	
000B31	Yantai ZhiYang	
000B32	Vormetric	
000B33	Vivato	
000B34	ShangHai Broadband	
000B35	Quad Bit System	
000B36	Productivity	
000B37	Manufacture Des Montres	
000B38	Knürr	
000B39	Keisoku Giken	
000B3A	PESA	
000B3B	devolo	
000B3C	Cygnal Integrated	
000B3D	CONTAL OK	
000B3E	BittWare	
000B3F	Anthology Solutions	
000B40	Cambridge Industries	
000B41	Ing. Büro Dr.	
000B42	commax	
000B43	Microscan	
000B44	Concord Idea	
000B45	Cisco	Router
000B46	Cisco	Router
000B47	Advanced Energy	
000B48	sofrel	
000B49	RF-Link System	Router
000B4A	Visimetrics (UK)	
000B4B	Visiowave	
000B4C	Clarion (M) Sdn Bhd	
000B4D	Emuzed	
000B4E	Communications & Power	
000B4F	Verifone	
000B50	Oxygnet	
000B51	Micetek	
000B52	Joymax	
000B53	INITIUM	
000B54	BiTMICRO	
000B55	ADInstruments	
000B56	Cybernetics	
000B57	Silicon Laboratories	
000B58	Astronautics C.A	
000B59	ScriptPro	
000B5A	HyperEdge	
000B5B	Rincon Research	
000B5C	Newtech	
000B5D	Fujitsu Limited	
000B5E	Audio Engineering	Smart Home
000B5F	Cisco	Router
000B60	Cisco	Router
000B61	Friedrich Lütze GmbH &	
000B62	ib-mohnen	
000B63	Kaleidescape	
000B64	Kieback & Peter GmbH &	
000B65	Sy.A.C	
000B66	Teralink	
000B67	Topview	
000B68	Addvalue	
000B69	Franke Finland Oy	
000B6A	Asiarock Technology	
000B6B	WNC	
000B6C	Sychip	
000B6D	Solectron Japan	
000B6E	Neff Instrument	
000B6F	Media Streaming	Media Player
000B70	Load	
000B71	Litchfield	
000B72	Lawo	
000B73	Kodeos	
000B74	Kingwave	
000B75	Iosoft	
000B76	ET&T	
000B77	Cogent	
000B78	Taifatech	
000B79	X-COM	
000B7A	L-3 Linkabit	
000B7B	Test-Um	
000B7C	Electro-Voice Dynacord	
000B7D	Solomon Extreme	
000B7E	SAGINOMIYA Seisakusho	
000B7F	Align Engineering	Smart Home
000B80	Lycium	
000B81	Kaparel	
000B82	Grandstream	VoIP
000B83	Datawatt	
000B84	Bodet	
000B85	Cisco	Router
000B86	Hewlett Packard	Computer
000B87	American Reliance	
000B88	Vidisco	
000B89	Top Global	
000B8A	MITEQ	
000B8B	Kerajet	
000B8C	Flextronics	
000B8D	Avvio	
000B8E	Ascent	
000B8F	Akita	
000B90	ADVA Optical Networking	
000B91	Xovis Germany	
000B92	Ascom Danmark A/S	
000B93	Ritter Elektronik	
000B94	Digital Monitoring	Smart Home
000B95	eBet Gaming	
000B96	Innotrac Diagnostics Oy	
000B97	Matsushita Electric	
000B98	NiceTechVision	
000B99	SensAble	
000B9A	Shanghai Ulink Telecom	
000B9B	Sirius System	
000B9C	TriBeam	
000B9D	TwinMOS	
000B9E	Yasing	
000B9F	Neue ELSA	
000BA0	T&L Information	
000BA1	Fujikura Solutions	
000BA2	Sumitomo Electric	
000BA3	Siemens	Industrial
000BA4	Shiron Satellite	
000BA5	Quasar Cipta Mandiri, PT	
000BA6	Miyakawa Electric Works	
000BA7	Maranti	
000BA8	Hanback	
000BA9	CloudShield	
000BAA	Aiphone	
000BAB	Advantech Technology	Industrial
000BAC	3Com	Switch
000BAD	PC-PoS	
000BAE	Vitals System	
000BAF	WOOJU COMMUNICATIONS	
000BB0	Sysnet Telematica	
000BB1	Super Star	
000BB2	Smallbig	
000BB3	RiT	
000BB4	RDC Semiconductor	
000BB5	nStor	
000BB6	Metalligence	
000BB7	Micro	
000BB8	Kihoku Electronic Co	
000BB9	Imsys AB	
000BBA	Harmonic	
000BBB	Etin	
000BBC	En Garde	
000BBD	Connexionz Limited	
000BBE	Cisco	Router
000BBF	Cisco	Router
000BC0	China IWNComm	
000BC1	Bay Microsystems	
000BC2	Corinex Communication	
000BC3	Multiplex	Media Player
000BC4	BIOTRONIK GmbH & Co	
000BC5	SMC	
000BC6	ISAC	
000BC7	ICET S.p.A	
000BC8	AirFlow	
000BC9	Electroline Equipment	
000BCA	Datavan Tc	
000BCB	Fagor Automation , S.	
000BCC	Jusan	
000BCD	Hewlett Packard	Computer
000BCE	Free2move AB	
000BCF	Agfa Ndt	
000BD0	XiMeta Technology	
000BD1	Aeronix	
000BD2	Remopro	
000BD3	cd3o	
000BD4	Beijing Wise Technology	
000BD5	Nvergence	
000BD6	Paxton Access	
000BD7	dormakaba Deutschland	
000BD8	Industrial Scientific	
000BD9	General Hydrogen	
000BDA	EyeCross Co	
000BDB	Dell	Computer
000BDC	Akcp	
000BDD	TOHOKU RICOH	Printer
000BDE	TELDIX	
000BDF	Shenzhen RouterD	
000BE0	SercoNet	
000BE1	Nokia NET Product	
000BE2	Lumenera	
000BE3	Key Stream	
000BE4	Hosiden	
000BE5	HIMS	Computer
000BE6	Datel	
000BE7	Comflux	
000BE8	Aoip	
000BE9	Actel	
000BEA	Zultys	
000BEB	Systegra	
000BEC	Nippon Electric	
000BED	ELM	
000BEE	inc.jet, Incorporated	
000BEF	Code	
000BF0	MoTEX Products	
000BF1	LAP Laser Applikations	
000BF2	Chih-Kan	
000BF3	Bae	
000BF4	Private	
000BF5	Shanghai Sibo Telecom	
000BF6	Nitgen	
000BF7	Nidek	
000BF8	Infinera	
000BF9	Gemstone	
000BFA	Exemys	
000BFB	D-NET	
000BFC	Cisco	Router
000BFD	Cisco	Router
000BFE	CASTEL Broadband Limited	
000BFF	Berkeley Camera	Smart Home
000C00	BEB Industrie-Elektronik	
000C01	Abatron	
000C02	ABB Oy	Industrial
000C03	HDMI Licensing	
000C04	Tecnova	
000C05	RPA Reserch	
000C06	Nixvue	
000C07	Iftest	
000C08	HUMEX	
000C09	Hitachi IE	
000C0A	Guangdong Province	
000C0B	Broadbus	
000C0C	Appro	
000C0D	Communications & Power	
000C0E	XtremeSpectrum	
000C0F	Techno-One	
000C10	PNI	
000C11	Nippon Dempa	
000C12	Micro-Optronic-Messtechn	
000C13	MediaQ	
000C14	Diagnostic Instruments	
000C15	CyberPower	
000C16	Concorde Microsystems	
000C17	AJA Video	
000C18	Zenisu Keisoku	
000C19	Telio	
000C1A	Quest Technical	
000C1B	ORACOM	
000C1C	MicroWeb	
000C1D	Mettler & Fuchs	
000C1E	Global Cache	
000C1F	Glimmerglass	
000C20	Fi WIn	
000C21	Faculty of Science and	
000C22	Double D	
000C23	Beijing Lanchuan	
000C24	Anator	
000C25	Allied Telesis	Switch
000C26	Weintek	
000C27	Sammy	
000C28	Rifatron	
000C29	VMware	
000C2A	OCTTEL Communication	
000C2B	ELIAS	
000C2C	Enwiser	
000C2D	FullWave	
000C2E	Openet information	
000C2F	SeorimTechnology	
000C30	Cisco	Router
000C31	Cisco	Router
000C32	Avionic Design	
000C33	Compucase Enterprise	
000C34	Vixen	
000C35	KaVo Dental GmbH & Co	
000C36	S-Takaya Electronics	
000C37	Geomation	
000C38	TelcoBridges	
000C39	Sentinel Wireless	
000C3A	Oxance	
000C3B	Orion Electric	
000C3C	MediaChorus	
000C3D	Glsystech	
000C3E	Crest Audio	Automotive
000C3F	Cogent Defence &	
000C40	Altech Controls	
000C41	Cisco-Linksys	Router
000C42	Routerboard.com	
000C43	MediaTek	
000C44	Automated Interfaces	
000C45	Animation	
000C46	Allied Telesyn	
000C47	SK Teletech(R&D	
000C48	QoStek	
000C49	Dangaard Telecom	
000C4A	Cygnus Microsystems (P)	
000C4B	Cheops Elektronik	
000C4C	Arcor AG&Co	
000C4D	Curtiss-Wright Controls	
000C4E	Winbest Technology CO,LT	
000C4F	UDTech Japan	
000C50	Seagate	Storage
000C51	Scientific	
000C52	Roll	
000C53	Private	
000C54	Pedestal	
000C55	Microlink	
000C56	Megatel Computer (1986)	
000C57	MACKIE Engineering	Smart Home
000C58	M&S	
000C59	Indyme	
000C5A	IBSmm Embedded	
000C5B	Hanwang	
000C5C	GTN	
000C5D	Chic Technology (China)	
000C5E	Calypso Medical	Medical
000C5F	Avtec	
000C60	ACM	
000C61	AC Tech corporation DBA	
000C62	ABB AB, Cewe-Control	Industrial
000C63	Zenith	
000C64	X2 MSA	
000C65	Sunin Telecom	
000C66	Pronto	
000C67	Oyo Electric	
000C68	SigmaTel	
000C69	National Radio	
000C6A	Mbari	
000C6B	Kurz	
000C6C	Eve	
000C6D	Edwards	
000C6E	ASUSTek COMPUTER	Computer
000C6F	Amtek system	
000C70	ACC	
000C71	Wybron	
000C72	Tempearl Industrial	
000C73	Telson	
000C74	Rivertec	
000C75	Oriental integrated	
000C76	Micro-Star	
000C77	Life Racing	
000C78	In-Tech Electronics	
000C79	Extel Communications P/L	
000C7A	DaTARIUS	
000C7B	ALPHA PROJECT	
000C7C	Internet Information	
000C7D	Teikoku Electric Mfg	
000C7E	Tellium Incorporated	
000C7F	synertronixx	
000C80	Opelcomm	
000C81	Schneider Electric	Industrial
000C82	Network	
000C83	Logical Solutions	
000C84	Eazix	
000C85	Cisco	Router
000C86	Cisco	Router
000C87	Amd	Computer
000C88	Apache Micro Peripherals	
000C89	AC Electric Vehicles	
000C8A	Bose	Audio
000C8B	Connect	
000C8C	Kodicom	Media Player
000C8D	Balluff MV	
000C8E	Mentor Engineering	Smart Home
000C8F	Nergal s.r.l	
000C90	Octasic	
000C91	Riverhead	
000C92	WolfVision	
000C93	Xeline	
000C94	United Electronic	
000C95	PrimeNet	
000C96	OQO	
000C97	NV ADB TTV	
000C98	LETEK	
000C99	HITEL LINK	
000C9A	Hitech	
000C9B	EE Solutions	
000C9C	Chongho information &	
000C9D	UbeeAirWalk	
000C9E	MemoryLink	
000C9F	NKE	
000CA0	StorCase	
000CA1	SIGMACOM	
000CA2	Harmonic Video	
000CA3	Rancho	
000CA4	Prompttec Product	
000CA5	Naman NZ	
000CA6	Mintera	
000CA7	Metro (Suzhou)	
000CA8	Garuda	
000CA9	Ebtron	
000CAA	Cubic Transportation	
000CAB	Commend	
000CAC	Citizen Watch	
000CAD	BTU	
000CAE	Ailocom Oy	
000CAF	Tri Term	
000CB0	Star Semiconductor	
000CB1	Salland Engineering	Smart Home
000CB2	UNION	
000CB3	ROUND	
000CB4	AutoCell Laboratories	
000CB5	Premier Technolgies	
000CB6	Nanjing Seu Mobile &	
000CB7	Nanjing Huazhuo	
000CB8	Medion	
000CB9	Lea	
000CBA	Jamex	
000CBB	Iskraemeco	
000CBC	Iscutum	
000CBD	Interface Masters	
000CBE	Innominate Security	
000CBF	Holy Stone Ent	
000CC0	Genera Oy	
000CC1	Eaton	
000CC2	ControlNet (India)	
000CC3	BeWAN	
000CC4	Tiptel	
000CC5	Nextlink	
000CC6	Ka-Ro	
000CC7	Intelligent Computer	
000CC8	Xytronix Research &	
000CC9	Ilwoo Data &	
000CCA	HGST a Western Digital	Storage
000CCB	Design Combus	
000CCC	Aeroscout	
000CCD	Iec - Tc57	
000CCE	Cisco	Router
000CCF	Cisco	Router
000CD0	Symetrix	
000CD1	SFOM	
000CD2	Schaffner EMV	
000CD3	Prettl Elektronik	
000CD4	Positron Public Safety	
000CD5	Passave	
000CD6	Partner	
000CD7	Nallatech	
000CD8	M. K. Juchheim GmbH & Co	
000CD9	Itcare	
000CDA	FreeHand	
000CDB	Brocade	Switch
000CDC	BECS	
000CDD	AOS	
000CDE	Abb	Industrial
000CDF	JAI Manufacturing	Smart Home
000CE0	Trek Diagnostics	
000CE1	The Open	
000CE2	Rolls-Royce	
000CE3	Option International N.V	
000CE4	NeuroCom	
000CE5	Commscope	
000CE6	Fortinet	Router
000CE7	MediaTek	
000CE8	GuangZhou AnJuBao	
000CE9	Bloomberg L.P	
000CEA	aphona	
000CEB	CNMP	
000CEC	Safran Trusted 4D	
000CED	Real Digital Media	
000CEE	jp-embedded	
000CEF	ONE Investment Group	
000CF0	M & N	
000CF1	Intel	Computer
000CF2	GAMESA Eólica	
000CF3	Call Image	
000CF4	Akatsuki Electric Mfg.Co	
000CF5	InfoExpress	
000CF6	Sitecom Europe	
000CF7	Nortel	
000CF8	Nortel	
000CF9	Xylem Water Solutions	
000CFA	Digital	
000CFB	Korea	
000CFC	S2io	
000CFD	Hyundai ImageQuest	
000CFE	Grand Electronic	
000CFF	MRO-TEK Realty Limited	
000D00	Seaway	
000D01	P&E Microcomputer	
000D02	NEC Platforms	
000D03	Matrics	
000D04	Foxboro Eckardt	
000D05	cybernet manufacturing	Smart Home
000D06	Compulogic Limited	
000D07	Calrec Audio	Automotive
000D08	AboveCable	
000D09	Yuehua(Zhuhai)	
000D0A	Barco Projection	
000D0B	Buffalo.Inc	Storage
000D0C	MDI Security	
000D0D	ITSupported	
000D0E	Inqnet	
000D0F	Finlux	
000D10	Embedtronics Oy	
000D11	DENTSPLY - Gendex	
000D12	AXELL	
000D13	Wilhelm Rutenbeck	
000D14	Vtech Innovation LP dba	
000D15	Voipac s.r.o	
000D16	UHS	
000D17	Turbo	
000D18	Mega-Trend	
000D19	ROBE Show lighting	
000D1A	Mustek System	
000D1B	Kyoto Electronics	Smart Home
000D1C	Amesys Defense	
000D1D	High-Tek Harness Ent	
000D1E	Control Techniques	
000D1F	AV Digital	
000D20	Asahikasei Technosystem	
000D21	WISCORE	
000D22	Unitronics	
000D23	Smart Solution	
000D24	Sentec E&E	
000D25	Sanden	
000D26	Primagraphics Limited	
000D27	MICROPLEX Printware	Media Player
000D28	Cisco	Router
000D29	Cisco	Router
000D2A	Scanmatic AS	
000D2B	Racal Instruments	
000D2C	Lantronix	
000D2D	NCT Deutschland	
000D2E	Matsushita Avionics	
000D2F	AIN Comm.Tech.Co	
000D30	IceFyre Semiconductor	
000D31	Compellent	
000D32	DispenseSource	
000D33	Prediwave	
000D34	Shell International	
000D35	PAC	
000D36	Wu Han Routon Electronic	
000D37	Wiplug	
000D38	Nissin	
000D39	Nevion	
000D3A	Microsoft	Computer
000D3B	Microelectronics	
000D3C	i.Tech Dynamic	
000D3D	Hammerhead	
000D3E	APLUX	
000D3F	VTI Instruments	
000D40	Verint Loronix Video	
000D41	Siemens AG ICM MP UC RD	Industrial
000D42	Newbest Development	
000D43	DRS Tactical	
000D44	Audio BU - Logitech	Automotive
000D45	Tottori SANYO Electric	
000D46	Parker SSD Drives	
000D47	Collex	
000D48	AEWIN	
000D49	Triton Systems of	
000D4A	Steag ETA-Optik	
000D4B	Roku	TV
000D4C	Outline	
000D4D	Ninelanes	
000D4E	NDR	
000D4F	Kenwood	
000D50	Galazar	
000D51	DIVR	
000D52	Comart system	
000D53	Beijing 5w Communication	
000D54	3Com	Switch
000D55	SANYCOM	
000D56	Dell	Computer
000D57	Fujitsu I-Network	
000D58	Private	
000D59	Amity	
000D5A	Tiesse SpA	
000D5B	Smart Empire	
000D5C	Robert Bosch GmbH,	
000D5D	Raritan Computer	
000D5E	NEC Personal Products	
000D5F	Minds	
000D60	IBM	
000D61	Giga-Byte	Computer
000D62	Funkwerk Dabendorf	
000D63	DENT Instruments	
000D64	COMAG Handels	
000D65	Cisco	Router
000D66	Cisco	Router
000D67	Ericsson	
000D68	Vinci	
000D69	TMT&D	
000D6A	Redwood	
000D6B	Mita-Teknik A/S	
000D6C	M-Audio	Automotive
000D6D	K-Tech Devices	
000D6E	K-Patents Oy	
000D6F	Ember	
000D70	Datamax	
000D71	boca	
000D72	2Wire	
000D73	Technical Support	
000D74	Sand	
000D75	Kobian Pte Ltd - Taiwan	
000D76	Hokuto Denshi Co	
000D77	FalconStor Software	
000D78	Engineering & Security	Smart Home
000D79	Dynamic Solutions	
000D7A	DiGATTO Asia Pacific	
000D7B	Consensys Computers	
000D7C	Codian	
000D7D	Afco	
000D7E	Axiowave	
000D7F	MIDAS COMMUNICATION	
000D80	Online Development	
000D81	Pepperl+Fuchs	
000D82	Phsnet	
000D83	Sanmina-SCI Hungary	
000D84	Makus	
000D85	Tapwave	
000D86	Huber + Suhner	
000D87	Elitegroup Computer	
000D88	D-Link	Router
000D89	Bils	
000D8A	Winners	
000D8B	T&D	
000D8C	Shanghai Wedone Digital	
000D8D	Prosoft	
000D8E	Koden	
000D8F	King Tsushin Kogyo	
000D90	Factum Electronics AB	
000D91	Eclipse (HQ Espana) S.L	
000D92	ARIMA	
000D93	Apple	Phone
000D94	AFAR	
000D95	Opti-cell	
000D96	Vtera	
000D97	Hitachi Energy USA	
000D98	S.W.A.C. Schmitt-Walter	
000D99	Orbital Sciences Corp.;	
000D9A	Infotec	
000D9B	Heraeus Electro-Nite	
000D9C	K.A. Schmersal GmbH & Co	
000D9D	Hewlett Packard	Computer
000D9E	TOKUDEN OHIZUMI	
000D9F	RF Micro Devices	
000DA0	Nedap N.V	
000DA1	MIRAE ITS	
000DA2	Infrant	
000DA3	Emerging Technologies	
000DA4	Dosch & Amand	
000DA5	Fabric7	
000DA6	Universal Switching	Switch
000DA7	Private	
000DA8	Teletronics	
000DA9	Ingeteam	
000DAA	S.A.Tehnology	
000DAB	Parker Hannifin GmbH	
000DAC	Japan CBM	
000DAD	Dataprobe	
000DAE	Samsung Heavy	
000DAF	Plexus Corp (UK)	Media Player
000DB0	Olym-tech	
000DB1	Japan Network Service	
000DB2	Ammasso	
000DB3	SDO Communication	
000DB4	Stormshield	
000DB5	Globalsat	
000DB6	Broadcom	
000DB7	Sanko Electric Co,.Ltd	
000DB8	Schiller	
000DB9	PC Engines	
000DBA	Océ Document	
000DBB	Nippon Dentsu	
000DBC	Cisco	Router
000DBD	Cisco	Router
000DBE	Bel Fuse Europe Ltd.,UK	
000DBF	TekTone Sound & Signal	
000DC0	Spagat AS	
000DC1	SafeWeb	
000DC2	Private	
000DC3	First Communication	
000DC4	Emcore	Storage
000DC5	EchoStar Global	Smart Home
000DC6	DigiRose	
000DC7	Cosmic Engineering	Smart Home
000DC8	AirMagnet	
000DC9	THALES Elektronik	
000DCA	Tait	
000DCB	Petcomkorea	
000DCC	NEOSMART	
000DCD	Groupe Txcom	
000DCE	Dynavac	
000DCF	Cidra	
000DD0	TetraTec Instruments	
000DD1	Stryker	Medical
000DD2	Simrad Optronics ASA	
000DD3	SAMWOO Telecommunication	
000DD4	Symantec	
000DD5	O'Rite	
000DD6	Iti	
000DD7	Bright	
000DD8	Bbn	
000DD9	Anton Paar	
000DDA	Allied Telesis K.K	Switch
000DDB	Airwave	
000DDC	Vac	
000DDD	Profilo Telra	
000DDE	Joyteck	
000DDF	Japan Image &	
000DE0	ICPDAS	
000DE1	Control Products	
000DE2	CMZ Sistemi Elettronici	
000DE3	AT Sweden AB	
000DE4	DIGINICS	
000DE5	Samsung Thales	
000DE6	Youngbo Engineering	Smart Home
000DE7	Snap-on OEM	
000DE8	Nasaco	
000DE9	Napatech Aps	
000DEA	Kingtel	
000DEB	CompXs Limited	
000DEC	Cisco	Router
000DED	Cisco	Router
000DEE	Andrew RF Power	
000DEF	Soc. Coop. Bilanciai	
000DF0	Qcom	
000DF1	Ionix	
000DF2	Private	
000DF3	Asmax Solutions	
000DF4	Watertek Co	
000DF5	Teletronics	
000DF6	Technology Thesaurus	
000DF7	Space Dynamics	
000DF8	ORGA Kartensysteme	
000DF9	NDS Limited	
000DFA	Micro Control	
000DFB	Komax	
000DFC	ITFOR	
000DFD	Huges Hi-Tech	
000DFE	Hauppauge Computer Works	
000DFF	Chenming Mold Industry	
000E00	Atrie	
000E01	ASIP	
000E02	Advantech AMT	Industrial
000E03	Emulex	
000E04	CMA/Microdialysis AB	
000E05	Wireless Matrix	
000E06	Team Simoco	Computer
000E07	Sony	
000E08	Cisco-Linksys	Router
000E09	Shenzhen Coship Software	
000E0A	Sakuma Design Office	
000E0B	Netac	
000E0C	Intel	Computer
000E0D	Hesch Schröder	
000E0E	ESA elettronica S.P.A	
000E0F	Ermme	
000E10	C-guys	
000E11	BDT Büro und	
000E12	Adaptive Micro	Automotive
000E13	Accu-Sort	
000E14	Visionary Solutions	
000E15	Tadlys	
000E16	SouthWing S.L	
000E17	Private	
000E18	MyA	
000E19	LogicaCMG	
000E1A	JPS	
000E1B	IAV	
000E1C	Hach	
000E1D	ARION	
000E1E	QLogic	
000E1F	TCL Networks Equipment	Phone
000E20	ACCESS Systems Americas	
000E21	MTU Friedrichshafen	
000E22	Private	
000E23	Incipient	
000E24	Huwell	
000E25	Hannae	
000E26	Gincom	
000E27	Crere	
000E28	Dynamic Ratings P/L	
000E29	Shester	
000E2A	dormakaba USA	
000E2B	Safari	
000E2C	Netcodec co	
000E2D	Hyundai Digital	
000E2E	Edimax	
000E2F	Roche Diagnostics	
000E30	AERAS	
000E31	Olympus Soft Imaging	
000E32	Kontron Medical	Medical
000E33	Shuko	
000E34	NexGen City, LP	
000E35	Intel	Computer
000E36	HEINESYS	
000E37	Harms & Wende GmbH &	
000E38	Cisco	Router
000E39	Cisco	Router
000E3A	Cirrus Logic	
000E3B	Hawking	
000E3C	Transact	
000E3D	Televic N.V	
000E3E	Sun Optronics	
000E3F	Soronti	
000E40	Nortel	
000E41	Nihon Mechatronics	
000E42	Motic Incoporation	
000E43	G-Tek Electronics Sdn.	
000E44	Digital 5	
000E45	Beijing Newtry	
000E46	Niigata Seimitsu	
000E47	NCI System	
000E48	Lipman TransAction	
000E49	Forsway Scandinavia AB	
000E4A	Changchun Huayu WEBPAD	
000E4B	atrium c and i	
000E4C	Bermai	
000E4D	Numesa	
000E4E	Waveplus	
000E4F	Trajet	
000E50	Thomson Telecom Belgium	
000E51	TECNA SpA	
000E52	Optium	
000E53	Av	
000E54	AlphaCell Wireless	
000E55	Auvitran	
000E56	4G Systems GmbH & Co	
000E57	Iworld Networking	
000E58	Sonos	Smart Home
000E59	Sagemcom Broadband SAS	Storage
000E5A	TELEFIELD	
000E5B	ParkerVision -	
000E5C	Commscope	
000E5D	Triple Play	
000E5E	Raisecom	
000E5F	activ-net GmbH & Co	
000E60	360SUN Digital Broadband	
000E61	Microtrol Limited	
000E62	Nortel	
000E63	Lemke Diagnostics	
000E64	Elphel	
000E65	TransCore	
000E66	Hitachi Industry &	
000E67	Eltis Microelectronics	
000E68	E-TOP	
000E69	China Electric Power	
000E6A	3Com	Switch
000E6B	Janitza	
000E6C	Device Drivers Limited	
000E6D	Murata Manufacturing	Smart Home
000E6E	MAT S.A. (Mircrelec	
000E6F	IRIS Corporation Berhad	
000E70	in2	
000E71	Gemstar Technology	
000E72	Sesami	
000E73	Tpack A/S	
000E74	Solar Telecom	
000E75	New York Air Brake	
000E76	Gemsoc Innovision	
000E77	Decru	
000E78	Amtelco	
000E79	Ample	
000E7A	GemWon	
000E7B	Toshiba	
000E7C	Televes	
000E7D	Electronics Line 3000	
000E7E	ionSign Oy	
000E7F	Hewlett Packard	Computer
000E80	Thomson	
000E81	Devicescape Software	
000E82	Infinity	
000E83	Cisco	Router
000E84	Cisco	Router
000E85	Catalyst Enterprises	
000E86	Alcatel North America	
000E87	adp Gauselmann	
000E88	Videotron	
000E89	Clematic	
000E8A	Avara	
000E8B	Astarte	
000E8C	Siemens	Industrial
000E8D	Systems in Progress	Computer
000E8E	SparkLAN	
000E8F	Sercomm	
000E90	Ponico	
000E91	Navico Auckland	
000E92	Open Telecom	
000E93	Milénio 3 Sistemas	
000E94	Maas	
000E95	Fujiya Denki Seisakusho	
000E96	Cubic Defense	
000E97	Ultracker Technology CO	
000E98	HME Clear-Com	
000E99	Spectrum Digital	
000E9A	Boe	
000E9B	Ambit Microsystems	
000E9C	Benchmark	
000E9D	Tiscali UK	
000E9E	Topfield	
000E9F	TEMIC SDS	
000EA0	NetKlass	
000EA1	Formosa Teletek	
000EA2	McAfee	
000EA3	CNCR-IT	
000EA4	Quantum	
000EA5	BLIP	
000EA6	ASUSTek COMPUTER	Computer
000EA7	Endace	
000EA8	United Technologists	
000EA9	Shanghai Xun Shi	
000EAA	Scalent	
000EAB	Cray	
000EAC	Mintron Enterprise	
000EAD	Metanoia	
000EAE	Gawell	
000EAF	Castel	
000EB0	Solutions Radio	
000EB1	Newcotech	
000EB2	Micro-Research Finland	
000EB3	Hewlett Packard	Computer
000EB4	Guangzhou Gaoke	
000EB5	Ecastle	
000EB6	Riverbed	
000EB7	Knovative	
000EB8	Iiga	
000EB9	HASHIMOTO Electronics	
000EBA	Hanmi Semiconductor	
000EBB	Everbee	
000EBC	Paragon Fidelity	
000EBD	Burdick, a Quinton	
000EBE	B&B Electronics	Smart Home
000EBF	Remsdaq Limited	
000EC0	Nortel	
000EC1	MYNAH	
000EC2	Lowrance	
000EC3	Logic Controls	
000EC4	Iskra Transmission d.d	
000EC5	Digital Multitools	
000EC6	Asix	
000EC7	Motorola Korea	Phone
000EC8	Zoran	
000EC9	YOKO	
000ECA	WTSS	
000ECB	VineSys	
000ECC	Tableau	
000ECD	Skov A/S	
000ECE	S.I.T.T.I. S.p.A	
000ECF	PROFIBUS	
000ED0	Privaris	
000ED1	Osaka Micro Computer	
000ED2	Filtronic plc	
000ED3	Epicenter	
000ED4	Cresitt Industrie	
000ED5	COPAN	
000ED6	Cisco	Router
000ED7	Cisco	Router
000ED8	Positron Access	
000ED9	Aksys	
000EDA	C-Tech United	
000EDB	XiNCOM	
000EDC	Tellion	
000EDD	Shure Incorporated	Audio
000EDE	REMEC	
000EDF	PLX	
000EE0	Mcharge	
000EE1	ExtremeSpeed	
000EE2	Custom Engineering	Smart Home
000EE3	Chiyu	
000EE4	Boe	
000EE5	bitWallet	
000EE6	Adimos	
000EE7	Aac	
000EE8	Zioncom Electronics	
000EE9	WayTech Development	
000EEA	Shadong Luneng Jicheng	
000EEB	Sandmartin(zhong	
000EEC	Orban	
000EED	Nokia Danmark A/S	
000EEE	Muco Industrie	
000EEF	Private	
000EF0	Festo AG & Co	
000EF1	Ezquest	
000EF2	Infinico	
000EF3	Smartlabs	
000EF4	Kasda	
000EF5	iPAC	
000EF6	E-TEN Information	
000EF7	Vulcan Portals	
000EF8	Sbc Asi	
000EF9	REA Elektronik	
000EFA	Optoway Technology	
000EFB	Macey Enterprises	
000EFC	JTAG	
000EFD	Fujinon	
000EFE	EndRun	
000EFF	Megasolution	
000F00	Legra	
000F01	Digitalks	
000F02	Digicube	
000F03	Com&C	
000F04	cim-usa	
000F05	3B System	
000F06	Nortel	
000F07	Mangrove	
000F08	Indagon Oy	
000F09	Private	
000F0A	Clear Edge	
000F0B	Kentima Technologies AB	
000F0C	Synchronic Engineering	Smart Home
000F0D	Hunt Electronic	
000F0E	WaveSplitter	
000F0F	Real ID	
000F10	RDM	
000F11	Prodrive	
000F12	Panasonic Europe	
000F13	Nisca	
000F14	Mindray	
000F15	Icotera A/S	
000F16	Jay How Technology Co	
000F17	Insta Elektro	
000F18	Industrial Control	
000F19	Boston Scientific	
000F1A	Gaming Support	
000F1B	Ego	
000F1C	DigitAll World	
000F1D	Cosmo Techs	
000F1E	Chengdu KT Electric	
000F1F	Dell	Computer
000F20	Hewlett Packard	Computer
000F21	Scientific Atlanta	
000F22	Helius	
000F23	Cisco	Router
000F24	Cisco	Router
000F25	AimValley	
000F26	WorldAccxx	
000F27	TEAL	
000F28	Itronix	
000F29	Augmentix	
000F2A	Cableware	
000F2B	Greenbell	
000F2C	Lantronix	
000F2D	Chung-Hsin Electric &	
000F2E	Megapower	
000F2F	W-Linx	
000F30	Raza Microelectronics	
000F31	Allied Vision	
000F32	Lootom Telcovideo	
000F33	DUALi	
000F34	Cisco	Router
000F35	Cisco	Router
000F36	Accurate Techhnologies	
000F37	Xambala Incorporated	
000F38	Netstar	
000F39	Iris Sensors	
000F3A	Hisharp	
000F3B	Fuji System Machines	
000F3C	Endeleo Limited	
000F3D	D-Link	Router
000F3E	CardioNet	
000F3F	Big Bear	
000F40	Optical Internetworking	
000F41	Zipher	
000F42	Xalyo	
000F43	Wasabi	
000F44	Tivella	
000F45	Stretch	
000F46	Sinar	
000F47	Robox Spa	
000F48	Polypix	
000F49	Northover Solutions	
000F4A	Kyushu-kyohan	
000F4B	Oracle	
000F4C	Elextech	
000F4D	TalkSwitch	Switch
000F4E	Cellink	
000F4F	PCS Systemtechnik	
000F50	StreamScale Limited	
000F51	Azul	
000F52	YORK Refrigeration,	
000F53	Solarflare	
000F54	Entrelogic	
000F55	Datawire Communication	
000F56	Continuum Photonics	
000F57	CABLELOGIC	
000F58	Adder Technology Limited	
000F59	Phonak	
000F5A	Peribit	
000F5B	Delta Information	
000F5C	Day One Digital Media	
000F5D	Genexis	
000F5E	Veo	
000F5F	Nicety Technologies	
000F60	Lifetron	
000F61	Hewlett Packard	Computer
000F62	Alcatel Bell Space N.V	
000F63	Obzerv	
000F64	D&R Electronica Weesp	
000F65	icube	
000F66	Cisco-Linksys	Router
000F67	West Instruments	
000F68	Vavic	
000F69	SEW Eurodrive GmbH & Co	
000F6A	Nortel	
000F6B	GateWare	
000F6C	ADDI-DATA	
000F6D	Midas Engineering	Smart Home
000F6E	BBox	
000F6F	FTA Communication	
000F70	Wintec	
000F71	Sanmei	
000F72	Sandburst	
000F73	RS Automation	
000F74	Qamcom Technology AB	
000F75	First Silicon Solutions	
000F76	Digital Keystone	
000F77	Dentum	
000F78	Datacap	
000F79	Bluetooth Interest	
000F7A	BeiJing NuQX	
000F7B	Arce Sistemas	
000F7C	ACTi	
000F7D	Xirrus	Access Point
000F7E	Ablerex	
000F7F	UBSTORAGE	
000F80	Trinity Security	
000F81	PAL Pacific	
000F82	Mortara Instrument	
000F83	Brainium	
000F84	Astute	
000F85	ADDO-Japan	
000F86	BlackBerry RTS	
000F87	Maxcess	
000F88	AMETEK	
000F89	Winnertec System	
000F8A	WideView	
000F8B	Orion MultiSystems	
000F8C	Gigawavetech	
000F8D	FAST TV-Server	TV
000F8E	Dongyang Telecom	
000F8F	Cisco	Router
000F90	Cisco	Router
000F91	Aerotelecom	
000F92	Microhard	
000F93	Landis+Gyr	
000F94	Genexis	
000F95	ELECOM Co.,LTD Laneed	
000F96	Telco	
000F97	Avanex	
000F98	Avamax	
000F99	APAC opto	
000F9A	Synchrony	
000F9B	Ross Video Limited	
000F9C	Panduit	
000F9D	DisplayLink (UK)	
000F9E	Murrelektronik	
000F9F	Commscope	
000FA0	Canon Korea	Camera
000FA1	Gigabit	
000FA2	2xWireless	
000FA3	Alpha	
000FA4	Sprecher Automation	
000FA5	BWA	
000FA6	S2 Security	
000FA7	Raptor	
000FA8	Photometrics	
000FA9	PC Fabrik	
000FAA	Nexus	
000FAB	Kyushu	Smart Home
000FAC	Ieee 802.11	
000FAD	FMN	
000FAE	E2O	
000FAF	Dialog	
000FB0	Compal	
000FB1	Cognio	
000FB2	Broadband Pacenet	
000FB3	Actiontec	
000FB4	Timespace	
000FB5	Netgear	Router
000FB6	Europlex	Media Player
000FB7	Cavium	
000FB8	CallURL	
000FB9	Adaptive Instruments	Automotive
000FBA	Tevebox AB	
000FBB	Nokia Siemens Networks	
000FBC	Onkey	
000FBD	MRV Communications	
000FBE	e-w/you	
000FBF	DGT Sp. z o.o	
000FC0	DELCOMp	
000FC1	WAVE	
000FC2	Uniwell	
000FC3	PalmPalm	
000FC4	NST	
000FC5	KeyMed	
000FC6	Eurocom Industries A/S	
000FC7	Dionica R&D	
000FC8	Chantry	
000FC9	Allnet	
000FCA	A-Jin Techline	
000FCB	3Com	Switch
000FCC	Commscope	
000FCD	Nortel	
000FCE	Kikusui	
000FCF	DataWind Research	
000FD0	Astri	
000FD1	Applied Wireless	Access Point
000FD2	EWA	
000FD3	Digium	
000FD4	Soundcraft	
000FD5	Schwechat - RISE	
000FD6	Sarotech	
000FD7	Harman Music	Automotive
000FD8	Force	
000FD9	FlexDSL	
000FDA	Yazaki	
000FDB	Westell	
000FDC	Ueda Japan Radio	
000FDD	Sordin Ab	
000FDE	Sony	
000FDF	SOLOMON	
000FE0	NComputing	
000FE1	Id Digital	
000FE2	Hangzhou H3C	
000FE3	Damm Cellular Systems	
000FE4	Pantech	
000FE5	Mercury Security	
000FE6	MBTech	
000FE7	Lutron Electronics Co	
000FE8	Lobos	
000FE9	Gw	
000FEA	Giga-Byte	Computer
000FEB	Cylon Controls	
000FEC	GopherTec	
000FED	Anam	
000FEE	XTec, Incorporated	
000FEF	Thales e-Transactions	
000FF0	Sunray	
000FF1	nex-G	
000FF2	Loud	
000FF3	Jung Myoung	
000FF4	Guntermann & Drunck	
000FF5	GN&S	
000FF6	Darfon Lighting	
000FF7	Cisco	Router
000FF8	Cisco	Router
000FF9	Valcretec	
000FFA	Optinel	
000FFB	Nippon Denso Industry	Automotive
000FFC	Merit Li-Lin Ent	
000FFD	Glorytek	
000FFE	G-Pro Computer	
000FFF	Control4	
001000	Cable Television	TV
001001	Citel	
001002	Actia	
001003	Imatron	
001004	The Brantley Coile	
001005	Uec Commercial	
001006	Thales Contact Solutions	
001007	Cisco	Router
001008	Vienna	
001009	Horanet	
00100A	Williams	
00100B	Cisco	Router
00100C	Ito	
00100D	Cisco	Router
00100E	Micro Linear Coporation	
00100F	Industrial Cpu	
001010	Initio	
001011	Cisco	Router
001012	Processor Systems (I)	
001013	Kontron America	
001014	Cisco	Router
001015	OOmon	
001016	T.Sqware	
001017	Bosch Access	
001018	Broadcom	
001019	SIRONA DENTAL SYSTEMS	
00101A	PictureTel	
00101B	Cornet	
00101C	Ohm Technologies Intl	
00101D	Winbond	
00101E	Matsushita Electronic	
00101F	Cisco	Router
001020	Hand Held Products	
001021	Encanto	
001022	SatCom Media	
001023	Network Equipment	
001024	Nagoya Electric Works	
001025	Grayhill	
001026	Accelerated	
001027	L-3 Communications East	Switch
001028	Computer Technica	
001029	Cisco	Router
00102A	Zf Microsystems	
00102B	Umax Data	
00102C	Lasat Networks A/S	
00102D	Hitachi Software	Smart Home
00102E	Network Systems &	
00102F	Cisco	Router
001030	EION	
001031	Objective	
001032	Alta	
001033	Accesslan	
001034	GNP Computers	
001035	Elitegroup Computer	
001036	Inter-Tel Integrated	
001037	CYQ've	
001038	Micro Research	
001039	Vectron	
00103A	Diamond	
00103B	Hippi Networking Forum	
00103C	Ic Ensemble	
00103D	Phasecom	
00103E	Netschools	
00103F	Tollgrade	
001040	Intermec	
001041	Bristol Babcock	
001042	Alacritech	
001043	A2	
001044	InnoLabs	
001045	Nortel	
001046	Alcorn Mcbride	
001047	Echo Eletric	Smart Home
001048	Htrc Automation	
001049	ShoreTel	
00104A	The Parvus	
00104B	3Com	Switch
00104C	Teledyne LeCroy	
00104D	Surtec	
00104E	Ceologic	
00104F	Oracle	
001050	Rion	
001051	Cmicro	
001052	Mettler-Toledo	
001053	Computer	
001054	Cisco	Router
001055	Fujitsu Microelectronics	
001056	Sodick	
001057	Rebel.com	
001058	ArrowPoint	
001059	Diablo Research Co	
00105A	3Com	Switch
00105B	Net Insight Ab	
00105C	Quantum Designs (H.K.)	
00105D	Draeger Medical	Medical
00105E	Spirent plc, Service	
00105F	Zodiac Data	
001060	Billionton	
001061	Hostlink	
001062	Nx Server, Ilnc	
001063	Starguide Digital	
001064	Dnpg	
001065	Radyne	
001066	Advanced Control	
001067	Ericsson	
001068	Comos Telecom	
001069	Helioss	
00106A	Digital Microwave	
00106B	Sonus	
00106C	EDNT	
00106D	Axxcelera Broadband	
00106E	Tadiran Com	
00106F	Trenton	
001070	Caradon Trend	
001071	Advanet	
001072	Gvn	
001073	Technobox	
001074	Aten	
001075	Segate	
001076	EUREM	
001077	Saf Drive	
001078	Nuera	
001079	Cisco	Router
00107A	AmbiCom	
00107B	Cisco	Router
00107C	P-Com	
00107D	Aurora	
00107E	BACHMANN ELECTRONIC	
00107F	Crestron	
001080	Metawave	
001081	Dps	
001082	Jna Telecommunications	
001083	Hewlett Packard	Computer
001084	K-Bot	
001085	Polaris	Wearable
001086	ATTO	
001087	Xstreamis Plc	
001088	American	
001089	WebSonic	
00108A	TeraLogic	
00108B	Laseranimation Sollinger	
00108C	Fujitsu Services	
00108D	Johnson Controls	
00108E	HUGH SYMONS CONCEPT	
00108F	Raptor	
001090	Cimetrics	
001091	No Wires Needed	
001092	Netcore	
001093	Cms Computers	
001094	Performance Analysis	
001095	Thomson	
001096	Tracewell	
001097	WinNet Metropolitan	
001098	Starnet	
001099	InnoMedia	
00109A	Netline	
00109B	Emulex	
00109C	MG	
00109D	Clarinet	
00109E	Aware	
00109F	Pavo	
0010A0	Innovex	
0010A1	Kendin Semiconductor	
0010A2	Tns	
0010A3	Omnitronix	
0010A4	Xircom	
0010A5	Oxford Instruments	
0010A6	Cisco	Router
0010A7	Unex	
0010A8	Reliance Computer	
0010A9	Adhoc	
0010AA	Media4	
0010AB	Koito Electric	
0010AC	Imci	
0010AD	Softronics Usb	
0010AE	Shinko Electric	
0010AF	Tac	
0010B0	Meridian	
0010B1	For-A	
0010B2	Coactive Aesthetics	
0010B3	Nokia Multimedia	
0010B4	Atmosphere	
0010B5	Accton	
0010B6	Entrata	
0010B7	Coyote	
0010B8	Ishigaki Computer	
0010B9	Maxtor	
0010BA	Martinho-Davis	
0010BB	Data & Information	
0010BC	Aastra Telecom	
0010BD	The Telecommunication	
0010BE	March	
0010BF	InterAir Wireless	
0010C0	ARMA	
0010C1	Oi Electric	
0010C2	Willnet	
0010C3	Csi-Control	
0010C4	Media Global Links	
0010C5	Protocol	
0010C6	Universal Global	
0010C7	Data Transmission	
0010C8	Communications	
0010C9	Mitsubishi Electronics	
0010CA	Telco	
0010CB	Facit K.K	
0010CC	CLP COMPUTER LOGISTIK	
0010CD	Interface Concept	
0010CE	Volamp	
0010CF	Fiberlane	
0010D0	Witcom	
0010D1	Top Layer	
0010D2	Nitto Tsushinki	
0010D3	Grips Electronic	
0010D4	Storage Computer	
0010D5	Imasde Canarias	
0010D6	Exelis	
0010D7	Argosy Research	
0010D8	Calista	
0010D9	Ibm Japan, Fujisawa Mt+D	
0010DA	Kollmorgen	
0010DB	Juniper	Router
0010DC	Micro-Star	
0010DD	Enable Semiconductor	
0010DE	International	
0010DF	Rise Computer	
0010E0	Oracle	
0010E1	S.I	
0010E2	ArrayComm	
0010E3	Hewlett Packard	Computer
0010E4	Nsi	
0010E5	Solectron Texas	
0010E6	Applied Intelligent	
0010E7	Breezecom	
0010E8	Telocity, Incorporated	
0010E9	Raidtec	
0010EA	Adept	
0010EB	Selsius	
0010EC	Embedded Planet	
0010ED	Sundance	
0010EE	Cti Products	
0010EF	Dbtel Incorporated	
0010F0	RITTAL-WERK RUDOLF LOH	
0010F1	I-O	
0010F2	Antec	
0010F3	Nexcom	
0010F4	Vertical	
0010F5	Amherst	
0010F6	Cisco	Router
0010F7	IRIICHI	
0010F8	Texio	
0010F9	Unique	
0010FA	Apple	Phone
0010FB	Zida Technologies	
0010FC	Broadband	
0010FD	Cocom A/S	
0010FE	Digital Equipment	
0010FF	Cisco	Router
001100	Schneider Electric	Industrial
001101	CET	
001102	Aurora Multimedia	
001103	kawamura electric	
001104	Telexy	
001105	Sunplus	
001106	Siemens NV (Belgium)	
001107	RGB	
001108	Orbital Data	
001109	Micro-Star	
00110A	Hewlett Packard	Computer
00110B	Franklin	
00110C	Atmark Techno	
00110D	SANBlaze	
00110E	Tsurusaki Sealand	
00110F	netplat	
001110	Maxanna	
001111	Intel	Computer
001112	Honeywell CMSS	Industrial
001113	Fraunhofer FOKUS	
001114	EverFocus	
001115	EPIN	
001116	Coteau Vert	
001117	Cesnet	
001118	BLX IC Design	
001119	Solteras	
00111A	Commscope	
00111B	Targa Systems Div L-3	
00111C	Pleora	
00111D	Hectrix Limited	
00111E	B&R Industrial	
00111F	Doremi	
001120	Cisco	Router
001121	Cisco	Router
001122	CIMSYS	
001123	Appointech	
001124	Apple	Phone
001125	IBM	
001126	Venstar	
001127	TASI	
001128	Streamit	
001129	Paradise Datacom	
00112A	Niko NV	
00112B	NetModule	
00112C	IZT	
00112D	iPulse	
00112E	Ceicom	
00112F	ASUSTek COMPUTER	Computer
001130	Allied Telesis (Hong	Switch
001131	Unatech	
001132	Synology Incorporated	Storage
001133	Siemens AG Austria	Industrial
001134	MediaCell	
001135	Grandeye	
001136	Goodrich Sensor	
001137	Aichi Electric	
001138	Taishin	
001139	STOEBER ANTRIEBSTECHNIK	
00113A	Shinboram	
00113B	Micronet	
00113C	Micronas	
00113D	Kn Soltec	
00113E	JL	
00113F	Alcatel DI	
001140	Nanometrics	
001141	GoodMan	
001142	e-SMARTCOM	
001143	Dell	Computer
001144	Assurance	
001145	ValuePoint	
001146	Telecard-Pribor	
001147	Secom-Industry	
001148	Prolon Control	
001149	Proliphix	
00114A	KAYABA INDUSTRY Co,.Ltd	
00114B	Francotyp-Postalia	
00114C	caffeina applied	
00114D	Atsumi Electric	Appliance
00114E	690885 Ontario	
00114F	US Digital Television	TV
001150	Belkin	
001151	Mykotronx	
001152	Eidsvoll Electronics AS	
001153	Trident Tek	
001154	Webpro	
001155	Sevis	
001156	Pharos Systems NZ	
001157	Oki Electric Industry	
001158	Nortel	
001159	Matisse	
00115A	Ivoclar Vivadent	
00115B	Elitegroup Computer	
00115C	Cisco	Router
00115D	Cisco	Router
00115E	ProMinent Dosiertechnik	
00115F	ITX Security	
001160	ARTDIO	
001161	NetStreams	
001162	Star Micronics	
001163	System Spa Dept	
001164	ACARD	
001165	ZNYX	
001166	Taelim	
001167	Integrated System	
001168	HomeLogic	
001169	EMS Satcom	
00116A	Domo	
00116B	Digital Data	
00116C	Nanwang Multimedia	
00116D	American Time and Signal	
00116E	Peplink	Router
00116F	Netforyou	
001170	Gsc	
001171	DEXTER	
001172	Cotron	
001173	SMART Storage	
001174	Mojo	Access Point
001175	Intel	Computer
001176	Intellambda	
001177	Coaxial	
001178	Chiron	
001179	Singular	
00117A	Singim	
00117B	Büchi Labortechnik	
00117C	e-zy.net	
00117D	ZMD America	
00117E	Midmark	
00117F	Neotune Information	
001180	Commscope	
001181	InterEnergy	
001182	IMI Norgren	
001183	Datalogic ADC	
001184	Humo Laboratory	
001185	Hewlett Packard	Computer
001186	Prime	
001187	Category Solutions	
001188	Enterasys	Switch
001189	Aerotech	
00118A	Viewtran Technology	
00118B	Alcatel-Lucent	VoIP
00118C	Missouri Department of	
00118D	Hanchang System	
00118E	Halytech Mace	
00118F	Eutech Instruments	
001190	Digital Design	
001191	CTS-Clima Temperatur	
001192	Cisco	Router
001193	Cisco	Router
001194	Chi Mei Communication	
001195	D-Link	Router
001196	Actuality	
001197	Monitoring Technologies	Smart Home
001198	Prism Media Products	
001199	2wcom	
00119A	Alkeria	
00119B	Telesynergy Research	
00119C	EP&T Energy	
00119D	Diginfo	
00119E	Solectron Brazil	
00119F	Nokia Danmark A/S	
0011A0	Vtech Engineering Canada	Smart Home
0011A1	Vision Netware	
0011A2	Manufacturing	Smart Home
0011A3	LanReady	
0011A4	JStream	
0011A5	Fortuna Electronic	
0011A6	Sypixx	
0011A7	Infilco Degremont	
0011A8	Quest	
0011A9	Nurivoice	
0011AA	Uniclass	
0011AB	Trustable	Tablet
0011AC	Simtec	
0011AD	Shanghai Ruijie	
0011AE	Commscope	
0011AF	Medialink-i	
0011B0	Fortelink	
0011B1	BlueExpert	
0011B2	2001	
0011B3	Yoshimiya	
0011B4	Westermo Network	
0011B5	Shenzhen Powercom	
0011B6	Open	
0011B7	Octalix	
0011B8	Liebherr - Elektronik	
0011B9	Inner Range	
0011BA	Elexol	
0011BB	Cisco	Router
0011BC	Cisco	Router
0011BD	Bombardier	
0011BE	AGP Telecom	
0011BF	AESYS S.p.A	
0011C0	Aday	
0011C1	4P Mobile Data	
0011C2	United Fiber Optic	
0011C3	Transceiving System	
0011C4	Terminales de	
0011C5	TEN	
0011C6	Seagate	Storage
0011C7	Raymarine UK	
0011C8	Powercom	
0011C9	MTT	
0011CA	Long Range	
0011CB	Jacobsons AB	
0011CC	Guangzhou Jinpeng	
0011CD	Axsun	
0011CE	Ubisense Limited	
0011CF	Thrane & Thrane A/S	
0011D0	Tandberg Data ASA	
0011D1	Soft Imaging System	
0011D2	Perception Digital	
0011D3	NextGenTel Holding ASA	
0011D4	NetEnrich	
0011D5	Hangzhou Sunyard System	Smart Home
0011D6	HandEra	
0011D7	eWerks	
0011D8	ASUSTek COMPUTER	Computer
0011D9	TiVo	
0011DA	Vivaas	
0011DB	Land-Cellular	
0011DC	Glunz & Jensen	
0011DD	FROMUS TEC	
0011DE	Eurilogic	
0011DF	Current Energy	
0011E0	U-MEDIA	
0011E1	Arcelik A.S	
0011E2	Hua Jung Components	
0011E3	Thomson	
0011E4	Danelec Electronics A/S	
0011E5	KCodes	
0011E6	Scientific Atlanta	
0011E7	WORLDSAT - Texas de	
0011E8	Tixi.Com	
0011E9	Starnex	
0011EA	IWICS	
0011EB	Innovative Integration	
0011EC	Avix	
0011ED	802 Global	
0011EE	Estari	
0011EF	Conitec Datensysteme	
0011F0	Wideful Limited	
0011F1	QinetiQ	
0011F2	Institute of	
0011F3	NeoMedia Europe	
0011F4	woori-net	
0011F5	Askey Computer	
0011F6	Asia Pacific	
0011F7	Shenzhen Forward	
0011F8	AIRAYA	
0011F9	Nortel	
0011FA	Rane	
0011FB	Heidelberg Engineering	Smart Home
0011FC	HARTING	
0011FD	Korg	
0011FE	Keiyo System Research	
0011FF	Digitro Tecnologia Ltda	
001200	Cisco	Router
001201	Cisco	Router
001202	Decrane Aerospace -	Automotive
001203	ActivNetworks	
001204	u10	
001205	Terrasat	
001206	iQuest (NZ)	
001207	Head Strong	
001208	Gantner Instruments	
001209	Fastrax	
00120A	Emerson Climate	Thermostat
00120B	Chinasys Technologies	
00120C	CE-Infosys	
00120D	Advanced	
00120E	AboCom	
00120F	Ieee 802.3	
001210	WideRay	
001211	Protechna Herbst GmbH &	
001212	PLUS	
001213	Metrohm	
001214	Koenig & Bauer	
001215	iStor	
001216	ICP Internet	
001217	Cisco-Linksys	Router
001218	ARUZE	
001219	General Datacomm	
00121A	Techno Soft Systemnics	
00121B	Sound Devices	
00121C	Parrot	
00121D	Netfabric	
00121E	Juniper	Router
00121F	Harding Instruments	
001220	Cadco	
001221	B.Braun Melsungen	
001222	Skardin (UK)	
001223	Pixim	
001224	NexQL	
001225	Commscope	
001226	Japan Direx	
001227	Franklin Electric Co	
001228	Data	
001229	BroadEasy	
00122A	VTech Telecommunications	
00122B	Virbiage	
00122C	Soenen Controls N.V	
00122D	SiNett	
00122E	Signal Technology - AISD	
00122F	Sanei Electric	
001230	Picaso Infocommunication	
001231	Motion Control	
001232	LeWiz	
001233	JRC TOKKI	
001234	Camille Bauer	
001235	Andrew	
001236	ConSentry	
001237	Texas Instruments	IoT
001238	SetaBox	
001239	S Net	
00123A	Posystech Inc., Co	
00123B	KeRo Systems ApS	
00123C	Second Rule	
00123D	GES	
00123E	ERUNE	
00123F	Dell	Computer
001240	Amoi	
001241	a2i marketing center	
001242	Millennial Net	
001243	Cisco	Router
001244	Cisco	Router
001245	Zellweger Analytics	
001246	T.O.M	
001247	Samsung	Phone
001248	Dell EMC	Computer
001249	Delta Elettronica S.p.A	
00124A	Dedicated Devices	
00124B	Texas Instruments	IoT
00124C	BBWM	
00124D	Inducon	
00124E	Xac Automation	
00124F	Chemelex	
001250	Tokyo Aircaft Instrument	
001251	Silink	
001252	Citronix	
001253	AudioDev AB	Automotive
001254	Spectra	
001255	NetEffect Incorporated	
001256	Lg Information &	
001257	LeapComm Communication	
001258	TechVoIP Sp z o.o	
001259	Thermo Electron	
00125A	Microsoft	Computer
00125B	Kaimei Electroni	
00125C	Green Hills Software	
00125D	CyberNet	
00125E	Caen	
00125F	AWIND	
001260	Stanton Magnetics	
001261	Adaptix	
001262	Nokia Danmark A/S	
001263	Data Voice	
001264	daum electronic	
001265	Enerdyne	
001266	Swisscom Hospitality	
001267	Panasonic	
001268	IPS d.o.o	
001269	Value	
00126A	OPTOELECTRONICS	
00126B	Ascalade Communications	
00126C	Visonic Technologies	
00126D	University of	
00126E	Seidel Elektronik GmbH	
00126F	Rayson	
001270	NGES Denro	
001271	Measurement Computing	
001272	Redux	
001273	Stoke	
001274	NIT	
001275	Sentilla	
001276	CG Power Systems	
001277	Beijer	
001278	International Bar Code	
001279	Hewlett Packard	Computer
00127A	Sanyu Industry	
00127B	VIA Networking	
00127C	Swegon Ab	
00127D	MobileAria	
00127E	Digital Lifestyles	
00127F	Cisco	Router
001280	Cisco	Router
001281	March Networks S.p.A	
001282	Qovia	
001283	Nortel	
001284	Lab33	
001285	Gizmondo Europe	
001286	Endevco	
001287	Digital Everywhere	
001288	2Wire	
001289	Advance Sterilization	
00128A	Commscope	
00128B	Sensory	
00128C	Woodward Governor	
00128D	STB Datenservice	
00128E	Q-Free ASA	
00128F	Montilio	
001290	KYOWA Electric &	
001291	KWS Computersysteme	
001292	Griffin	
001293	ABB Switzerland	Industrial
001294	Sumitomo Electric	
001295	Aiware	
001296	Addlogix	
001297	O2Micro	
001298	Mico Electric(Shenzhen)	
001299	Ktech Telecommunications	
00129A	IRT	
00129B	E2S Electronic	Smart Home
00129C	Yulinet	
00129D	First International	
00129E	Surf	
00129F	RAE	
0012A0	NeoMeridian Sdn Bhd	
0012A1	BluePacket	
0012A2	Vita	
0012A3	Trust	
0012A4	ThingMagic	
0012A5	Dolphin Interconnect	
0012A6	Dolby Australia	
0012A7	ISR	
0012A8	intec	
0012A9	3Com	Switch
0012AA	IEE	
0012AB	WiLife	
0012AC	Ontimetek	
0012AD	Vivavis	
0012AE	HLS HARD-LINE Solutions	
0012AF	ELPRO	
0012B0	Efore Oyj (Plc)	
0012B1	Dai Nippon Printing	
0012B2	Avolites	
0012B3	Advance Wireless	
0012B4	Work Microwave	
0012B5	Vialta	
0012B6	Santa Barbara Infrared	
0012B7	PTW Freiburg	
0012B8	G2 Microsystems	
0012B9	Fusion Digital	
0012BA	FSI	
0012BB	Telecommunications	
0012BC	Echolab	Smart Home
0012BD	Avantec Manufacturing	Smart Home
0012BE	Astek	
0012BF	Arcadyan	
0012C0	HotLava	
0012C1	Check Point Software	
0012C2	Apex Electronics Factory	
0012C3	Wit	
0012C4	Viseon	
0012C5	V-Show Technology	
0012C6	TGC America	
0012C7	SECURAY Technologies	
0012C8	Perfect	
0012C9	Commscope	
0012CA	Mechatronic Brick Aps	
0012CB	CSS	
0012CC	Bitatek	
0012CD	ASEM SpA	
0012CE	Advanced Cybernetics	
0012CF	Accton	
0012D0	Gossen-Metrawatt-GmbH	
0012D1	Texas Instruments	IoT
0012D2	Texas Instruments	IoT
0012D3	Zetta	
0012D4	Princeton	
0012D5	Motion Reality	
0012D6	Jiangsu Yitong High-Tech	
0012D7	Invento	
0012D8	International Games	
0012D9	Cisco	Router
0012DA	Cisco	Router
0012DB	ZIEHL	
0012DC	SunCorp Industrial	
0012DD	Shengqu Information	
0012DE	Radio Components Sweden	
0012DF	Novomatic	
0012E0	Codan Limited	
0012E1	Alliant	
0012E2	ALAXALA	
0012E3	Agat Soft	
0012E4	ZIEHL	
0012E5	Time America	
0012E6	Spectec Computer	
0012E7	Projectek Networking	
0012E8	Fraunhofer IMS	
0012E9	Abbey	Industrial
0012EA	Trane	Thermostat
0012EB	PDH Solutions	
0012EC	Movacolor	
0012ED	AVG Advanced	
0012EE	Sony	
0012EF	OneAccess	
0012F0	Intel Corporate	Computer
0012F1	Ifotec	
0012F2	Brocade	Switch
0012F3	u-blox	
0012F4	Belco	
0012F5	Imarda New Zealand	
0012F6	Mdk	
0012F7	Xiamen Xinglian	
0012F8	WNI Resources	
0012F9	Uryu Seisaku	
0012FA	Thx	
0012FB	Samsung	Phone
0012FC	PLANET System	
0012FD	Optimus Ic	
0012FE	Lenovo Mobile	Computer
0012FF	Lely Industries N.V	
001300	It-Factory	
001301	IronGate S.L	
001302	Intel Corporate	Computer
001303	GateConnect	
001304	Flaircomm	
001305	Epicom	
001306	Always On Wireless	
001307	Paravirtual	
001308	Nuvera Fuel Cells	
001309	Ocean Broadband	
00130A	Nortel	
00130B	Mextal	
00130C	HF System	
00130D	Galileo Avionica	
00130E	Focusrite Audio	Smart Home
00130F	EGEMEN Bilgisayar Muh	
001310	Cisco-Linksys	Router
001311	Commscope	
001312	Amedia	
001313	GuangZhou Post &	
001314	Asiamajor	
001315	Sony Interactive	Gaming
001316	L-S-B Broadcast	
001317	GN Netcom A/S	
001318	DGSTATION	
001319	Cisco	Router
00131A	Cisco	Router
00131B	BeCell Innovations	
00131C	LiteTouch	
00131D	Scanvaegt International	
00131E	peiker acustic	
00131F	NxtPhase T&D	
001320	Intel Corporate	Computer
001321	Hewlett Packard	Computer
001322	DAQ	
001323	Cap	
001324	Schneider Electric	Industrial
001325	Cortina	
001326	ECM	
001327	Data Acquisitions	
001328	Westech Korea	
001329	VSST	
00132A	Sitronics Telecom	
00132B	Phoenix Digital	
00132C	MAZ Brandenburg	
00132D	iWise	
00132E	ITian Coporation	
00132F	Interactek	
001330	Euro Protection	
001331	CellPoint Connect	
001332	Beijing Topsec Network	
001333	BaudTec	
001334	Arkados	
001335	VS Industry Berhad	
001336	Tianjin 712	
001337	Orient Power Home	
001338	Fresenius-Vial	Medical
001339	CCV Deutschland	
00133A	VadaTech	
00133B	Speed Dragon Multimedia	
00133C	Quintron	
00133D	Micro Memory Curtiss	
00133E	MetaSwitch	Switch
00133F	Eppendorf Instrumente	
001340	AD.EL s.r.l	
001341	Shandong New Beiyang	
001342	Vision Research	
001343	Matsushita Electronic	
001344	Fargo	
001345	Eaton	
001346	D-Link	Router
001347	Red Lion Controls, LP	
001348	Artila	
001349	Zyxel	Router
00134A	Engim	
00134B	ToGoldenNet	
00134C	YDT	
00134D	Inepro	
00134E	Valox	
00134F	Rapidus Wireless	Access Point
001350	Silver Spring	Smart Home
001351	Niles Audio	Automotive
001352	Naztec	Phone
001353	HYDAC Filtertechnik	
001354	Zcomax	
001355	TOMEN Cyber-business	
001356	FLIR Radiation	Camera
001357	Soyal	
001358	Realm	
001359	ProTelevision	TV
00135A	Project T&E Limited	
00135B	PanelLink Cinema	
00135C	OnSite	
00135D	NTTPC	
00135E	Eab/Rwi/K	
00135F	Cisco	Router
001360	Cisco	Router
001361	Biospace	
001362	ShinHeung Precision	
001363	Verascape	
001364	Paradigm	
001365	Nortel	
001366	Neturity	
001367	Narayon	
001368	Saab Danmark A/S	
001369	Honda Electron Co., LED	
00136A	Hach Lange Sarl	
00136B	E-Tec	
00136C	TomTom	
00136D	Tentaculus AB	
00136E	Techmetro	
00136F	PacketMotion	
001370	Nokia Danmark A/S	
001371	Commscope	
001372	Dell	Computer
001373	BLwave	
001374	Atheros	
001375	American Security	
001376	Tabor	
001377	Samsung	Phone
001378	Qsan	
001379	Ponder Information	
00137A	Netvox	
00137B	Movon	
00137C	Kaicom	
00137D	Dynalab	
00137E	CorEdge	
00137F	Cisco	Router
001380	Cisco	Router
001381	CHIPS &	
001382	Cetacea	
001383	Application	Smart Home
001384	Advanced Motion Controls	
001385	Add-On	
001386	ABB Inc/Totalflow	Industrial
001387	27M Technologies AB	
001388	WiMedia Alliance	
001389	Redes de Telefonía Móvil	
00138A	Qingdao GoerTek	
00138B	Phantom	
00138C	Kumyoung.Co.Ltd	
00138D	Kinghold	
00138E	FOAB Elektronik AB	
00138F	Asiarock Technology	
001390	Termtek Computer	
001391	Ouen	
001392	Ruckus Wireless	Router
001393	Panta	
001394	Infohand	
001395	congatec	
001396	Acbel Polytech	
001397	Oracle	
001398	TrafficSim	
001399	STAC	
00139A	K-ubique ID	
00139B	ioIMAGE	
00139C	Exavera	
00139D	MaxLinear Hispania S.L.U	
00139E	Ciara	
00139F	Electronics Design	
0013A0	ALGOSYSTEM	
0013A1	Crow Electronic	Smart Home
0013A2	MaxStream	
0013A3	Siemens Home & Office	Appliance
0013A4	KeyEye	
0013A5	General Solutions	
0013A6	Extricom	
0013A7	Battelle Memorial	
0013A8	Tanisys	
0013A9	Sony	
0013AA	ALS & TEC	
0013AB	Telemotive	
0013AC	Sunmyung	
0013AD	Sendo	
0013AE	Radiance	
0013AF	NUMA	
0013B0	Jablotron	
0013B1	Intelligent Control	
0013B2	Carallon Limited	
0013B3	Ecom	
0013B4	Appear AS	
0013B5	Wavesat	
0013B6	Sling Media	
0013B7	Scantech ID	
0013B8	RyCo Electronic Systems	
0013B9	Bm Spa	
0013BA	ReadyLinks	
0013BB	Smartvue	
0013BC	Artimi	
0013BD	Hymatom	
0013BE	Virtual Conexions	
0013BF	Media System Planning	
0013C0	Trix Tecnologia Ltda	
0013C1	Asoka USA	
0013C2	WACOM	
0013C3	Cisco	Router
0013C4	Cisco	Router
0013C5	Lightron Fiber-Optic	
0013C6	OpenGear	
0013C7	IONOS	
0013C8	ADB Broadband Italia	
0013C9	Beyond Achieve	
0013CA	Atx	
0013CB	Zenitel Norway AS	
0013CC	Tall Maple	
0013CD	MTI	
0013CE	Intel Corporate	Computer
0013CF	4Access	
0013D0	t+ Medical	Medical
0013D1	KIRK telecom A/S	
0013D2	Page Iberica	
0013D3	Micro-Star	
0013D4	ASUSTek COMPUTER	Computer
0013D5	RuggedCom	
0013D6	Tii	
0013D7	SPIDCOM	
0013D8	Princeton Instruments	
0013D9	Matrix Product	
0013DA	Diskware	
0013DB	SHOEI Electric	
0013DC	Ibtek	
0013DD	Abbott Diagnostics	Industrial
0013DE	Adapt4	
0013DF	Ryvor	
0013E0	Murata Manufacturing	Smart Home
0013E1	Iprobe AB	
0013E2	GeoVision	
0013E3	CoVi	
0013E4	Yangjae	
0013E5	Tenosys	
0013E6	Technolution	
0013E7	Halcro	
0013E8	Intel Corporate	Computer
0013E9	VeriWave	
0013EA	Kamstrup A/S	
0013EB	Sysmaster	
0013EC	Netsnapper Technologies	
0013ED	Psia	
0013EE	JBX Designs	
0013EF	Kingjon Digital	
0013F0	Wavefront Semiconductor	
0013F1	AMOD	
0013F2	Klas	
0013F3	Giga-byte	Computer
0013F4	Psitek (Pty)	
0013F5	Akimbi	
0013F6	Cintech	
0013F7	SMC	
0013F8	Dex Security Solutions	
0013F9	Cavera	
0013FA	LifeSize	
0013FB	Rkc Instrument	
0013FC	SiCortex	
0013FD	Nokia Danmark A/S	
0013FE	Grandtec Electronic	
0013FF	Dage-MTI of MC	
001400	Minerva Korea	
001401	Rivertree	
001402	kk-electronic a/s	
001403	Renasis	
001404	Commscope	
001405	OpenIB	
001406	Go	
001407	Sperian Protection	
001408	Eka	
001409	MAGNETI MARELLI S.E.	
00140A	WEPIO	
00140B	First International	
00140C	Gkb Cctv	
00140D	Nortel	
00140E	Nortel	
00140F	Federal State Unitary	
001410	Suzhou Keda	
001411	Deutschmann Automation	
001412	S-TEC	
001413	Trebing & Himstedt	
001414	Jumpnode	
001415	Intec Automation	
001416	Scosche	
001417	RSE Informations	
001418	C4Line	
001419	Sidsa	
00141A	Deicy	
00141B	Cisco	Router
00141C	Cisco	Router
00141D	KEBA Industrial	
00141E	P.A. Semi	
00141F	SunKwang	
001420	G-Links networking	
001421	Total Wireless	
001422	Dell	Computer
001423	J-S Co. NEUROCOM	
001424	Merry Electrics	
001425	Galactic Computing	
001426	NL	
001427	JazzMutant	
001428	Vocollect	
001429	V Center	
00142A	Elitegroup Computer	
00142B	Edata Communication	
00142C	Koncept	
00142D	Toradex	
00142E	77 Elektronika Kft	
00142F	Savvius	
001430	ViPowER	
001431	PDL	
001432	Tarallax Wireless	
001433	Empower	
001434	Keri	
001435	CityCom	
001436	Qwerty Elektronik AB	
001437	GSTeletech	
001438	Hewlett Packard	Computer
001439	Blonder Tongue	
00143A	Raytalk	
00143B	Sensovation	
00143C	Rheinmetall Canada	
00143D	Aevoe	
00143E	AirLink	
00143F	Hotway	
001440	ATOMIC	
001441	Innovation Sound	
001442	Atto	
001443	Consultronics Europe	
001444	Grundfos	
001445	Telefon-Gradnja d.o.o	
001446	SuperVision Solutions	
001447	BOAZ	
001448	Inventec Multimedia &	
001449	Sichuan Changhong	
00144A	Taiwan Thick-Film Ind	
00144B	Hifn	
00144C	General Meters	
00144D	Intelligent	
00144E	Srisa	
00144F	Oracle	
001450	Heim	
001451	Apple	Phone
001452	Calculex	
001453	Advantech	Industrial
001454	Symwave	
001455	Coder	
001456	Edge Products	
001457	Nevion	
001458	HS Automatic ApS	
001459	Moram	
00145A	Westermo Neratec	
00145B	SeekerNet	
00145C	Intronics	
00145D	WJ	
00145E	IBM	
00145F	Aditec	
001460	Kyocera Wireless	Printer
001461	Corona	
001462	Digiwell	
001463	Idcs N.V	
001464	Cryptosoft	
001465	Novo Nordisk A/S	
001466	Kleinhenz Elektronik	
001467	ArrowSpan	
001468	CelPlan	
001469	Cisco	Router
00146A	Cisco	Router
00146B	Anagran	
00146C	Netgear	Router
00146D	RF	
00146E	H. Stoll GmbH & Co	
00146F	Kohler Co	
001470	Prokom Software	
001471	Eastern Asia Technology	
001472	China Broadband	
001473	Bookham	
001474	K40	
001475	Wiline	
001476	MultiCom Industries	
001477	Trilliant	
001478	Tp-Link	Router
001479	NEC Magnus	
00147A	Eubus	
00147B	Iteris	
00147C	3Com	Switch
00147D	Aeon Digital	
00147E	InnerWireless	
00147F	Thomson Telecom Belgium	
001480	Hitachi-LG Data Storage	
001481	Multilink	
001482	Aurora	
001483	eXS	
001484	Cermate	
001485	Giga-Byte	Computer
001486	Echo Digital Audio	Smart Home
001487	American Technology	
001488	Akorri	
001489	B15402100 - Jandei, S.L	
00148A	Elin Ebg Traction	
00148B	Globo Electronic GmbH &	
00148C	General Dynamics Mission	
00148D	Cubic Defense Simulation	
00148E	Tele Power	
00148F	Protronic (Far East)	
001490	ASP	
001491	Daniels Electronics	
001492	Liteon, Mobile Media	
001493	Systimax Solutions	
001494	Esu	
001495	2Wire	
001496	Phonic	
001497	ZHIYUAN Eletronics	
001498	Viking Design	
001499	Helicomm	
00149A	Commscope	
00149B	Nokota	
00149C	HF	
00149D	Sound ID	
00149E	UbONE	
00149F	System and Chips	
0014A0	Accsense	
0014A1	Synchronous	
0014A2	Core Micro	
0014A3	Vitelec	
0014A4	Hon Hai Precision Ind	
0014A5	Gemtek	
0014A6	Teranetics	
0014A7	Nokia Danmark A/S	
0014A8	Cisco	Router
0014A9	Cisco	Router
0014AA	Ashly Audio	Automotive
0014AB	Senhai Electronic	
0014AC	Bountiful WiFi	
0014AD	Gassner Wiege- und	
0014AE	Wizlogics	
0014AF	Datasym POS	
0014B0	Naeil Community	
0014B1	Axell Wireless Limited	
0014B2	mCubelogics	
0014B3	CoreStar	
0014B4	General Dynamics United	
0014B5	Physiometrix	
0014B6	Enswer	
0014B7	AR Infotek	
0014B8	Hill-Rom	Medical
0014B9	Mstar Semiconductor	
0014BA	Carvers SA de CV	
0014BB	Open Interface North	
0014BC	Synectic Telecom	
0014BD	incNETWORKS	
0014BE	Wink communication	
0014BF	Cisco-Linksys	Router
0014C0	Symstream	
0014C1	U.S. Robotics	
0014C2	Hewlett Packard	Computer
0014C3	Seagate	Storage
0014C4	Vitelcom Mobile	
0014C5	Alive	
0014C6	Quixant	
0014C7	Nortel	
0014C8	Contemporary Research	
0014C9	Brocade	Switch
0014CA	Key Radio Systems	
0014CB	LifeSync	
0014CC	Zetec	
0014CD	DigitalZone	
0014CE	Nf	
0014CF	INVISIO	
0014D0	BTI	
0014D1	TRENDnet	
0014D2	Kyuden Technosystems	
0014D3	Sepsa	
0014D4	K	
0014D5	Datang Telecom	
0014D6	Jeongmin	
0014D7	Datastore	
0014D8	bio-logic	
0014D9	IP Fabrics	
0014DA	Huntleigh Healthcare	
0014DB	Elma Trenew Electronic	
0014DC	Communication System	Smart Home
0014DD	Covergence	
0014DE	Sage Instruments	
0014DF	HI-P	
0014E0	LET'S	
0014E1	Data Display	
0014E2	datacom	
0014E3	mm-lab	
0014E4	infinias	
0014E5	Alticast	
0014E6	AIM Infrarotmodule	
0014E7	Stolinx	
0014E8	Commscope	
0014E9	Nortech	
0014EA	S Digm Inc. (Safe	
0014EB	AwarePoint	
0014EC	Acro Telecom	
0014ED	Airak	
0014EE	Western Digital	Storage
0014EF	TZero	
0014F0	Business Security OL AB	
0014F1	Cisco	Router
0014F2	Cisco	Router
0014F3	ViXS	
0014F4	DekTec Digital Video	
0014F5	OSI Security Devices	
0014F6	Juniper	Router
0014F7	CREVIS	
0014F8	Scientific Atlanta	
0014F9	Vantage Controls	
0014FA	AsGa	
0014FB	Technical Solutions	
0014FC	Extandon	
0014FD	Thecus	
0014FE	Artech	
0014FF	Precise Automation	
001500	Intel Corporate	Computer
001501	LexBox	Gaming
001502	BETA	
001503	PROFIcomms s.r.o	
001504	Game Plus	
001505	Actiontec	
001506	Neo Photonics	
001507	Renaissance Learning	
001508	Global Target Enterprise	
001509	Plus	
00150A	Sonoa	
00150B	Sage Infotech	
00150C	AVM	
00150D	Hoana Medical	Medical
00150E	Openbrain	
00150F	mingjong	
001510	Techsphere	
001511	Data Center	
001512	Zurich University of	
001513	EFS sas	
001514	Hu Zhou NAVA	
001515	Leipold+Co.GmbH	
001516	Uriel	
001517	Intel Corporate	Computer
001518	Shenzhen 10MOONS	
001519	StoreAge Networking	
00151A	Hunter Engineering	Smart Home
00151B	Isilon	
00151C	Leneco	
00151D	M2I	
00151E	B&R Industrial	
00151F	Multivision Intelligent	
001520	Radiocrafts AS	
001521	Horoquartz	
001522	Dea Security	
001523	Meteor	
001524	Numatics	
001525	Chamberlain Access	
001526	Remote	
001527	Balboa Instruments	
001528	Beacon Medical Products	Medical
001529	N3	
00152A	Nokia	
00152B	Cisco	Router
00152C	Cisco	Router
00152D	TenX	
00152E	PacketHop	
00152F	Commscope	
001530	Dell EMC	Computer
001531	Kocom	
001532	Consumer	
001533	Nadam.Co	
001534	A Beltrónica-Companhia	
001535	OTE Spa	
001536	Powertech	
001537	Ventus	
001538	RFID	
001539	Technodrive	
00153A	Shenzhen Syscan	
00153B	EMH Metering GmbH & Co	Smart Home
00153C	Kprotech	
00153D	Elim Product Co	
00153E	Q-Matic Sweden AB	
00153F	Alcatel Alenia Space	
001540	Nortel	
001541	StrataLight	
001542	Microhard S.R.L	
001543	Aberdeen Test Center	
001544	coM.s.a.t	
001545	SEECODE	
001546	ITG Worldwide Sdn Bhd	
001547	AiZen Solutions	
001548	Cube	
001549	Dixtal Biomedica Ind.	
00154A	Wanshih Electronic	
00154B	Wonde Proud	
00154C	Saunders	
00154D	Netronome	
00154E	Iec	
00154F	one RF	
001550	Nits	
001551	RadioPulse	
001552	Wi-Gear	
001553	Cytyc	
001554	Atalum Wireless	
001555	DFM	
001556	Sagemcom Broadband SAS	Storage
001557	Olivetti	
001558	Foxconn	
001559	Securaplane	
00155A	Dainippon Pharmaceutical	
00155B	Sampo	
00155C	Dresser Wayne	
00155D	Microsoft	Computer
00155E	Morgan Stanley	
00155F	GreenPeak	
001560	Hewlett Packard	Computer
001561	JJPlus	
001562	Cisco	Router
001563	Cisco	Router
001564	BEHRINGER Spezielle	Smart Home
001565	Xiamen Yealink	VoIP
001566	A-First	
001567	RADWIN	
001568	Dilithium	
001569	PECO II	
00156A	DG2L Technologies Pvt	
00156B	Perfisans	
00156C	Sane System	
00156D	Ubiquiti	Router
00156E	A. W. Communication	
00156F	Xiranet	
001570	Zebra	Printer
001571	Nolan	
001572	Red-Lemon	
001573	NewSoft	
001574	Horizon Semiconductors	
001575	Nevis	
001576	LABiTec - Labor	Medical
001577	Allied Telesis	Switch
001578	Audio / Video	Automotive
001579	Lunatone Industrielle	
00157A	Telefin S.p.A	
00157B	Leuze electronic GmbH +	
00157C	Dave	
00157D	Posdata	
00157E	Weidmüller Interface	
00157F	ChuanG	
001580	U-Way	
001581	MAKUS	
001582	Pulse Eight Limited	
001583	IVT	
001584	Schenck Process	
001585	Aonvision Technolopy	
001586	Xiamen Overseas Chinese	
001587	Takenaka Seisakusho	
001588	Salutica Allied	
001589	D-MAX	
00158A	SURECOM	
00158B	Park Air	
00158C	Liab ApS	
00158D	Jennic	
00158E	Plustek.INC	
00158F	NTT Advanced	
001590	Hectronic	
001591	RLW	
001592	Facom UK Ltd (Melksham)	
001593	U4EA	
001594	Bixolon	
001595	Quester Tangent	
001596	Commscope	
001597	Aeta Audio	Automotive
001598	Kolektor	
001599	Samsung	Phone
00159A	Commscope	
00159B	Nortel	
00159C	B-KYUNG SYSTEM	
00159D	Tripp Lite	
00159E	Mad Catz Interactive	
00159F	Terascala	
0015A0	Nokia Danmark A/S	
0015A1	Eca-Sinters	
0015A2	Commscope	
0015A3	Commscope	
0015A4	Commscope	
0015A5	DCI	
0015A6	Digital Electronics	
0015A7	Robatech	
0015A8	Commscope	
0015A9	Kwang Woo I&C	
0015AA	Rextechnik	
0015AB	Pro Co Sound	
0015AC	Capelon AB	
0015AD	Accedian	
0015AE	kyung il	
0015AF	AzureWave	
0015B0	Autotelenet	
0015B1	Ambient	
0015B2	Advanced Industrial	
0015B3	Caretech AB	
0015B4	Polymap Wireless	Access Point
0015B5	CI	
0015B6	ShinMaywa	
0015B7	Toshiba	
0015B8	Tahoe	
0015B9	Samsung	Phone
0015BA	iba	
0015BB	SMA Solar	
0015BC	Develco	
0015BD	Group 4	
0015BE	Iqua	
0015BF	technicob	
0015C0	Digital Telemedia	
0015C1	Sony Interactive	Gaming
0015C2	3M Germany	
0015C3	Ruf Telematik	
0015C4	Flovel	
0015C5	Dell	Computer
0015C6	Cisco	Router
0015C7	Cisco	Router
0015C8	FlexiPanel	
0015C9	Gumstix	
0015CA	TeraRecon	
0015CB	Surf Communication	
0015CC	Uquest	
0015CD	Exartech	
0015CE	Commscope	
0015CF	Commscope	
0015D0	Commscope	
0015D1	Commscope	
0015D2	Xantech	
0015D3	Pantech&Curitel	
0015D4	Emitor AB	
0015D5	Nicevt	
0015D6	OSLiNK Sp. z o.o	
0015D7	Reti	
0015D8	Interlink	
0015D9	PKC Electronics Oy	
0015DA	Iritel A.D	
0015DB	Canesta	Smart Home
0015DC	KT&C	
0015DD	IP Control	
0015DE	Nokia Danmark A/S	
0015DF	Clivet S.p.A	
0015E0	Ericsson	
0015E1	Picochip	
0015E2	Dr.Ing. Herbert Knauer	Smart Home
0015E3	Dream	
0015E4	Zimmer Elektromedizin	
0015E5	Cheertek	
0015E6	MOBILE TECHNIKA	
0015E7	Quantec Tontechnik	
0015E8	Nortel	
0015E9	D-Link	Router
0015EA	Hensoldt South Africa	
0015EB	zte	Phone
0015EC	Boca Devices	
0015ED	Fulcrum Microsystems	
0015EE	Omnex Control	
0015EF	NEC TOKIN	
0015F0	Ego	
0015F1	KYLINK	
0015F2	ASUSTek COMPUTER	Computer
0015F3	Peltor Ab	
0015F4	Eventide	
0015F5	Sustainable Energy	
0015F6	Science And Engineering	Smart Home
0015F7	Wintecronics	
0015F8	Kingtronics Industrial	
0015F9	Cisco	Router
0015FA	Cisco	Router
0015FB	setex schermuly textile	
0015FC	Littelfuse Startco	
0015FD	Complete Media	
0015FE	Schilling Robotics	
0015FF	Inseego Wireless	
001600	CelleBrite Mobile	
001601	Buffalo.Inc	Storage
001602	Ceyon	
001603	COOLKSKY	
001604	Sigpro	
001605	Yorkville Sound	
001606	Ideal	
001607	Curves	
001608	Sequans	
001609	Unitech	
00160A	SWEEX Europe	
00160B	TVWorks	
00160C	Lpl Development S.A. De	
00160D	Be Here	
00160E	Optica	
00160F	Badger Meter	
001610	Carina	
001611	Altecon	
001612	Otsuka	
001613	LibreStream	
001614	Picosecond Pulse	
001615	Nittan Company, Limited	
001616	Browan Communications	
001617	Msi	Computer
001618	HIVION	
001619	Lancelan Technologies	
00161A	Dametric AB	
00161B	Micronet	
00161C	e:cue	
00161D	Innovative Wireless	
00161E	Woojinnet	
00161F	SUNWAVETEC	
001620	Sony	
001621	Colorado Vnet	
001622	Bbh	
001623	Interval Media	
001624	Teneros	
001625	Impinj	
001626	Commscope	
001627	embedded-logic DESIGN	
001628	Magicard	
001629	Nivus	
00162A	Antik computers &	
00162B	Togami Electric Mfg.co	Appliance
00162C	Xanboo	
00162D	STNet	
00162E	Space Shuttle Hi-Tech	
00162F	Geutebrück	
001630	Vativ	
001631	Xteam	
001632	Samsung	Phone
001633	Oxford Diagnostics	
001634	Mathtech	
001635	Hewlett Packard	Computer
001636	Quanta Computer	Server
001637	CITEL SpA	
001638	TECOM	
001639	Ubiquam	
00163A	Yves	
00163B	Communications & Power	
00163C	Rebox	
00163D	Tsinghua Tongfang	
00163E	Xensource	
00163F	CReTE	
001640	Asmobile Communication	
001641	Universal Global	
001642	Pangolin	
001643	Sunhillo	
001644	LITE-ON	
001645	Eaton	
001646	Cisco	Router
001647	Cisco	Router
001648	SSD Company Limited	
001649	SetOne	
00164A	Vibration Technology	
00164B	Quorion Data	
00164C	PLANET INT	
00164D	Alcatel-Lucent IPD	VoIP
00164E	Nokia Danmark A/S	
00164F	World Ethnic Broadcastin	
001650	Kratos EPD	
001651	Exeo	
001652	Hoatech	
001653	LEGO System A/S IE	
001654	Flex-P Industries Sdn.	
001655	FUHO	
001656	Nintendo	Gaming
001657	Aegate	
001658	Fusiontech	
001659	Z.M.P. Radwag	
00165A	Harman Specialty	Automotive
00165B	Grip Audio	Automotive
00165C	Trackflow	
00165D	AirDefense	
00165E	Precision I/O	
00165F	Fairmount Automation	
001660	Nortel	
001661	Novatium Solutions (P)	
001662	Liyuh	
001663	KBT Mobile	
001664	Prod-El SpA	
001665	Cellon France	
001666	Quantier Communication	
001667	A-TEC Subsystem	
001668	Eishin	
001669	MRV Communication	
00166A	Tps	
00166B	Samsung	Phone
00166C	Samsung	Phone
00166D	Yulong Computer	
00166E	Arbitron	
00166F	Intel Corporate	Computer
001670	SKNET	
001671	Symphox Information Co	
001672	Zenway enterprise	
001673	Bury GmbH & Co	
001674	EuroCB (Phils.)	
001675	Commscope	
001676	Intel Corporate	Computer
001677	Bihl + Wiedemann	
001678	Shenzhen Baoan Gaoke	
001679	eOn	
00167A	Skyworth Overseas	
00167B	Haver&Boecker	
00167C	iRex	
00167D	Sky-Line Information	
00167E	Diboss.Co	
00167F	Bluebird Soft	
001680	Bally Gaming +	
001681	Vector Informatik	
001682	OMS Motion	
001683	WEBIO International	
001684	Donjin	
001685	Elisa Oyj	
001686	Karl Storz Imaging	
001687	Chubb CSC-Vendor AP	
001688	ServerEngines	
001689	Pilkor	
00168A	id-Confirm	
00168B	Paralan	
00168C	DSL Partner AS	
00168D	KORWIN	
00168E	Vimicro	
00168F	GN Netcom A/S	
001690	J-Tek Incorporation	
001691	Moser-Baer	
001692	Scientific-Atlanta	
001693	PowerLink	
001694	Sennheiser	Audio
001695	AVC Technology	
001696	QDI Technology (H.K.)	
001697	NEC	
001698	T&A Mobile Phones	
001699	Tonic DVB Marketing	
00169A	Quadrics	
00169B	Alstom Transport	
00169C	Cisco	Router
00169D	Cisco	Router
00169E	TV One	TV
00169F	Vimtron	
0016A0	Auto-Maskin	
0016A1	3Leaf	
0016A2	CentraLite	
0016A3	Ingeteam	
0016A4	Ezurio	
0016A5	Tandberg Storage ASA	
0016A6	Dovado FZ-LLC	
0016A7	Aweta G&P	
0016A8	Cwt	
0016A9	2Ei	
0016AA	Kei Communication	
0016AB	Dansensor A/S	
0016AC	Toho	
0016AD	BT-Links Company Limited	
0016AE	Inventel	
0016AF	Shenzhen Union Networks	
0016B0	VK	
0016B1	Kbs	
0016B2	DriveCam	
0016B3	Photonicbridges (China)	
0016B4	Private	
0016B5	Commscope	
0016B6	Cisco-Linksys	Router
0016B7	Seoul Commtech	
0016B8	Sony	
0016B9	ProCurve Networking by	
0016BA	Weathernews	
0016BB	Law-Chain Computer	
0016BC	Nokia Danmark A/S	
0016BD	ATI Industrial	
0016BE	INFRANET	
0016BF	PaloDEx Group Oy	
0016C0	Semtech	
0016C1	Eleksen	
0016C2	Avtec	
0016C3	BA	
0016C4	SiRF	
0016C5	Shenzhen Xing Feng	
0016C6	North Atlantic	
0016C7	Cisco	Router
0016C8	Cisco	Router
0016C9	NAT Seattle	
0016CA	Nortel	
0016CB	Apple	Phone
0016CC	Xcute Mobile	
0016CD	Hiji High-Tech	
0016CE	Hon Hai Precision Ind	
0016CF	Hon Hai Precision Ind	
0016D0	ATech elektronika d.o.o	
0016D1	ZAT a.s	
0016D2	Caspian	
0016D3	Wistron	
0016D4	Compal	
0016D5	Synccom	
0016D6	TDA	
0016D7	Sunways	
0016D8	Senea AB	
0016D9	Ningbo Bird	
0016DA	Futronic	
0016DB	Samsung	Phone
0016DC	Archos	
0016DD	Gigabeam	
0016DE	FAST	
0016DF	Lundinova AB	
0016E0	3Com	Switch
0016E1	SiliconStor	
0016E2	American Fibertek	
0016E3	Askey Computer	
0016E4	Vanguard Security	Smart Home
0016E5	Fordley Development	
0016E6	Giga-Byte	Computer
0016E7	Dynamix Promotions	
0016E8	Lumissil Microsystems	
0016E9	Tiba Medical	Medical
0016EA	Intel Corporate	Computer
0016EB	Intel Corporate	Computer
0016EC	Elitegroup Computer	
0016ED	Utility	
0016EE	Royaldigital	
0016EF	Koko Fitness	
0016F0	Dell	Computer
0016F1	OmniSense	
0016F2	Dmobile System	
0016F3	CAST Information	
0016F4	Eidicom	
0016F5	Dalian Golden Hualu	
0016F6	Nevion	
0016F7	L-3 Communications,	Switch
0016F8	Aviqtech	
0016F9	CETRTA POT, d.o.o.,	
0016FA	ECI Telecom	
0016FB	Shenzhen Mtc	
0016FC	Tohken	
0016FD	Jaty	
0016FE	Alpsalpine Co,.Ltd	
0016FF	Wamin Optocomm Mfg	
001700	Commscope	
001701	KDE	
001702	Osung Midicom	
001703	MOSDAN Internation	
001704	Shinco	
001705	Methode	
001706	Techfaithwireless	
001707	InGrid	
001708	Hewlett Packard	Computer
001709	Exalt	
00170A	Inew Digital	
00170B	Contela	
00170C	Twig Com	
00170D	Dust	
00170E	Cisco	Router
00170F	Cisco	Router
001710	AxyomCore	
001711	Cytiva Sweden AB	
001712	ISCO	
001713	Tiger NetCom	
001714	BR Controls Nederland	
001715	Qstik	
001716	Qno	
001717	Leica Geosystems	
001718	Vansco Electronics Oy	
001719	Audiocodes USA	Automotive
00171A	Winegard	
00171B	Innovation	
00171C	NT MicroSystems	
00171D	Digit	
00171E	Benning Elektrotechnik	
00171F	IMV	
001720	Image Sensing	
001721	FITRE S.p.A	
001722	Hanazeder Electronic	
001723	Summit Data	
001724	Studer Professional	Automotive
001725	Liquid Computing	
001726	m2c Electronic	
001727	Thermo Ramsey Italia	
001728	Selex	
001729	Ubicod	
00172A	Proware Technology	
00172B	Global	
00172C	Taejin Infotech	
00172D	Axcen Photonics	
00172E	FXC	
00172F	NeuLion Incorporated	
001730	Automation	
001731	ASUSTek COMPUTER	Computer
001732	Science-Technical	
001733	Sfr	
001734	ADC Telecommunications	
001735	Intel Wireless	
001736	iiTron	
001737	Industrie Dial Face	
001738	International Business	
001739	Bright Headphone	
00173A	Cloudastructure	
00173B	Cisco	Router
00173C	Extreme Engineering	Smart Home
00173D	Neology	
00173E	LeucotronEquipamentos	
00173F	Belkin	
001740	Bluberi Gaming	
001741	Defidev	
001742	Fujitsu Limited	
001743	Deck	
001744	Araneo	
001745	INNOTZ	
001746	Freedom9	
001747	Trimble	
001748	Neokoros Brasil Ltda	
001749	Hyundae Yong-O-Sa	
00174A	Socomec	
00174B	Nokia Danmark A/S	
00174C	Millipore	
00174D	Dynamic Network Factory	
00174E	Parama-tech	
00174F	iCatch	
001750	GSI Group, MicroE	
001751	Online	
001752	DAGS	
001753	nFore	
001754	Arkino HiTOP	
001755	GE Security	
001756	Vinci Labs Oy	
001757	Rix Technology Limited	
001758	ThruVision	
001759	Cisco	Router
00175A	Cisco	Router
00175B	ACS Solutions	
00175C	Sharp	TV
00175D	Dongseo system	
00175E	Zed-3	
00175F	XENOLINK	
001760	Naito Densei Machida	
001761	Private	
001762	Solar	
001763	Essentia S.p.A	
001764	ATMedia	
001765	Nortel	
001766	Accense	
001767	Earforce AS	
001768	Zinwave	
001769	Cymphonix	
00176A	Avago	
00176B	Kiyon	
00176C	Pivot3	
00176D	Core	
00176E	Ducati Sistemi	
00176F	PAX Computer	
001770	Arti Industrial	
001771	APD	
001772	ASTRO Strobel	
001773	Laketune	
001774	Elesta	
001775	TTE Germany	
001776	Meso Scale Diagnostics	
001777	Obsidian Research	
001778	Central Music Co	
001779	QuickTel	
00177A	Assa Abloy Ab	
00177B	Azalea	
00177C	Smartlink Network	
00177D	IDT Technology Limited	
00177E	Meshcom	
00177F	Worldsmart Retech	
001780	Applied Biosystems	
001781	Greystone Data System	
001782	LoBenn	
001783	Texas Instruments	IoT
001784	Commscope	
001785	Sparr	
001786	wisembed	
001787	Brother, Brother & Sons	Printer
001788	Philips Lighting	
001789	Zenitron	
00178A	Darts	
00178B	Teledyne Technologies	
00178C	Independent Witness	
00178D	Checkpoint	
00178E	Gunnebo Cash Automation	
00178F	Ningbo Yidong Electronic	
001790	HYUNDAI DIGITECH	
001791	LinTech	
001792	Falcom Wireless	
001793	Tigi	
001794	Cisco	Router
001795	Cisco	Router
001796	Rittmeyer	
001797	Telsy Elettronica S.p.A	
001798	Azonic	
001799	SmarTire	
00179A	D-Link	Router
00179B	Chant Sincere	
00179C	DEPRAG SCHULZ GMBH u. CO	
00179D	Kelman Limited	
00179E	Sirit	
00179F	Apricorn	
0017A0	RoboTech	
0017A1	3soft	
0017A2	Camrivox	
0017A3	MIX s.r.l	
0017A4	Hewlett Packard	Computer
0017A5	MediaTek	
0017A6	Yosin	
0017A7	Mobile Computing	
0017A8	EDM	
0017A9	Sentivision	
0017AA	elab-experience	
0017AB	Nintendo	Gaming
0017AC	O'Neil Product	
0017AD	AceNet	
0017AE	GAI-Tronics	
0017AF	Enermet	
0017B0	Nokia Danmark A/S	
0017B1	ACIST Medical	Medical
0017B2	SK Telesys	
0017B3	Aftek Infosys Limited	
0017B4	Remote Security	
0017B5	Peerless	
0017B6	Aquantia	
0017B7	Tonze Technology Co	
0017B8	Novatron	
0017B9	Gambro Lundia AB	
0017BA	Sedo	
0017BB	Syrinx Industrial	
0017BC	Touchtunes Music	
0017BD	Tibetsystem	
0017BE	Tratec Telecom	
0017BF	Coherent Research	
0017C0	PureTech	
0017C1	CM Precision	
0017C2	ADB Broadband Italia	
0017C3	KTF	
0017C4	Quanta Microsystems	Server
0017C5	SonicWALL	Router
0017C6	Cross Match	
0017C7	MARA Systems Consulting	
0017C8	KYOCERA Display	Printer
0017C9	Samsung	Phone
0017CA	Qisda	
0017CB	Juniper	Router
0017CC	Alcatel-Lucent	VoIP
0017CD	CEC Wireless R&D	
0017CE	Screen Service Spa	
0017CF	iMCA-GmbH	
0017D0	Opticom	
0017D1	Nortel	
0017D2	Thinlinx	
0017D3	Etymotic Research	
0017D4	Monsoon Multimedia	
0017D5	Samsung	Phone
0017D6	Bluechips Microhouse	
0017D7	ION Geophysical	
0017D8	Magnum Semiconductor	
0017D9	AAI	
0017DA	Spans Logic	
0017DB	Canko	
0017DC	Daemyung Zero1	
0017DD	Clipsal Australia	
0017DE	Advantage Six	
0017DF	Cisco	Router
0017E0	Cisco	Router
0017E1	DACOS	
0017E2	Commscope	
0017E3	Texas Instruments	IoT
0017E4	Texas Instruments	IoT
0017E5	Texas Instruments	IoT
0017E6	Texas Instruments	IoT
0017E7	Texas Instruments	IoT
0017E8	Texas Instruments	IoT
0017E9	Texas Instruments	IoT
0017EA	Texas Instruments	IoT
0017EB	Texas Instruments	IoT
0017EC	Texas Instruments	IoT
0017ED	WooJooIT	
0017EE	Commscope	
0017EF	IBM	
0017F0	SZCOM Broadband	
0017F1	Renu Electronics Pvt	
0017F2	Apple	Phone
0017F3	Harris	Modem
0017F4	Zeron Alliance	
0017F5	Lig Neoptek	
0017F6	Pyramid Meriden	
0017F7	CEM Solutions Pvt	
0017F8	Motech	
0017F9	Forcom Sp. z o.o	
0017FA	Microsoft	Computer
0017FB	Fa	
0017FC	Suprema	
0017FD	Amulet Hotkey	
0017FE	Talos System	
0017FF	PLAYLINE	
001800	Unigrand	
001801	Actiontec	
001802	Alpha	
001803	ArcSoft Shanghai	
001804	E-Tek Digital	
001805	Beijing InHand	
001806	Hokkei	
001807	Fanstel	
001808	SightLogix	
001809	Cresyn	
00180A	Cisco Meraki	Router
00180B	Brilliant	
00180C	Zhone	
00180D	Terabytes Server Storage	
00180E	Avega	
00180F	Nokia Danmark A/S	
001810	IPTrade	
001811	Neuros	
001812	Beijing Xinwei Telecom	
001813	Sony	
001814	Mitutoyo	
001815	GZ	Phone
001816	Ubixon	
001817	D. E. Shaw Research	
001818	Cisco	Router
001819	Cisco	Router
00181A	AVerMedia Information	
00181B	TaiJin Metal	
00181C	Vitec	
00181D	Asia	
00181E	GDX	
00181F	Palmmicro	
001820	w5networks	
001821	Sindoricoh	Printer
001822	Cec Telecom	
001823	Delta	
001824	Kimaldi Electronics, S.L	
001825	Private	
001826	Cale Access AB	
001827	Nec Unified Solutions	Access Point
001828	e2v technologies (UK)	
001829	Gatsometer	
00182A	Taiwan Video & Monitor	
00182B	Softier	
00182C	Ascend	
00182D	Artec Design	
00182E	XStreamHD	
00182F	Texas Instruments	IoT
001830	Texas Instruments	IoT
001831	Texas Instruments	IoT
001832	Texas Instruments	IoT
001833	Texas Instruments	IoT
001834	Texas Instruments	IoT
001835	Thoratec / ITC	
001836	REJ	
001837	Universal ABIT	
001838	PanAccess	
001839	Cisco-Linksys	Router
00183A	Westell	
00183B	CENITS	
00183C	Encore Software Limited	
00183D	Vertex Link	
00183E	Digilent	
00183F	2Wire	
001840	3 Phoenix	
001841	High Tech Computer	
001842	Nokia Danmark A/S	
001843	Dawevision	
001844	Heads Up	
001845	Pulsar-Telecom	
001846	Crypto	
001847	AceNet	
001848	Vecima	
001849	nVent, Schroff	
00184A	Catcher	
00184B	Las Vegas Gaming	
00184C	Bogen	
00184D	Netgear	Router
00184E	Lianhe	
00184F	8 Ways	
001850	Secfone Kft	
001851	SWsoft	
001852	StorLink Semiconductors	
001853	Atera	
001854	Argard	
001855	Aeromaritime Systembau	
001856	EyeFi	
001857	Unilever R&D	
001858	TagMaster AB	
001859	Strawberry Linux	
00185A	uControl	
00185B	Network Chemistry	Access Point
00185C	EDSLAB	
00185D	Taiguen Technology	
00185E	Nexterm	
00185F	TAC	
001860	SIM Technology Group	
001861	Ooma	
001862	Seagate	Storage
001863	Veritech Electronics	
001864	Eaton	
001865	Siemens Healthcare	Smart Home
001866	Leutron Vision	
001867	Datalogic ADC	
001868	Cisco SPVTG	Router
001869	Kingjim	
00186A	Global Link Digital	
00186B	Sambu Communics	
00186C	Neonode AB	
00186D	Zhenjiang Sapphire	
00186E	3Com	Switch
00186F	Setha Industria	
001870	E28 Shanghai Limited	
001871	Hewlett Packard	Computer
001872	Expertise Engineering	Smart Home
001873	Cisco	Router
001874	Cisco	Router
001875	AnaCise Testnology	
001876	WowWee	
001877	Amplex A/S	Media Player
001878	Mackware	
001879	dSys	
00187A	Wiremold	
00187B	4NSYS	
00187C	Intercross	
00187D	Armorlink	
00187E	RGB Spectrum	
00187F	Zodianet	
001880	Maxim Integrated	
001881	Buyang Electronics	
001882	Huawei	Phone
001883	Formosa21	
001884	Fon Technology S.L	
001885	Motorola Solutions	Phone
001886	El-Tech	
001887	Metasystem SpA	
001888	GOTIVE a.s	
001889	WinNet Solutions Limited	
00188A	Infinova	
00188B	Dell	Computer
00188C	Mobile Action	
00188D	Nokia Danmark A/S	
00188E	Ekahau	
00188F	Montgomery	
001890	RadioCOM, s.r.o	
001891	Zhongshan General K-mate	
001892	ads-tec	
001893	Shenzhen Photon	
001894	NPCore	
001895	Hansun	
001896	Great Well Electronic	
001897	JESS-LINK PRODUCTS	
001898	Kingstate	
001899	ShenZhen jieshun	
00189A	HANA Micron	
00189B	Thomson	
00189C	Weldex	
00189D	Navcast	
00189E	OMNIKEY	
00189F	Lenntek	
0018A0	Cierma Ascenseurs	
0018A1	Tiqit Computers	
0018A2	XIP Technology AB	
0018A3	Zippy	
0018A4	Commscope	
0018A5	ADigit	
0018A6	Persistent	
0018A7	Yoggie Security	
0018A8	AnNeal	
0018A9	Ethernet Direct	
0018AA	Protec Fire Detection	
0018AB	Beijing Lhwt	
0018AC	Shanghai Jiao Da HISYS	
0018AD	Nidec Instruments	
0018AE	Tvt	
0018AF	Samsung	Phone
0018B0	Nortel	
0018B1	IBM	
0018B2	Adeunis Rf	
0018B3	TEC WizHome	
0018B4	Dawon Media	
0018B5	Magna Carta	
0018B6	S3C	
0018B7	D3 Led	
0018B8	New Voice	
0018B9	Cisco	Router
0018BA	Cisco	Router
0018BB	Eliwell Controls	
0018BC	ZAO NVP Bolid	
0018BD	Shenzhen Dvbworld	
0018BE	ANSA	
0018BF	Essence Technology	
0018C0	Commscope	
0018C1	Almitec Informática e	
0018C2	Firetide	
0018C3	CS	
0018C4	Raba	
0018C5	Nokia Danmark A/S	
0018C6	OPW Fuel Management	
0018C7	Real Time Automation	
0018C8	ISONAS	
0018C9	EOps Technology Limited	
0018CA	Viprinet	
0018CB	Tecobest Technology	
0018CC	Axiohm Sas	
0018CD	Erae Electronics	
0018CE	Dreamtech	
0018CF	Baldor Electric	
0018D0	AtRoad, A Trimble	
0018D1	Siemens Home & Office	Appliance
0018D2	High-Gain Antennas	
0018D3	Teamcast	
0018D4	Unified Display	Access Point
0018D5	Reigncom	
0018D6	Swirlnet A/S	
0018D7	JAVAD GNSS	
0018D8	ARCH METER	
0018D9	Santosha Internatonal	
0018DA	Würth Elektronik eiSos	
0018DB	EPL	
0018DC	Prostar	
0018DD	Silicondust Engineering	Smart Home
0018DE	Intel Corporate	Computer
0018DF	The Morey	
0018E0	Anaveo	
0018E1	Verkerk Service Systemen	
0018E2	Topdata Sistemas de	
0018E3	Visualgate	
0018E4	Yiguang	
0018E5	Adhoco	
0018E6	Computer Hardware	
0018E7	Cameo	
0018E8	Hacetron	
0018E9	Numata	
0018EA	Alltec	
0018EB	Blue Zen Enterprises	
0018EC	Welding	
0018ED	Accutech Ultrasystems	
0018EE	Videology Imaging	
0018EF	Escape	
0018F0	JOYTOTO	
0018F1	Chunichi Denshi	
0018F2	Beijing Tianyu	
0018F3	ASUSTek COMPUTER	Computer
0018F4	EO TECHNICS	
0018F5	Shenzhen Streaming	Media Player
0018F6	Thomson Telecom Belgium	
0018F7	Kameleon	
0018F8	Cisco-Linksys	Router
0018F9	VVOND	
0018FA	Yushin Precision	
0018FB	Compro	
0018FC	Altec Electronic	
0018FD	Optimal	
0018FE	Hewlett Packard	Computer
0018FF	PowerQuattro Co	
001900	Intelliverese - DBA	
001901	F1Media	
001902	Cambridge Consultants	
001903	Bigfoot	
001904	WB Electronics Sp. z o.o	
001905	SCHRACK Seconet	
001906	Cisco	Router
001907	Cisco	Router
001908	Duaxes	
001909	DEVI - Danfoss A/S	
00190A	Hasware	
00190B	Southern Vision	
00190C	Encore	
00190D	IEEE 1394c	
00190E	Atech	
00190F	Advansus	
001910	Knick Elektronische	
001911	Just In Mobile	
001912	Welcat	
001913	Chuang-Yi Network	
001914	Winix	
001915	TECOM	
001916	PayTec	
001917	Posiflex	
001918	Interactive Wear	
001919	ASTEL	
00191A	Irlink	
00191B	Sputnik Engineering	Smart Home
00191C	Sensicast	
00191D	Nintendo	Gaming
00191E	Beyondwiz	
00191F	Microlink	
001920	KUME electric	
001921	Elitegroup Computer	
001922	CM Comandos Lineares	
001923	Phonex Korea	
001924	LBNL Engineering	Smart Home
001925	Intelicis	Computer
001926	BitsGen	
001927	ImCoSys	
001928	Siemens AG,	Industrial
001929	2M2B Montadora de	
00192A	Antiope Associates	
00192B	Aclara RF	
00192C	Commscope	
00192D	Nokia	
00192E	Spectral Instruments	
00192F	Cisco	Router
001930	Cisco	Router
001931	Balluff	
001932	Gude	
001933	Strix	
001934	Trendon Touch	
001935	Duerr Dental	
001936	Sterlite Optical	
001937	CommerceGuard AB	
001938	UMB	
001939	Gigamips	
00193A	Oesolutions	
00193B	LigoWave	
00193C	HighPoint Technologies	
00193D	GMC Guardian Mobility	
00193E	ADB Broadband Italia	
00193F	RDI technology(Shenzhen)	
001940	Rackable	
001941	Pitney Bowes	
001942	On Software	
001943	Belden	
001944	Fossil Partners, L.P	
001945	RF COncepts	
001946	Cianet Industria e	
001947	Cisco SPVTG	Router
001948	AireSpider	
001949	Tentel Comtech	
00194A	Testo	
00194B	Sagemcom Broadband SAS	Storage
00194C	Fujian Stelcom	
00194D	Avago Technologies Sdn	
00194E	Ultra Electronics - TCS	
00194F	Nokia Danmark A/S	
001950	Harman Multimedia	Automotive
001951	NETCONS, s.r.o	
001952	ACOGITO	
001953	Chainleader	
001954	Leaf	
001955	Cisco	Router
001956	Cisco	Router
001957	Saafnet Canada	
001958	Bluetooth SIG	
001959	Staccato	
00195A	Jenaer Antriebstechnik	
00195B	D-Link	Router
00195C	Innotech	
00195D	ShenZhen XinHuaTong Opto	
00195E	Commscope	
00195F	Valemount	
001960	DoCoMo	
001961	Blaupunkt Embedded	
001962	Commerciant, LP	
001963	Sony	
001964	Doorking	
001965	YuHua TelTech (ShangHai)	
001966	Asiarock Technology	
001967	TELDAT Sp.J	
001968	Digital Video	
001969	Nortel	
00196A	MikroM	
00196B	Danpex	
00196C	Etrovision	
00196D	Raybit Systems Korea	
00196E	Metacom (Pty)	
00196F	SensoPart	
001970	Z-Com	
001971	Guangzhou Unicomp	
001972	Plexus (Xiamen)	Media Player
001973	Zeugma	
001974	16063	
001975	Beijing Huisen	
001976	Xipher	
001977	Extreme	Switch
001978	Datum	
001979	Nokia Danmark A/S	
00197A	MAZeT	
00197B	Picotest	
00197C	Riedel	
00197D	Hon Hai Precision Ind	
00197E	Hon Hai Precision Ind	
00197F	Plantronics	
001980	Gridpoint	
001981	Vivox	Phone
001982	SmarDTV	
001983	CCT R&D Limited	
001984	ESTIC	
001985	IT Watchdogs	
001986	Cheng Hongjian	
001987	Panasonic Mobile	
001988	Wi2Wi	
001989	Sonitrol	
00198A	Northrop Grumman	
00198B	Novera Optics Korea	
00198C	iXSea	
00198D	Ocean Optics	
00198E	Demant A/S	
00198F	Nokia Bell N.V	
001990	ELM DATA	
001991	avinfo	
001992	Adtran	
001993	Changshu Switchgear	Switch
001994	Jorjin	
001995	Jurong Hi-Tech	
001996	TurboChef	
001997	Soft Device Sdn Bhd	
001998	Sato	
001999	Fujitsu Technology	
00199A	Edo-Evi	
00199B	Diversified Technical	
00199C	Ctring	Smart Home
00199D	Vizio	TV
00199E	Nifty	
00199F	Dkt A/S	
0019A0	Nihon Data Systens	
0019A1	Lg Information &	
0019A2	Ordyn	
0019A3	asteel electronique	
0019A4	Austar Technology (hang	
0019A5	RadarFind	
0019A6	Commscope	
0019A7	Itu-T	
0019A8	WiQuest	
0019A9	Cisco	Router
0019AA	Cisco	Router
0019AB	Raycom	
0019AC	GSP	
0019AD	Bobst	
0019AE	Hopling	
0019AF	Rigol	
0019B0	HanYang System	
0019B1	Arrow7	
0019B2	XYnetsoft	
0019B3	Stanford Research	
0019B4	Intellio	
0019B5	Famar Fueguina	
0019B6	Euro Emme s.r.l	
0019B7	Nokia Danmark A/S	
0019B8	Boundary Devices	
0019B9	Dell	Computer
0019BA	Paradox Security	
0019BB	Hewlett Packard	Computer
0019BC	Electro Chance	
0019BD	New Media Life	
0019BE	Altai Technologies	
0019BF	Citiway	
0019C0	Commscope	
0019C1	Alpsalpine Co,.Ltd	
0019C2	Equustek Solutions	
0019C3	Qualitrol	
0019C4	Infocrypt	
0019C5	Sony Interactive	Gaming
0019C6	zte	Phone
0019C7	Cambridge	
0019C8	AnyDATA	
0019C9	S&C Electric	
0019CA	Broadata	
0019CB	Zyxel	Router
0019CC	RCG (HK)	
0019CD	Chengdu ethercom	
0019CE	Progressive Gaming	
0019CF	Salicru	
0019D0	Cathexis	
0019D1	Intel Corporate	Computer
0019D2	Intel Corporate	Computer
0019D3	TRAK Microwave	
0019D4	ICX	
0019D5	IP Innovations	
0019D6	LS Cable and System	
0019D7	Fortunetek	
0019D8	Maxfor	
0019D9	Zeutschel	
0019DA	Welltrans O&E	
0019DB	Micro-Star	
0019DC	ENENSYS	
0019DD	FEI-Zyfer	
0019DE	Mobitek	
0019DF	Thomson	
0019E0	Tp-Link	Router
0019E1	Nortel	
0019E2	Juniper	Router
0019E3	Apple	Phone
0019E4	2Wire	
0019E5	Lynx Studio	
0019E6	Toyo Medic	
0019E7	Cisco	Router
0019E8	Cisco	Router
0019E9	S-Information Technolgy	
0019EA	TeraMage	
0019EB	Pyronix	
0019EC	Sagamore	
0019ED	Axesstel	
0019EE	CARLO GAVAZZI CONTROLS	Camera
0019EF	Shenzhen Linnking	
0019F0	Union Man	
0019F1	Star Communication	
0019F2	Teradyne K.K	
0019F3	Cetis	
0019F4	Convergens Oy	
0019F5	Imagination	
0019F6	Acconet (PTE)	
0019F7	Onset Computer	
0019F8	Embedded Systems Design	
0019F9	TDK-Lambda	
0019FA	Cable Vision	
0019FB	Sky Uk Limited	
0019FC	PT. Ufoakses Sukses	
0019FD	Nintendo	Gaming
0019FE	Shenzhen Seecomm	
0019FF	Finnzymes	
001A00	Matrix	
001A01	ICU Medical	Medical
001A02	Secure Care Products	
001A03	Angel	
001A04	Interay Solutions	
001A05	Optibase	
001A06	OpVista	
001A07	Arecont Vision	
001A08	Simoco	
001A09	Wayfarer Transit	
001A0A	Adaptive Micro-Ware	Automotive
001A0B	Bona	
001A0C	Swe-Dish Satellite	
001A0D	HandHeld entertainment	
001A0E	Cheng Uei Precision	
001A0F	Arteche	
001A10	Lucent Trans	
001A11	Google	
001A12	Essilor	
001A13	Wanlida	
001A14	Xin Hua Control	Smart Home
001A15	gemalto e-Payment	
001A16	Nokia Danmark A/S	
001A17	Teak	
001A18	Advanced Simulation	
001A19	Computer Engineering	Smart Home
001A1A	Gentex	
001A1B	Commscope	
001A1C	GT&T Engineering	Smart Home
001A1D	PChome Online	
001A1E	Hewlett Packard	Computer
001A1F	Coastal Environmental	
001A20	CMOTECH	
001A21	Brookhuis Applied	
001A22	eQ-3 Entwicklung	
001A23	Ice Qube	
001A24	Galaxy Telecom	
001A25	Delta Dore	
001A26	Deltanode Solutions AB	
001A27	Ubistar	
001A28	ASWT Co., LTD. Taiwan	
001A29	Johnson Outdoors Marine	
001A2A	Arcadyan	
001A2B	Ayecom	
001A2C	SATEC	
001A2D	The Navvo	
001A2E	Ziova Coporation	
001A2F	Cisco	Router
001A30	Cisco	Router
001A31	Scan Coin Ab	
001A32	Activa Multimedia	
001A33	ASI	
001A34	Konka	
001A35	BARTEC	
001A36	Aipermon GmbH & Co	
001A37	Lear	
001A38	Sanmina-SCI	
001A39	Merten GmbH&CoKG	
001A3A	Dongahelecomm	
001A3B	Doah Elecom	
001A3C	Technowave	
001A3D	Ajin Vision	
001A3E	Faster	
001A3F	Intelbras	
001A40	A-Four	
001A41	INOCOVA	
001A42	Techcity	
001A43	Logical Link	
001A44	JWTrading	
001A45	GN Netcom A/S	
001A46	Digital Multimedia	
001A47	Agami	
001A48	Takacom	
001A49	Micro Vision	
001A4A	Qumranet	
001A4B	Hewlett Packard	Computer
001A4C	Crossbow	
001A4D	Giga-Byte	Computer
001A4E	NTI AG / LinMot	
001A4F	AVM	
001A50	PheeNet	
001A51	Alfred Mann Foundation	
001A52	Meshlinx Wireless	
001A53	Zylaya	
001A54	Hip Shing	
001A55	ACA-Digital	
001A56	ViewTel Co	
001A57	Matrix Design	
001A58	CCV Deutschland GmbH -	
001A59	Ircona	
001A5A	Korea Electric Power	
001A5B	NetCare Service	
001A5C	Euchner GmbH+Co	
001A5D	Mobinnova	
001A5E	Thincom	
001A5F	KitWorks.fi	
001A60	Wave	
001A61	PacStar	
001A62	Data Robotics,	
001A63	Elster Solutions	
001A64	IBM	
001A65	Seluxit	
001A66	Commscope	
001A67	Infinite QL Sdn Bhd	
001A68	Weltec Enterprise	
001A69	Wuhan Yangtze Optical	
001A6A	Tranzas	
001A6B	Universal Global	
001A6C	Cisco	Router
001A6D	Cisco	Router
001A6E	Impro	
001A6F	MI.TEL s.r.l	VoIP
001A70	Cisco-Linksys	Router
001A71	Diostech	
001A72	Mosart Semiconductor	
001A73	Gemtek	
001A74	Procare International Co	
001A75	Sony	
001A76	SDT information	
001A77	Commscope	
001A78	ubtos	
001A79	Telecomunication	
001A7A	Lismore Instruments	
001A7B	Teleco	
001A7C	Hirschmann Multimedia	
001A7D	cyber-blue(HK)Ltd	
001A7E	LN Srithai	
001A7F	GCI Science &	
001A80	Sony	
001A81	Zelax	
001A82	PROBA Building	
001A83	Pegasus	Computer
001A84	V One Multimedia	
001A85	NV Michel Van de Wiele	
001A86	New Wave Design &	
001A87	Canhold International	
001A88	Venergy	
001A89	Nokia Danmark A/S	
001A8A	Samsung	Phone
001A8B	Chunil Electric Ind., Co	
001A8C	Sophos	
001A8D	AVECS Bergen	
001A8E	3Way	
001A8F	Nortel	
001A90	Trópico Sistemas e	
001A91	FusionDynamic	
001A92	ASUSTek COMPUTER	Computer
001A93	ERCO Leuchten	
001A94	Votronic	
001A95	Hisense Mobile	TV
001A96	Ecler	
001A97	fitivision	
001A98	Asotel Communication	
001A99	Smarty (HZ) Information	
001A9A	Skyworth Digital	
001A9B	ADEC & Parter	
001A9C	RightHand	
001A9D	Skipper Wireless	
001A9E	ICON Digital	
001A9F	A-Link	
001AA0	Dell	Computer
001AA1	Cisco	Router
001AA2	Cisco	Router
001AA3	Delorme	
001AA4	Future	
001AA5	BRN Phoenix	
001AA6	Elbit Systems	
001AA7	Torian Wireless	
001AA8	Mamiya Digital Imaging	
001AA9	Fujian Star-Net	
001AAA	Analogic	
001AAB	eWings s.r.l	
001AAC	Corelatus AB	
001AAD	Commscope	
001AAE	Savant	
001AAF	Blusens	
001AB0	Signal Networks Pvt	
001AB1	Asia Pacific Satellite	
001AB2	Cyber Solutions	
001AB3	Visionite	
001AB4	FFEI	
001AB5	Home Network System	
001AB6	Texas Instruments	IoT
001AB7	Ethos	
001AB8	Anseri	
001AB9	Groupe Carrus	
001ABA	Caton Overseas Limited	
001ABB	Fontal Technology	
001ABC	U4EA	
001ABD	Impatica	
001ABE	Computer Hi-Tech	
001ABF	TRUMPF Laser Marking	
001AC0	Joybien	
001AC1	3Com	Switch
001AC2	YEC	
001AC3	Scientific-Atlanta	
001AC4	2Wire	
001AC5	Keysight	
001AC6	Micro Control Designs	
001AC7	Unipoint	
001AC8	ISL (Instrumentation	
001AC9	Suzuken	
001ACA	Tilera	
001ACB	Autocom Products	
001ACC	Celestial Semiconductor	
001ACD	Tidel Engineering LP	Smart Home
001ACE	Yupiteru	
001ACF	C.T. Elettronica	
001AD0	Albis	
001AD1	Fargo	
001AD2	Eletronica Nitron Ltda	
001AD3	Vamp	
001AD4	iPOX	
001AD5	Kmc Chain Industrial	
001AD6	Jiagnsu Aetna Electric	
001AD7	Christie Digital	
001AD8	AlsterAero	
001AD9	International Broadband	
001ADA	Biz-2-Me	
001ADB	Commscope	
001ADC	Nokia Danmark A/S	
001ADD	PePWave	
001ADE	Commscope	
001ADF	Interactivetv Pty	
001AE0	Mythology Tech Express	
001AE1	Edge Access	
001AE2	Cisco	Router
001AE3	Cisco	Router
001AE4	Medicis	
001AE5	Mvox	
001AE6	Atlanta Advanced	
001AE7	Aztek	Phone
001AE8	Unify Software and	
001AE9	Nintendo	Gaming
001AEA	Radio Terminal	
001AEB	Allied Telesis K.K	Switch
001AEC	Keumbee	
001AED	INCOTEC	
001AEE	Shenztech	Phone
001AEF	Loopcomm	
001AF0	Alcatel-Lucent IPD	VoIP
001AF1	Embedded Artists AB	
001AF2	Dynavisions Schweiz	
001AF3	Samyoung	
001AF4	Handreamnet	
001AF5	Pentaone	
001AF6	Woven	
001AF7	dataschalt e+a	
001AF8	Copley Controls	
001AF9	AeroVIronment (AV Inc)	
001AFA	Welch Allyn	
001AFB	Joby	
001AFC	ModusLink	
001AFD	Evolis	
001AFE	Sofacreal	
001AFF	Wizyoung	
001B00	Neopost	
001B01	Applied Radio	
001B02	ED	
001B03	Action Technology (SZ)	
001B04	Affinity International	
001B05	Ymc	
001B06	Ateliers R. LAUMONIER	
001B07	Mendocino Software	
001B08	Danfoss Drives A/S	
001B09	Matrix Comsec Private	
001B0A	Intelligent Distributed	
001B0B	Phidgets	
001B0C	Cisco	Router
001B0D	Cisco	Router
001B0E	InoTec GmbH	
001B0F	Petratec	
001B10	ShenZhen Kang Hui	
001B11	D-Link	Router
001B12	Apprion	
001B13	Icron	
001B14	Carex Lighting	
001B15	Voxtel	
001B16	Celtro	
001B17	Palo Alto	Router
001B18	Tsuken Electric Ind	
001B19	IEEE I&M Society TC9	
001B1A	e-trees Japan	
001B1B	Siemens	Industrial
001B1C	Coherent	
001B1D	Phoenix	
001B1E	HART Communication	
001B1F	FORCE	
001B20	TPine	
001B21	Intel Corporate	Computer
001B22	Palit Microsystems (	
001B23	SimpleComTools	
001B24	Quanta Computer	Server
001B25	Nortel	
001B26	RON-Telecom ZAO	
001B27	Merlin CSI	
001B28	Polygon, Jsc	
001B29	Avantis.Co	
001B2A	Cisco	Router
001B2B	Cisco	Router
001B2C	ATRON electronic	
001B2D	Med-Eng	
001B2E	Sinkyo Electron	
001B2F	Netgear	Router
001B30	Solitech	
001B31	Neural Image	
001B32	QLogic	
001B33	Nokia Danmark A/S	
001B34	Focus System	
001B35	ChongQing JINOU Science	
001B36	Tsubata Engineering	Smart Home
001B37	Computec Oy	
001B38	Compal Information	
001B39	Proxicast	
001B3A	SIMS	
001B3B	Yi-Qing	
001B3C	Software	
001B3D	EuroTel Spa	
001B3E	Curtis	
001B3F	ProCurve Networking by	
001B40	Network Automation mxc	
001B41	General Infinity	
001B42	Wise & Blue	
001B43	Beijing DG	
001B44	SanDisk	
001B45	ABB AS, Division	Industrial
001B46	Blueone	
001B47	Futarque A/S	
001B48	Shenzhen Lantech	
001B49	Roberts Radio limited	
001B4A	W&W	
001B4B	SANION	
001B4C	Signtech	
001B4D	Areca	
001B4E	Navman New Zealand	
001B4F	Avaya	VoIP
001B50	Nizhny Novgorod Factory	
001B51	Vector	
001B52	Commscope	
001B53	Cisco	Router
001B54	Cisco	Router
001B55	Hurco Automation	
001B56	Tehuti	
001B57	Semindia Systems	
001B58	ACE CAD Enterprise	
001B59	Sony	
001B5A	Apollo Imaging	
001B5B	2Wire	
001B5C	Azuretec	
001B5D	Vololink	
001B5E	BPL Limited	
001B5F	Alien	
001B60	Navigon	
001B61	Digital Acoustics	
001B62	JHT Optoelectronics	
001B63	Apple	Phone
001B64	IsaacLandKorea	
001B65	China Gridcom	
001B66	Sennheiser electronic	Audio
001B67	Cisco	Router
001B68	Modnnet	
001B69	Equaline	
001B6A	Powerwave Technologies	
001B6B	Swyx Solutions	
001B6C	LookX Digital Media	
001B6D	Midtronics	
001B6E	Keysight	
001B6F	Teletrak	
001B70	IRI Ubiteq	
001B71	Telular	
001B72	Sicep s.p.a	
001B73	DTL Broadcast	
001B74	MiraLink	
001B75	Hypermedia	
001B76	Ripcode	
001B77	Intel Corporate	Computer
001B78	Hewlett Packard	Computer
001B79	Faiveley Transport	
001B7A	Nintendo	Gaming
001B7B	The Tintometer	
001B7C	A & R Cambridge	
001B7D	CXR Anderson Jacobson	
001B7E	Beckmann	
001B7F	TMN Technologies	
001B80	LORD	
001B81	DATAQ Instruments	
001B82	Taiwan Semiconductor	
001B83	Finsoft	
001B84	Scan Engineering Telecom	Smart Home
001B85	Everllence	
001B86	Bosch Access	
001B87	Deepsound	
001B88	Divinet Access	
001B89	EMZA Visual Sense	
001B8A	2M Electronic A/S	
001B8B	NEC Platforms	
001B8C	JMicron	
001B8D	Electronic Computer	
001B8E	Hulu Sweden AB	
001B8F	Cisco	Router
001B90	Cisco	Router
001B91	Efkon	
001B92	l-acoustics	
001B93	JC Decaux SA DNT	
001B94	T.E.M.A. S.p.A	
001B95	Video	
001B96	General Sensing	
001B97	Violin	
001B98	Samsung	Phone
001B99	KS System	
001B9A	Apollo Fire Detectors	
001B9B	Hose-McCann	Storage
001B9C	SATEL sp. z o.o	
001B9D	Novus Security Sp. z o.o	
001B9E	Askey Computer	
001B9F	Calyptech	
001BA0	Awox	
001BA1	Åmic AB	
001BA2	IDS Imaging Development	
001BA3	Flexit	
001BA4	S.A.E Afikim	
001BA5	MyungMin	
001BA6	intotech	
001BA7	Lorica Solutions	
001BA8	UBI&MOBI,.Inc	
001BA9	Brother	Printer
001BAA	XenICs nv	
001BAB	Telchemy, Incorporated	
001BAC	Curtiss Wright Controls	
001BAD	iControl Incorporated	
001BAE	Micro Control	
001BAF	Nokia Danmark A/S	
001BB0	Bharat Electronics	
001BB1	WNC	
001BB2	Intellect International	
001BB3	Condalo	
001BB4	Airvod Limited	
001BB5	Cherry	
001BB6	Bird Electronic	
001BB7	Alta Heights	
001BB8	Blueway Electronic	
001BB9	Elitegroup Computer	
001BBA	Nortel	
001BBB	RFTech	
001BBC	Silver Peak	
001BBD	FMC Kongsberg Subsea AS	
001BBE	ICOP Digital	
001BBF	Sagemcom Broadband SAS	Storage
001BC0	Juniper	Router
001BC1	HOLUX	
001BC2	Integrated Control	
001BC3	Mobisolution	
001BC4	Ultratec	
001BC5	IEEE Registration	
001BC6	Strato Rechenzentrum	
001BC7	StarVedia	
001BC8	Miura	
001BC9	Fsn Display	
001BCA	Beijing Run	
001BCB	Pempek	
001BCC	Kingtek Cctv Alliance	
001BCD	Daviscomms (S)	
001BCE	Measurement Devices	
001BCF	Dataupia	
001BD0	Identec Solutions	
001BD1	Sogestmatic	
001BD2	ULTRA-X ASIA PACIFIC	
001BD3	Panasonic Corporation	
001BD4	Cisco	Router
001BD5	Cisco	Router
001BD6	Kelvin Hughes	
001BD7	Cisco SPVTG	Router
001BD8	FLIR	Camera
001BD9	Edgewater Wireless	
001BDA	UTStarcom	
001BDB	Valeo VECS	
001BDC	Vencer	
001BDD	Commscope	
001BDE	Renkus-Heinz	
001BDF	Iskra Sistemi d.d	
001BE0	TELENOT ELECTRONIC	
001BE1	ViaLogy	
001BE2	AhnLab	
001BE3	Health Hero	
001BE4	Townet	
001BE5	802automation Limited	
001BE6	Vr	
001BE7	Postek	
001BE8	Ultratronik	
001BE9	Broadcom	
001BEA	Nintendo	Gaming
001BEB	DMP	
001BEC	Netio	
001BED	Brocade	Switch
001BEE	Nokia Danmark A/S	
001BEF	Blossoms Digital	
001BF0	Value Platforms Limited	
001BF1	Nanjing SilverNet	
001BF2	Kworld Computer	
001BF3	TRANSRADIO	
001BF4	Kenwin Industrial(Hk)	
001BF5	Tellink Sistemas de	
001BF6	CONWISE	
001BF7	Lund IP Products AB	
001BF8	Digitrax	
001BF9	Intellitect Water	
001BFA	G.i.N. mbH	
001BFB	Alpsalpine Co,.Ltd	
001BFC	ASUSTek COMPUTER	Computer
001BFD	Dignsys	
001BFE	Zavio	
001BFF	Millennia Media	
001C00	Entry Point	
001C01	ABB Oy Drives	Industrial
001C02	Pano Logic	
001C03	Betty TV	TV
001C04	Airgain	
001C05	Nonin Medical	Medical
001C06	Siemens Numerical	
001C07	Cwlinux Limited	
001C08	Echo360	Smart Home
001C09	SAE Electronic	
001C0A	Shenzhen AEE	
001C0B	SmartAnt Telecom	
001C0C	TANITA	
001C0D	G-Technology	
001C0E	Cisco	Router
001C0F	Cisco	Router
001C10	Cisco-Linksys	Router
001C11	Commscope	
001C12	Commscope	
001C13	Optsys	
001C14	VMware	
001C15	iPhotonix	
001C16	ThyssenKrupp Elevator	
001C17	Nortel	
001C18	Sicert S.r.L	
001C19	secunet Security	
001C1A	Thomas Instrumentation	
001C1B	Hyperstone	
001C1C	Center Communication	
001C1D	Chenzhou Gospell Digital	
001C1E	emtrion	
001C1F	Quest Retail	
001C20	CLB Benelux	
001C21	Nucsafe	
001C22	Aeris Elettronica s.r.l	
001C23	Dell	Computer
001C24	Formosa Wireless	
001C25	Hon Hai Precision Ind	
001C26	Hon Hai Precision Ind	
001C27	Sunell Electronics Co	
001C28	Sphairon	
001C29	Core Digital	
001C2A	Envisacor	
001C2B	Hive	
001C2C	Synapse	
001C2D	FlexRadio	
001C2E	HPN Supply Chain	
001C2F	Pfister	
001C30	Mode Lighting (UK )	
001C31	Mobile XP	
001C32	Telian	
001C33	Sutron	
001C34	Huey Chiao	Smart Home
001C35	Nokia Danmark A/S	
001C36	iNEWiT NV	
001C37	Callpod	
001C38	Bio-Rad Laboratories	
001C39	S Netsystems	
001C3A	Element	
001C3B	AmRoad	
001C3C	Seon Design	
001C3D	WaveStorm	
001C3E	ECKey	
001C3F	International Police	
001C40	VDG-Security	
001C41	scemtec Transponder	
001C42	Parallels	
001C43	Samsung	Phone
001C44	Electro Voice Dynacord	
001C45	Chenbro Micom	
001C46	Qtum	
001C47	Hangzhou Hollysys	
001C48	WiDeFi	
001C49	Zoltan	
001C4A	AVM	
001C4B	Gener8	
001C4C	Petrotest Instruments	
001C4D	Aplix IP	
001C4E	TASA International	
001C4F	Macab Ab	
001C50	TCL Technoly	Phone
001C51	Celeno	
001C52	Visionee	
001C53	Synergy Lighting	
001C54	Hillstone	
001C55	Shenzhen Kaifa	
001C56	Pado	
001C57	Cisco	Router
001C58	Cisco	Router
001C59	Devon It	
001C5A	Advanced Relay	
001C5B	Chubb Electronic	
001C5C	Integrated Medical	Medical
001C5D	Leica Microsystems	
001C5E	ASTON France	
001C5F	Winland	
001C60	CSP Frontier	
001C61	Galaxy Microsystems	
001C62	LG Electronics (Mobile	Phone
001C63	Truen	
001C64	Landis+Gyr	
001C65	JoeScan	
001C66	Ucamp	
001C67	Pumpkin	
001C68	Anhui Sun Create	
001C69	Packet Vision	
001C6A	Weiss Engineering	Smart Home
001C6B	COVAX	
001C6C	30805	
001C6D	Kyohritsu Electronic	
001C6E	Newbury	
001C6F	Emfit	
001C70	Novacomm Ltda	
001C71	Emergent	
001C72	Mayer & Cie GmbH & Co	
001C73	Arista	Switch
001C74	Syswan	
001C75	Segnet	
001C76	The Wandsworth	
001C77	Prodys	
001C78	Wyplay Sas	
001C79	Cohesive Financial	
001C7A	Perfectone Netware	
001C7B	Castlenet	
001C7C	Perq	
001C7D	Excelpoint Manufacturing	Smart Home
001C7E	Toshiba	
001C7F	Check Point Software	
001C80	New Business	
001C81	NextGen Venturi	
001C82	Genew	
001C83	New Level Telecom	
001C84	STL Solution	
001C85	Eunicorn	
001C86	Cranite	
001C87	Uriver	
001C88	Transystem	
001C89	Force	
001C8A	Cirrascale	
001C8B	MJ Innovations	
001C8C	Dial	
001C8D	Mesa Imaging	
001C8E	Alcatel-Lucent IPD	VoIP
001C8F	Advanced Electronic	
001C90	Empacket	
001C91	Gefen	
001C92	Tervela	
001C93	ExaDigm	
001C94	LI-COR Biosciences	
001C95	Opticomm	
001C96	Linkwise	
001C97	Enzytek	
001C98	Lucky Technology (Hk)	
001C99	Shunra Software	
001C9A	Nokia Danmark A/S	
001C9B	FEIG ELECTRONIC	
001C9C	Nortel	
001C9D	Liecthi	
001C9E	Dualtech IT AB	
001C9F	Razorstream	
001CA0	Production Resource	
001CA1	Akamai	
001CA2	ADB Broadband Italia	
001CA3	Terra	
001CA4	Sony	
001CA5	Zygo	
001CA6	Win4NET	
001CA7	International Quartz	
001CA8	AirTies Wireless	
001CA9	Audiomatica	Automotive
001CAA	Bellon	
001CAB	Meyer Sound Laboratories	
001CAC	Qniq	
001CAD	Wuhan Telecommunication	
001CAE	WiChorus	
001CAF	Plato	
001CB0	Cisco	Router
001CB1	Cisco	Router
001CB2	Bpt Spa	
001CB3	Apple	Phone
001CB4	Iridium Satellite	
001CB5	Neihua Network	
001CB6	Duzon CNT	
001CB7	USC DigiArk	
001CB8	CBC	
001CB9	Kwang Sung	
001CBA	VerScient	
001CBB	MusicianLink	
001CBC	CastGrabber	Industrial
001CBD	Ezze Mobile	
001CBE	Nintendo	Gaming
001CBF	Intel Corporate	Computer
001CC0	Intel Corporate	Computer
001CC1	Commscope	
001CC2	Part II Research	
001CC3	Commscope	
001CC4	Hewlett Packard	Computer
001CC5	3Com	Switch
001CC6	ProStor	
001CC7	Rembrandt Technologies,	
001CC8	INDUSTRONIC	
001CC9	Kaise Electronic	
001CCA	Shanghai Gaozhi Science	
001CCB	Forth Corporation	
001CCC	BlackBerry RTS	
001CCD	Alektrona	
001CCE	By Techdesign	
001CCF	Limetek	
001CD0	Circleone	
001CD1	Waves Audio	Automotive
001CD2	King Champion (Hong	
001CD3	ZP Engineering SEL	Smart Home
001CD4	Nokia Danmark A/S	
001CD5	ZeeVee	
001CD6	Nokia Danmark A/S	
001CD7	Harman/Becker Automotive	Automotive
001CD8	BlueAnt Wireless	
001CD9	GlobalTop	
001CDA	Exegin Technologies	
001CDB	Carpoint	
001CDC	Custom Computer Services	
001CDD	Cowbell Engineering	Smart Home
001CDE	Interactive Multimedia	
001CDF	Belkin	
001CE0	Dasan Tps	
001CE1	Indra Sistemas	
001CE2	Attero	
001CE3	Optimedical	Medical
001CE4	EleSy JSC	
001CE5	MBS Electronic	
001CE6	Innes	
001CE7	Rocon PLC Research	
001CE8	Cummins	
001CE9	Galaxy Technology	
001CEA	Scientific-Atlanta	
001CEB	Nortel	
001CEC	Mobilesoft (Aust.)	
001CED	Environnement	
001CEE	SHARP	TV
001CEF	Primax	
001CF0	D-Link	Router
001CF1	SUPoX Technology Co	
001CF2	Tenlon	
001CF3	EVS Broadcast Equipment	
001CF4	Media	
001CF5	Wiseblue Technology	
001CF6	Cisco	Router
001CF7	AudioScience	Automotive
001CF8	Parade	
001CF9	Cisco	Router
001CFA	Alarm.com	
001CFB	Commscope	
001CFC	Sumitomo Electric	
001CFD	Universal	
001CFE	Quartics	
001CFF	Napera	
001D00	Brivo	
001D01	Neptune Digital	
001D02	Cybertech Telecom	
001D03	Design Solutions	
001D04	Zipit Wireless	
001D05	Cooper Lighting	
001D06	HM	
001D07	Shenzhen Sang Fei	
001D08	Jiangsu Yinhe	
001D09	Dell	Computer
001D0A	Davis Instruments	
001D0B	Power Standards	
001D0C	MobileCompia	
001D0D	Sony Interactive	Gaming
001D0E	Agapha	
001D0F	Tp-Link	Router
001D10	LightHaus Logic	
001D11	Analogue & Micro	
001D12	Rohm	
001D13	NextGTV	
001D14	Speradtone Information	
001D15	Shenzhen Dolphin	
001D16	Sfr	
001D17	Digital Sky	
001D18	Power Innovation	
001D19	Arcadyan	
001D1A	OvisLink	
001D1B	Sangean	
001D1C	Gennet	
001D1D	Inter-M	
001D1E	Kyushu Ten	
001D1F	Siauliu Tauro	
001D20	Comtrend	
001D21	Alcad SL	
001D22	Foss Analytical A/S	
001D23	Sensus	
001D24	Aclara Power-Line	
001D25	Samsung	Phone
001D26	Rockridgesound	
001D27	Nac-Intercom	
001D28	Sony	
001D29	Doro AB	
001D2A	Shenzhen Bul-Tech	
001D2B	Wuhan Pont Technology CO	
001D2C	Wavetrend Technologies	
001D2D	Pylone	
001D2E	Ruckus Wireless	Router
001D2F	QuantumVision	
001D30	YX Wireless	
001D31	Highpro International	
001D32	Longkay Communication &	
001D33	Maverick	
001D34	SYRIS	
001D35	Viconics	
001D36	Electronics Corporation	
001D37	Thales-Panda	
001D38	Seagate	Storage
001D39	Moohadigital	
001D3A	mh acoustics	
001D3B	Nokia Danmark A/S	
001D3C	Muscle	
001D3D	Avidyne	
001D3E	Saka Techno Science	
001D3F	Mitron	
001D40	Intel – GE Care	
001D41	Hardy Instruments	
001D42	Nortel	
001D43	Shenzhen G-link Digital	
001D44	Krohne	
001D45	Cisco	Router
001D46	Cisco	Router
001D47	Covote GmbH & Co	
001D48	Sensor-Technik Wiedemann	
001D49	Innovation Wireless	
001D4A	Carestream Health	
001D4B	Grid Connect	
001D4C	Alcatel-Lucent	VoIP
001D4D	Adaptive Recognition	Automotive
001D4E	TCM Mobile	
001D4F	Apple	Phone
001D50	Spinetix	
001D51	Babcock & Wilcox Power	
001D52	Defzone	
001D53	S&O Electronics	
001D54	Sunnic Technology &	
001D55	ZANTAZ	
001D56	Kramer	
001D57	CAETEC Messtechnik	
001D58	CQ	
001D59	Mitra Energy &	
001D5A	2Wire	
001D5B	Tecvan Informatica Ltda	
001D5C	Tom Communication	
001D5D	Control Dynamics	
001D5E	Coming Media	
001D5F	OverSpeed SARL	
001D60	ASUSTek COMPUTER	Computer
001D61	BIJ	
001D62	InPhase	
001D63	Miele & Cie	Appliance
001D64	Adam Communications	
001D65	Microwave Radio	
001D66	HYUNDAI HT	
001D67	Amec	
001D68	Thomson Telecom Belgium	
001D69	Knorr-Bremse IT-Services	
001D6A	Alpha	
001D6B	Commscope	
001D6C	ClariPhy	
001D6D	Confidant	
001D6E	Nokia Danmark A/S	
001D6F	Chainzone	
001D70	Cisco	Router
001D71	Cisco	Router
001D72	Wistron	
001D73	Buffalo.Inc	Storage
001D74	Tianjin China-Silicon	
001D75	Radioscape PLC	
001D76	Eyeheight	
001D77	NSGate	
001D78	Invengo Information	
001D79	Signamax	
001D7A	Wideband Semiconductor	
001D7B	Ice Energy	
001D7C	ABE Elettronica S.p.A	
001D7D	Giga-Byte	Computer
001D7E	Cisco-Linksys	Router
001D7F	Tekron	
001D80	Beijing Huahuan	
001D81	Guangzhou Gateway	
001D82	GN Netcom A/S	
001D83	Emitech	
001D84	Gateway	
001D85	Call Direct Cellular	
001D86	Shinwa Industries(China)	
001D87	VigTech Labs Sdn Bhd	
001D88	Clearwire	
001D89	VaultStor	
001D8A	TechTrex	
001D8B	ADB Broadband Italia	
001D8C	La Crosse	
001D8D	Fluke Process	
001D8E	Alereon	
001D8F	PureWave	
001D90	EMCO Flow	Storage
001D91	Digitize	
001D92	Micro-Star Int'L	
001D93	Modacom	
001D94	Climax	
001D95	Flash	
001D96	WatchGuard Video	Router
001D97	Alertus	
001D98	Nokia Danmark A/S	
001D99	Cyan Optic	
001D9A	Godex	
001D9B	Hokuyo Automatic	
001D9C	Rockwell Automation	Industrial
001D9D	Artjoy International	
001D9E	Axion	
001D9F	MATT R.P.Traczynscy Sp.J	
001DA0	Heng Yu Electronic	Smart Home
001DA1	Cisco	Router
001DA2	Cisco	Router
001DA3	SabiOso	
001DA4	Hangzhou System	
001DA5	WB	
001DA6	Media Numerics Limited	
001DA7	Seamless Internet	
001DA8	Takahata	
001DA9	Castles	
001DAA	DrayTek	Router
001DAB	SwissQual License	
001DAC	Gigamon	
001DAD	Sinotech Engineering	Smart Home
001DAE	Chang Tseng	
001DAF	Nortel	
001DB0	FuJian HengTong	
001DB1	Crescendo	
001DB2	Hokkaido Electric	Smart Home
001DB3	HPN Supply Chain	
001DB4	Kumho Eng	
001DB5	Juniper	Router
001DB6	BestComm	
001DB7	Tendril	
001DB8	Intoto	
001DB9	Wellspring Wireless	Smart Home
001DBA	Sony	
001DBB	Dynamic System	
001DBC	Nintendo	Gaming
001DBD	Versamed	
001DBE	Commscope	
001DBF	Radiient	
001DC0	Enphase Energy	
001DC1	Audinate Pty L	Automotive
001DC2	Xortec Oy	
001DC3	RIKOR TV	TV
001DC4	AIOI	
001DC5	Beijing Jiaxun Feihong	
001DC6	SNR	
001DC7	L-3 Communications	Switch
001DC8	Navionics Research	
001DC9	GainSpan	
001DCA	PAV Electronics Limited	
001DCB	Exéns Development Oy	
001DCC	Ayon Cyber Security	
001DCD	Commscope	
001DCE	Commscope	
001DCF	Commscope	
001DD0	Commscope	
001DD1	Commscope	
001DD2	Commscope	
001DD3	Commscope	
001DD4	Commscope	
001DD5	Commscope	
001DD6	Commscope	
001DD7	Algolith	
001DD8	Microsoft	Computer
001DD9	Hon Hai Precision Ind	
001DDA	Mikroelektronika spol.	
001DDB	C-BEL	
001DDC	HangZhou DeChangLong	
001DDD	Dat H.K. Limited	
001DDE	Zhejiang	TV
001DDF	Sunitec Enterprise	
001DE0	Intel Corporate	Computer
001DE1	Intel Corporate	Computer
001DE2	Radionor	
001DE3	Intuicom	
001DE4	Visioneered Image	
001DE5	Cisco	Router
001DE6	Cisco	Router
001DE7	Marine Sonic	
001DE8	Nikko Denki Tsushin	
001DE9	Nokia Danmark A/S	
001DEA	Commtest Instruments	
001DEB	DINEC	
001DEC	Marusys	
001DED	Grid Net	
001DEE	Nextvision Sistemas	
001DEF	Trimm	
001DF0	Vidient	
001DF1	Intego	
001DF2	Netflix	
001DF3	SBS Science &	
001DF4	Magellan Technology Pty	
001DF5	Sunshine	
001DF6	Samsung	Phone
001DF7	R. STAHL Schaltgeräte	
001DF8	Webpro Vision	
001DF9	Cybiotronics (Far East)	
001DFA	Fujian LANDI Commercial	
001DFB	NETCLEUS	Phone
001DFC	Ksic	
001DFD	Nokia Danmark A/S	
001DFE	Palm	
001DFF	Network Critical	
001E00	Shantou Institute of	
001E01	Renesas Technology Sales	
001E02	Sougou Keikaku Kougyou	
001E03	LiComm	
001E04	Hanson Research	
001E05	Xseed Technologies &	
001E06	Wibrain	
001E07	Winy	
001E08	Centec	
001E09	ZEFATEK	
001E0A	Syba Tech Limited	
001E0B	Hewlett Packard	Computer
001E0C	Sherwood Information	
001E0D	Micran	
001E0E	Maxi View Holdings	
001E0F	Briot	
001E10	Huawei	Phone
001E11	Elelux	
001E12	Ecolab	
001E13	Cisco	Router
001E14	Cisco	Router
001E15	Beech Hill	
001E16	Keytronix	
001E17	Stn	
001E18	Radio Activity	
001E19	Gtri	
001E1A	Best Source Taiwan	
001E1B	Digital Stream	
001E1C	SWS Australia Pty	
001E1D	East Coast Datacom	
001E1E	Honeywell Life Safety	Industrial
001E1F	Nortel	
001E20	Intertain	
001E21	Qisda	
001E22	ARVOO Imaging Products	
001E23	Electronic Educational	
001E24	Zhejiang Bell	
001E25	Intek Digital	
001E26	Digifriends	
001E27	SBN	
001E28	Lumexis	
001E29	Hypertherm	
001E2A	Netgear	Router
001E2B	Radio Systems Design	
001E2C	CyVerse	
001E2D	Stim	
001E2E	SIRTI S.p.A	
001E2F	DiMoto	
001E30	Shireen	
001E31	infomark	
001E32	Zensys	
001E33	Inventec	
001E34	CryptoMetrics	
001E35	Nintendo	Gaming
001E36	Ipte	
001E37	Universal Global	
001E38	Bluecard Software	
001E39	Comsys Communication	
001E3A	Nokia Danmark A/S	
001E3B	Nokia Danmark A/S	
001E3C	Lyngbox Media AB	
001E3D	Alpsalpine Co,.Ltd	
001E3E	KMW	
001E3F	TrellisWare	
001E40	Shanghai DareGlobal	
001E41	Microwave Communication	
001E42	Teltonika	
001E43	Aisin	
001E44	Santec	
001E45	Sony	
001E46	Commscope	
001E47	PT. Hariff Daya Tunggal	Smart Home
001E48	Wi-Links	
001E49	Cisco	Router
001E4A	Cisco	Router
001E4B	City Theatrical	
001E4C	Hon Hai Precision Ind	
001E4D	Welkin Sciences	
001E4E	DAKO EDV-Ingenieur- und	
001E4F	Dell	Computer
001E50	Battistoni Research	
001E51	Converter Industry	
001E52	Apple	Phone
001E53	Further	
001E54	TOYO ELECTRIC	
001E55	COWON	
001E56	Bally Wulff	
001E57	ALCOMA, spol. s r.o	
001E58	D-Link	Router
001E59	Silicon Turnkey Express	
001E5A	Commscope	
001E5B	Unitron	
001E5C	RB GeneralEkonomik	
001E5D	Holosys d.o.o	
001E5E	COmputime	
001E5F	KwikByte	
001E60	Digital Lighting	
001E61	ITEC	
001E62	Siemon	
001E63	Vibro-Meter	
001E64	Intel Corporate	Computer
001E65	Intel Corporate	Computer
001E66	RESOL Elektronische	
001E67	Intel Corporate	Computer
001E68	Quanta Computer	Server
001E69	Thomson	
001E6A	Beijing Bluexon	
001E6B	Cisco SPVTG	Router
001E6C	Opaque	
001E6D	IT R&D Center	
001E6E	Shenzhen First Mile	
001E6F	Magna-Power	
001E70	Chelton Limited	
001E71	MIrcom Group of	
001E72	Pcs	
001E73	zte	Phone
001E74	Sagemcom Broadband SAS	Storage
001E75	LG Electronics (Mobile	Phone
001E76	Thermo Fisher Scientific	
001E77	Air2App	
001E78	Owitek	
001E79	Cisco	Router
001E7A	Cisco	Router
001E7B	R.I.CO. S.r.l	
001E7C	Taiwick Limited	
001E7D	Samsung	Phone
001E7E	Nortel	
001E7F	CBM of America	
001E80	Icotera A/S	
001E81	CNB	
001E82	SanDisk	
001E83	LAN/MAN Standards	
001E84	Pika	
001E85	Lagotek	
001E86	MEL	
001E87	Realease Limited	
001E88	Andor System Support	
001E89	CRFS Limited	
001E8A	eCopy	
001E8B	Infra Access Korea	
001E8C	ASUSTek COMPUTER	Computer
001E8D	Commscope	
001E8E	Hunkeler	
001E8F	Canon	Camera
001E90	Elitegroup Computer	
001E91	KIMIN Electronic	
001E92	Jeulin	
001E93	CiriTech	
001E94	Supercom	
001E95	Sigmalink	
001E96	Sepura Limited	
001E97	Medium Link System	
001E98	GreenLine	
001E99	Vantanol Industrial	
001E9A	HAMILTON Bonaduz	
001E9B	San-Eisha	
001E9C	Fidustron	
001E9D	Recall	
001E9E	ddm hopt + schuler Gmbh	
001E9F	Visioneering	Smart Home
001EA0	XLN-t	
001EA1	Brunata a/s	
001EA2	Symx	
001EA3	Nokia Danmark A/S	
001EA4	Nokia Danmark A/S	
001EA5	ROBOTOUS	
001EA6	Best IT World (India)	
001EA7	Actiontec	
001EA8	Datang Mobile	
001EA9	Nintendo	Gaming
001EAA	E-Senza	
001EAB	TeleWell Oy	
001EAC	Armadeus	
001EAD	Wingtech Group Limited	
001EAE	AUMOVIO	
001EAF	Ophir Optronics	
001EB0	ImesD Electronica S.L	
001EB1	Cryptsoft	
001EB2	LG Innotek	
001EB3	Primex Wireless	
001EB4	Unifat	
001EB5	Ever Sparkle	
001EB6	TAG Heuer	
001EB7	TBTech	
001EB8	Aloys	
001EB9	Sing Fai Technology	
001EBA	High Density Devices AS	
001EBB	Bluelight	
001EBC	Wintech Automation	
001EBD	Cisco	Router
001EBE	Cisco	Router
001EBF	Haas Automation	
001EC0	Microchip	IoT
001EC1	3Com Europe	Switch
001EC2	Apple	Phone
001EC3	Kozio	
001EC4	Celio	
001EC5	Middle Atlantic Products	
001EC6	Leviton Manufacturing Co	Smart Home
001EC7	2Wire	
001EC8	Rapid Mobile (Pty)	
001EC9	Dell	Computer
001ECA	Nortel	
001ECB	RPC "Energoautomatika	
001ECC	Cdvi	
001ECD	KYLAND	
001ECE	BISA Technologies (Hong	
001ECF	Philips Electronics Uk	
001ED0	Ingespace	
001ED1	TKH Security	
001ED2	Ray Shine Video	
001ED3	Dot Technology Int'l	
001ED4	Doble Engineering	Smart Home
001ED5	Tekon-Automatics	
001ED6	Alentec & Orion AB	
001ED7	H-Stream Wireless	
001ED8	Digital United	
001ED9	Mitsubishi Precision	
001EDA	Wesemann Elektrotechniek	
001EDB	Giken Trastem	
001EDC	Sony	
001EDD	Wasko	
001EDE	Byd Company Limited	
001EDF	Master	
001EE0	Urmet SpA	
001EE1	Samsung	Phone
001EE2	Samsung	Phone
001EE3	T&W Electronics	
001EE4	ACS Solutions France	
001EE5	Cisco-Linksys	Router
001EE6	Shenzhen Advanced Video	
001EE7	Epic	
001EE8	Mytek	
001EE9	Stoneridge Electronics	
001EEA	Sensor Switch	Switch
001EEB	Talk-A-Phone Co	
001EEC	Compal Information	
001EED	Adventiq	
001EEE	ETL	
001EEF	Cantronic International	
001EF0	Gigafin	
001EF1	Servimat	
001EF2	Micro Motion	
001EF3	From2	
001EF4	L-3 Communications	Switch
001EF5	Hitek Automated	
001EF6	Cisco	Router
001EF7	Cisco	Router
001EF8	Emfinity	
001EF9	Pascom Kommunikations	
001EFA	PROTEI	
001EFB	Trio Motion	
001EFC	Jsc "Massa-K	
001EFD	Microbit 2.0 AB	
001EFE	LEVEL s.r.o	
001EFF	Mueller-Elektronik GmbH	
001F00	Nokia Danmark A/S	
001F01	Nokia Danmark A/S	
001F02	Pixelmetrix	
001F03	Num	
001F04	Granch	
001F05	iTAS	
001F06	Integrated Dispatch	
001F07	AZTEQ Mobile	Phone
001F08	Risco	
001F09	Jastec	
001F0A	Nortel	
001F0B	Federal State Unitary	
001F0C	Intelligent Digital	
001F0D	L3 Communications -	Switch
001F0E	Japan Kyastem	
001F0F	Select Engineered	
001F10	Toledo Do Brasil	
001F11	Openmoko	
001F12	Juniper	Router
001F13	S.& A.S	
001F14	NexG	
001F15	Bioscrypt	
001F16	Wistron	
001F17	IDX	
001F18	Hakusan.Mfg.Co,.Ltd	
001F19	Ben-Ri Electronica	
001F1A	Prominvest	
001F1B	RoyalTek	
001F1C	KOBISHI ELECTRIC	
001F1D	Atlas Material Testing	
001F1E	Astec	
001F1F	Edimax	
001F20	Logitech Europe	
001F21	Inner Mongolia Yin An	
001F22	Source Photonics	
001F23	DGS Diagnostics A/S	
001F24	Digitview	
001F25	MBS	
001F26	Cisco	Router
001F27	Cisco	Router
001F28	HPN Supply Chain	
001F29	Hewlett Packard	Computer
001F2A	Accm	
001F2B	Orange Logic	
001F2C	Starbridge	
001F2D	Electro-Optical Imaging	
001F2E	Triangle Research Int'l	
001F2F	Berker GmbH & Co	
001F30	Travelping	
001F31	Radiocomp	
001F32	Nintendo	Gaming
001F33	Netgear	Router
001F34	Lung Hwa	
001F35	Air802	
001F36	Bellwin Information	
001F37	Genesis I&C	
001F38	Positron	
001F39	Construcciones y	
001F3A	Hon Hai Precision Ind	
001F3B	Intel Corporate	Computer
001F3C	Intel Corporate	Computer
001F3D	Qbit	
001F3E	RP-Technik e.K	
001F3F	AVM	
001F40	Speakercraft	
001F41	Ruckus Wireless	Router
001F42	Etherstack plc	
001F43	Entes Elektronik	
001F44	GE Transportation	
001F45	Enterasys	Switch
001F46	Nortel	
001F47	MCS Logic	
001F48	Mojix	
001F49	Manhattan TV	TV
001F4A	Albentia	
001F4B	Lineage Power	
001F4C	Roseman Engineering	Smart Home
001F4D	Segnetics	
001F4E	ConMed Linvatec	
001F4F	Thinkware	
001F50	Swissdis	
001F51	HD	
001F52	UVT	
001F53	GEMAC Chemnitz	
001F54	Lorex	
001F55	Honeywell Security	Industrial
001F56	Digital Forecast	
001F57	Phonik Innovation	
001F58	EMH Energiemesstechnik	
001F59	Kronback Tracers	Computer
001F5A	Beckwith Electric Co	
001F5B	Apple	Phone
001F5C	Nokia Danmark A/S	
001F5D	Nokia Danmark A/S	
001F5E	Dyna	
001F5F	Blatand	
001F60	Compass	
001F61	Talent Communication	
001F62	JSC "Stilsoft	
001F63	JSC Goodwin-Europa	
001F64	Beijing Autelan	
001F65	Korea Electric Terminal	
001F66	Planar	
001F67	Hitachi	
001F68	Martinsson Elektronik AB	
001F69	Pingood	
001F6A	PacketFlux	
001F6B	LG Electronics (Mobile	Phone
001F6C	Cisco	Router
001F6D	Cisco	Router
001F6E	Vtech Engineering	Smart Home
001F6F	Fujian Sunnada	
001F70	Botik	
001F71	xG	
001F72	QingDao Hiphone	
001F73	Teraview	
001F74	Eigen Development	
001F75	GiBahn Media	
001F76	AirLogic	
001F77	Heol Design	
001F78	Blue Fox Porini Textile	
001F79	Lodam Electronics A/S	
001F7A	WiWide	
001F7B	TechNexion	
001F7C	Witelcom AS	
001F7D	Embedded Wireless	
001F7E	Commscope	
001F7F	Phabrix Limited	
001F80	Lucas	
001F81	Accel Semiconductor	
001F82	Cal-Comp Electronics &	
001F83	Teleplan Technology	
001F84	Gigle Semiconductor	
001F85	Apriva ISS	
001F86	digEcor	
001F87	Skydigital	
001F88	FMS Force Measuring	Smart Home
001F89	Signalion	
001F8A	Ellion Digital	
001F8B	Cache IQ	
001F8C	CCS	
001F8D	Ingenieurbuero Stark	
001F8E	Metris USA	
001F8F	Shanghai Bellmann	
001F90	Actiontec	
001F91	DBS Lodging	
001F92	Motorola Solutions	Phone
001F93	Xiotech	
001F94	Lascar	
001F95	Sagemcom Broadband SAS	Storage
001F96	Aprotech	
001F97	BERTANA	
001F98	Daiichi-Dentsu	
001F99	SERONICS	
001F9A	Nortel	
001F9B	Posbro	
001F9C	Havis	
001F9D	Cisco	Router
001F9E	Cisco	Router
001F9F	Thomson Telecom Belgium	
001FA0	A10	
001FA1	Gtran	
001FA2	Datron World	
001FA3	T&W	
001FA4	Shenzhen Gongjin	
001FA5	Blue-White	
001FA6	Stilo	
001FA7	Sony Interactive	Gaming
001FA8	Smart Energy Instruments	
001FA9	Atlanta DTH	
001FAA	Taseon	
001FAB	I.S High Tech.Inc	
001FAC	Goodmill	
001FAD	Brown Innovations	
001FAE	Blick South Africa (Pty)	
001FAF	NextIO	
001FB0	TimeIPS	
001FB1	Cybertech	
001FB2	Sontheim Industrie	
001FB3	2Wire	
001FB4	SmartShare	
001FB5	I/O Interconnect	
001FB6	Chi Lin	
001FB7	WiMate	
001FB8	Universal Remote Control	
001FB9	Paltronics	
001FBA	Boyoung	
001FBB	Xenatech	
001FBC	EVGA	
001FBD	Kyocera Wireless	Printer
001FBE	Shenzhen Mopnet	
001FBF	Fulhua Microelectronics	
001FC0	Control Express Finland	
001FC1	Hanlong	
001FC2	Jow Tong	
001FC3	SmartSynch	
001FC4	Commscope	
001FC5	Nintendo	Gaming
001FC6	ASUSTek COMPUTER	Computer
001FC7	Casio Hitachi Mobile	
001FC8	Up-Today Industrial	
001FC9	Cisco	Router
001FCA	Cisco	Router
001FCB	NIW Solutions	
001FCC	Samsung	Phone
001FCD	Samsung	Phone
001FCE	Qtech	
001FCF	MSI	Computer
001FD0	Giga-Byte	Computer
001FD1	Optex	
001FD2	Commtech Technology	
001FD3	RIVA	
001FD4	4Ipnet	
001FD5	MICRORISC s.r.o	
001FD6	Shenzhen Allywll	
001FD7	Telerad	
001FD8	A-Trust Computer	
001FD9	RSD	
001FDA	Nortel	
001FDB	Network Supply	
001FDC	Mobile Safe Track	
001FDD	Gdi	
001FDE	Nokia Danmark A/S	
001FDF	Nokia Danmark A/S	
001FE0	EdgeVelocity	
001FE1	Hon Hai Precision Ind	
001FE2	Hon Hai Precision Ind	
001FE3	LG Electronics (Mobile	Phone
001FE4	Sony	
001FE5	In-Circuit	
001FE6	Alphion	
001FE7	Simet	
001FE8	KURUSUGAWA Electronics	
001FE9	Printrex	
001FEA	Applied Media	
001FEB	Trio Datacom	
001FEC	Synapse Électronique	
001FED	Tecan	
001FEE	ubisys	
001FEF	Shinsei	
001FF0	Audio Partnership	Automotive
001FF1	Paradox Hellas	
001FF2	VIA	
001FF3	Apple	Phone
001FF4	Power Monitors	
001FF5	Kongsberg Defence &	
001FF6	PS Audio	Automotive
001FF7	Nakajima All Precision	
001FF8	Siemens AG, Sector	Industrial
001FF9	Advanced Knowledge	
001FFA	Coretree	
001FFB	Green Packet Bhd	
001FFC	Riccius+Sohn	
001FFD	Indigo Mobile	
001FFE	HPN Supply Chain	
001FFF	Respironics	
002000	Lexmark	Printer
002001	Dsp Solutions	
002002	Seritech Enterprise	
002003	Pixel Power	
002004	Yamatake-Honeywell	Industrial
002005	Simple	
002006	Garrett	
002007	Sfa	
002008	Cable & Computer	
002009	Packard Bell Elec	
00200A	Source-Comm	
00200B	Octagon	
00200C	Adastra	
00200D	Carl Zeiss	
00200E	NSSLGlobal Technologies	
00200F	EBRAINS	
002010	Jeol System	
002011	Canopus	
002012	Camtronics Medical	Medical
002013	Diversified	
002014	Global View	
002015	Actis Computer	
002016	Showa Electric Wire &	
002017	Orbotech	
002018	Cis	
002019	Ohler	
00201A	MRV	
00201B	Northern Telecom/Network	
00201C	Excel	
00201D	Katana Products	
00201E	Netquest	
00201F	Best Power	
002020	Megatron Computer	
002021	Algorithms Software Pvt	
002022	NMS	
002023	T.C	
002024	Pacific Communication	
002025	Control	
002026	Amkly	
002027	Ming Fortune Industry	
002028	West Egg	
002029	Teleprocessing Products	
00202A	N.V. Dzine	
00202B	Advanced	
00202C	Welltronix	
00202D	Taiyo	
00202E	Daystar Digital	
00202F	Zeta	
002030	Analog & Digital	
002031	Tattile	
002032	Alcatel Taisel	
002033	Synapse	
002034	Rotec	
002035	IBM	
002036	Bmc Software	
002037	Seagate	Storage
002038	Vme Microsystems	
002039	Scinets	
00203A	Digital Bi0Metrics	
00203B	Wisdm	
00203C	Eurotime Ab	
00203D	Honeywell Environmental	Industrial
00203E	LogiCan	
00203F	Juki	
002040	Commscope	
002041	Data Net	
002042	Datametrics	
002043	Neuron Company Limited	
002044	Genitech	
002045	ION	
002046	Ciprico	
002047	Steinbrecher	
002048	Marconi	
002049	Comtron	
00204A	Pronet	
00204B	Autocomputer	
00204C	Mitron Computer	
00204D	Inovis	
00204E	Network Security	
00204F	Deutsche Aerospace	
002050	Korea Computer	
002051	Verilink	
002052	Ragula	
002053	Huntsville Microsystems	
002054	Sycamore	
002055	Altech	
002056	Neoproducts	
002057	TITZE DATENTECHNIK	
002058	Allied Signal	
002059	Miro Computer Products	
00205A	Computer Identics	
00205B	Kentrox	
00205C	InterNet Systems of	
00205D	Nanomatic Oy	
00205E	Castle Rock	
00205F	Gammadata Computer	
002060	ALCATEL ITALIA S.p.A	
002061	GarrettCom	
002062	Scorpion Logic	
002063	Wipro Infotech	
002064	Protec Microsystems	
002065	Supernet Networking	
002066	General Magic	
002067	Private	
002068	Isdyne	
002069	Isdn	
00206A	Osaka Computer	
00206B	Konica Minolta	Printer
00206C	Evergreen	
00206D	Data Race	
00206E	Xact	
00206F	Flowpoint	
002070	Hynet	
002071	Ibr	
002072	Worklink Innovations	
002073	Fusion	
002074	Sungwoon	
002075	Motorola Communication	Phone
002076	Reudo	
002077	Kardios	
002078	Runtop	
002079	Mikron	
00207A	WiSE	
00207B	Intel	Computer
00207C	Autec	
00207D	Advanced Computer	
00207E	Finecom	
00207F	Kyoei Sangyo	
002080	Synergy (Uk)	
002081	Titan	
002082	Oneac	
002083	Presticom Incorporated	
002084	Oce Printing	
002085	Eaton	
002086	Microtech Electronics	
002087	Memotec	
002088	Global Village	
002089	T3Plus Networking	
00208A	Sonix	
00208B	Lapis	
00208C	Galaxy	
00208D	Cmd	
00208E	Chevin Software Eng	
00208F	ECI Telecom	
002090	Advanced Compression	
002091	J125, National Security	
002092	Chess Engineering	Smart Home
002093	Landings	
002094	Cubix	
002095	Riva	
002096	Invensys	
002097	Applied Signal	
002098	Hectronic Ab	
002099	Bon Electric	
00209A	The 3Do	
00209B	Ersat Electronic	
00209C	Primary Access	
00209D	Lippert	
00209E	Brown'S Operating	
00209F	Mercury Computer	
0020A0	Oa Laboratory	
0020A1	Dovatron	
0020A2	Galcom Networking	
0020A3	Harmonic	
0020A4	Multipoint	
0020A5	Api Engineering	Smart Home
0020A6	Proxim Wireless	
0020A7	Pairgain	
0020A8	Sast	
0020A9	White Horse Industrial	
0020AA	Ericsson Television	TV
0020AB	Micro	
0020AC	Interflex Datensysteme	
0020AD	Linq	
0020AE	Ornet Data Communication	
0020AF	3Com	Switch
0020B0	Gateway Devices	
0020B1	Comtech Research	
0020B2	GKD Gesellschaft Fur	
0020B3	Tattile	
0020B4	Terma Elektronik As	
0020B5	Yaskawa Electric	
0020B6	Agile	
0020B7	Namaqua Computerware	
0020B8	Prime Option	
0020B9	Metricom	
0020BA	Center For High	
0020BB	Zax	
0020BC	Long Reach	
0020BD	Niobrara R & D	
0020BE	Lan Access	
0020BF	Aehr Test	
0020C0	Pulse	
0020C1	SAXA	
0020C2	Texas Memory	
0020C3	Counter Solutions	
0020C4	Inet	
0020C5	Eagle	
0020C6	Nectec	
0020C7	AKAI Professional M.I	
0020C8	Larscom Incorporated	
0020C9	Victron	
0020CA	Digital Ocean	
0020CB	Pretec	
0020CC	Digital Services	
0020CD	Hybrid	
0020CE	Logical Design	
0020CF	Test & Measurement	
0020D0	Versalynx	
0020D1	Microcomputer Systems	
0020D2	Rad Data	
0020D3	Ost (Ouest Standard	
0020D4	Cabletron	
0020D5	Vipa	
0020D6	Breezecom	
0020D7	JAPAN MINICOMPUTER	
0020D8	Nortel	
0020D9	Panasonic Technologies,	
0020DA	Alcatel-Lucent	VoIP
0020DB	Xnet	
0020DC	Densitron Taiwan	
0020DD	Cybertec	
0020DE	Japan Digital Laborat'Y	
0020DF	Kyosan Electric Mfg	
0020E0	Actiontec	
0020E1	Alamar	
0020E2	Information Resource	Smart Home
0020E3	Mcd Kencom	
0020E4	Hsing Tech Enterprise	
0020E5	Apex Data	
0020E6	Lidkoping Machine Tools	
0020E7	B&W Nuclear Service	
0020E8	Datatrek	
0020E9	Dantel	
0020EA	Efficient	
0020EB	Cincinnati Microwave	
0020EC	Techware	
0020ED	Giga-Byte	Computer
0020EE	Gtech	
0020EF	Usc	
0020F0	Universal	
0020F1	Altos India Limited	
0020F2	Oracle	
0020F3	Raynet	
0020F4	Spectrix	
0020F5	Pandatel	
0020F6	Net Tek And Karlnet	
0020F7	Cyberdata	
0020F8	Carrera Computers	
0020F9	Paralink	
0020FA	Gde	
0020FB	Octel	
0020FC	Matrox Central Services	
0020FD	Itv	
0020FE	Topware Inc. / Grand	
0020FF	Symmetrical	
002100	Gemtek	
002101	Aplicaciones	
002102	UpdateLogic	
002103	GHI	
002104	Gigaset	
002105	Alcatel-Lucent IPD	VoIP
002106	RIM Testing Services	
002107	Seowonintech	
002108	Nokia Danmark A/S	
002109	Nokia Danmark A/S	
00210A	byd:sign	
00210B	Gemini Traze Rfid Pvt	Computer
00210C	Cymtec	
00210D	Samsin Innotec	Computer
00210E	Gilbarco	
00210F	Cernium	
002110	Clearbox	
002111	Uniphone	
002112	Wiscom System	
002113	Padtec S/A	
002114	Hylab	
002115	PHYWE Systeme GmbH & Co	
002116	Transcon Electronic	
002117	Tellord	
002118	Athena	
002119	Samsung Electro	Phone
00211A	LInTech	
00211B	Cisco	Router
00211C	Cisco	Router
00211D	Dataline AB	
00211E	Commscope	
00211F	Shinsung Deltatech	
002120	Sequel	
002121	VRmagic	
002122	Chip-pro	
002123	Aerosat Avionics	
002124	Optos Plc	
002125	KUK JE TONG SHIN	
002126	Shenzhen Torch Equipment	
002127	Tp-Link	Router
002128	Oracle	
002129	Cisco-Linksys	Router
00212A	Audiovox	Automotive
00212B	MSA Auer	
00212C	SemIndia System Private	
00212D	Scimolex	
00212E	dresden-elektronik	
00212F	Phoebe Micro	
002130	Keico Hightech	
002131	Blynke	
002132	Masterclock	
002133	Building B	
002134	Brandywine	
002135	Alcatel-Lucent	VoIP
002136	Commscope	
002137	Bay Controls	
002138	Cepheid	
002139	Escherlogic	
00213A	Winchester	
00213B	Berkshire Products	
00213C	AliphCom	
00213D	Cermetek	
00213E	TomTom	
00213F	A-Team	
002140	EN	
002141	Radlive	
002142	Advanced Control	
002143	Commscope	
002144	SS Telecoms	
002145	Semptian	
002146	Sanmina-SCI	
002147	Nintendo	Gaming
002148	Kaco Solar Korea	
002149	China Daheng	
00214A	Pixel Velocity	
00214B	Shenzhen HAMP Science &	
00214C	Samsung	Phone
00214D	Guangzhou Skytone	
00214E	GS Yuasa Power Supply	
00214F	Alpsalpine Co,.Ltd	
002150	Eyeview	
002151	Millinet	
002152	General Satellite	
002153	SeaMicro	
002154	D-TACQ Solutions	
002155	Cisco	Router
002156	Cisco	Router
002157	National Datacast	
002158	Style Flying Technology	
002159	Juniper	Router
00215A	Hewlett Packard	Computer
00215B	SenseAnywhere	
00215C	Intel Corporate	Computer
00215D	Intel Corporate	Computer
00215E	IBM	
00215F	IHSE	
002160	Hidea Solutions	
002161	Yournet	
002162	Nortel	
002163	Askey Computer	
002164	Special Design Bureau	
002165	Presstek	
002166	NovAtel	
002167	HWA JIN T&I	
002168	iVeia	
002169	Prologix	
00216A	Intel Corporate	Computer
00216B	Intel Corporate	Computer
00216C	Odva	
00216D	Soltech	
00216E	Function ATI (Huizhou)	
00216F	SymCom	
002170	Dell	Computer
002171	Wesung TNC	
002172	Seoultek Valley	
002173	Ion Torrent	
002174	AvaLAN Wireless	
002175	Pacific Satellite	
002176	YMax Telecom	
002177	W. L. Gore & Associates	
002178	Matuschek Messtechnik	
002179	IOGEAR	
00217A	Sejin Electron	
00217B	Bastec AB	
00217C	2Wire	
00217D	Pyxis S.R.L	
00217E	Telit Communication	
00217F	Intraco	
002180	Commscope	
002181	Si2 Microsystems Limited	
002182	SandLinks	Router
002183	ANDRITZ HYDRO	
002184	Powersoft	
002185	Micro-Star Int'L	
002186	Universal Global	
002187	Imacs	
002188	EMC	Storage
002189	AppTech	
00218A	Electronic Design and	Smart Home
00218B	Wescon	
00218C	TopControl	
00218D	AP Router Ind.	
00218E	Mekics	
00218F	Avantgarde Acoustic	
002190	Goliath Solutions	
002191	D-Link	Router
002192	Baoding Galaxy	
002193	Videofon MV	
002194	Ping Communication	
002195	GWD Media Limited	
002196	Telsey S.p.A	
002197	Elitegroup Computer	
002198	Thai Radio	
002199	Vacon Plc	
00219A	Cambridge Visual	
00219B	Dell	Computer
00219C	Honeywld	
00219D	Adesys	
00219E	Sony	
00219F	Satel Oy	
0021A0	Cisco	Router
0021A1	Cisco	Router
0021A2	EKE-Electronics	
0021A3	Micromint	
0021A4	Dbii	
0021A5	ERLPhase Power	
0021A6	Videotec Spa	
0021A7	Hantle System	
0021A8	Telephonics	
0021A9	Mobilink Telecom	
0021AA	Nokia Danmark A/S	
0021AB	Nokia Danmark A/S	
0021AC	Infrared Integrated	
0021AD	Nordic ID Oy	
0021AE	Alcatel-Lucent France -	VoIP
0021AF	Radio Frequency	
0021B0	Tyco Telecommunications	
0021B1	Digital Solutions	
0021B2	Fiberblaze A/S	
0021B3	Ross Controls	
0021B4	Apro Media	
0021B5	Galvanic	
0021B6	Triacta Power	
0021B7	Lexmark	Printer
0021B8	Inphi	
0021B9	Universal Devices	
0021BA	Texas Instruments	IoT
0021BB	Riken Keiki	
0021BC	Zala Computer	
0021BD	Nintendo	Gaming
0021BE	Cisco SPVTG	Router
0021BF	Hitachi High-Tech	
0021C0	Mobile Appliance	
0021C1	ABB Oy / Medium Voltage	Industrial
0021C2	GL	
0021C3	CORNELL	
0021C4	Consilium AB	
0021C5	3DSP	
0021C6	CSJ Global	
0021C7	Russound	
0021C8	LOHUIS	
0021C9	Wavecom Asia Pacific	
0021CA	ART System	
0021CB	Sms Tecnologia	
0021CC	Flextronics	
0021CD	LiveTV	
0021CE	NTC-Metrotek	
0021CF	The Crypto	
0021D0	Global Display	
0021D1	Samsung	Phone
0021D2	Samsung	Phone
0021D3	Bocom Security(Asia	
0021D4	Vollmer Werke	
0021D5	X2E	
0021D6	LXI Consortium	
0021D7	Cisco	Router
0021D8	Cisco	Router
0021D9	Sekonic	
0021DA	Automation Products	
0021DB	Santachi Video	
0021DC	TECNOALARM S.r.l	
0021DD	Northstar	
0021DE	Firepro Wireless	
0021DF	Martin Christ	
0021E0	CommAgility	
0021E1	Nortel	
0021E2	visago Systems &	
0021E3	SerialTek	
0021E4	I-Win	
0021E5	Display Solution	
0021E6	Starlight Video Limited	
0021E7	Informatics Services	
0021E8	Murata Manufacturing	Smart Home
0021E9	Apple	Phone
0021EA	Bystronic Laser	
0021EB	Esp	
0021EC	Solutronic	
0021ED	Telegesis	
0021EE	Full Spectrum	
0021EF	Kapsys	
0021F0	EW3	
0021F1	Tutus Data AB	
0021F2	EASY3CALL Technology	
0021F3	Si14 SpA	
0021F4	INRange	
0021F5	Western Engravers Supply	
0021F6	Oracle	
0021F7	HPN Supply Chain	
0021F8	Enseo	
0021F9	WIRECOM	
0021FA	A4SP	
0021FB	LG Electronics (Mobile	Phone
0021FC	Nokia Danmark A/S	
0021FD	Lacroix Traffic S.A.U	
0021FE	Nokia Danmark A/S	
0021FF	Cyfrowy Polsat	
002200	IBM	
002201	Aksys	
002202	Excito Elektronik i	
002203	Glensound	
002204	Koratek	
002205	WeLink Solutions	
002206	Cyberdyne	
002207	Inteno Broadband	
002208	Certicom	
002209	Omron Healthcare	Industrial
00220A	OnLive	
00220B	National Source Coding	
00220C	Cisco	Router
00220D	Cisco	Router
00220E	Indigo Security	
00220F	MoCA (Multimedia over	
002210	Commscope	
002211	Rohati	
002212	CAI	
002213	Pci	
002214	Rinnai Korea	
002215	ASUSTek COMPUTER	Computer
002216	Shibaura Vending Machine	
002217	Neat	
002218	Akamai	
002219	Dell	Computer
00221A	Audio Precision	Automotive
00221B	Morega	
00221C	Private	
00221D	Freegene	
00221E	Media Devices	
00221F	eSang	
002220	Mitac	
002221	Itoh Denki	
002222	Schaffner Deutschland	
002223	TimeKeeping	
002224	Good Will Instrument	
002225	Thales Avionics	
002226	Avaak	
002227	uv-electronic	
002228	Breeze Innovations	
002229	Compumedics	
00222A	SoundEar A/S	
00222B	Nucomm	
00222C	Ceton	
00222D	SMC	
00222E	maintech	
00222F	Open Grid Computing	
002230	FutureLogic	
002231	SMT&C	
002232	Design Design	
002233	ADB Broadband Italia	
002234	Corventis	
002235	Strukton	
002236	Vector Sp. Z O.O	
002237	Shinhint	
002238	Logiplus	
002239	Indiana Life Sciences	
00223A	Cisco SPVTG	Router
00223B	Communication	
00223C	RATIO Entwicklungen	
00223D	JumpGen	
00223E	IRTrans	
00223F	Netgear	Router
002240	Universal Telecom S/A	
002241	Apple	Phone
002242	Alacron	
002243	AzureWave	
002244	Chengdu Linkon	
002245	Leine & Linde AB	
002246	Evoc Intelligent	
002247	Dac Engineering	Smart Home
002248	Microsoft	Computer
002249	Home Multienergy Sl	
00224A	Raylase	
00224B	Airtech	
00224C	Nintendo	Gaming
00224D	Mitac	
00224E	SEEnergy	
00224F	Byzoro	
002250	Point Six Wireless	
002251	Lumasense	
002252	ZOLL Lifecor	
002253	Entorian	
002254	Bigelow Aerospace	
002255	Cisco	Router
002256	Cisco	Router
002257	3Com Europe	Switch
002258	Taiyo Yuden	
002259	Guangzhou New Postcom	
00225A	Garde Security AB	
00225B	Teradici	
00225C	Multimedia &	
00225D	Digicable Network India	
00225E	Uwin	
00225F	Liteon	
002260	AFREEY	
002261	Frontier Silicon	
002262	BEP Marine	
002263	Koos Technical Services	
002264	Hewlett Packard	Computer
002265	Nokia Danmark A/S	
002266	Nokia Danmark A/S	
002267	Nortel	
002268	Hon Hai Precision Ind	
002269	Hon Hai Precision Ind	
00226A	Honeywell	Industrial
00226B	Cisco-Linksys	Router
00226C	LinkSprite	
00226D	Shenzhen GIEC	
00226E	Gowell Electronic	
00226F	3onedata	
002270	ABK North America	
002271	Jäger	
002272	American Micro-Fuel	
002273	Techway	
002274	FamilyPhone AB	
002275	Belkin	
002276	Triple EYE	
002277	NEC Australia	
002278	Shenzhen Tongfang	
002279	Nippon Conlux	
00227A	Telecom Design	
00227B	Apogee	
00227C	Woori SMT	
00227D	Ye Data	
00227E	Chengdu 30Kaitian	
00227F	Ruckus Wireless	Router
002280	A2B Electronics AB	
002281	Daintree	
002282	8086 Consultancy	
002283	Juniper	Router
002284	Desay A&V Science And	
002285	Nomus	
002286	Astron	
002287	Titan Wireless	
002288	Sagrad	
002289	Vanderlande APC	
00228A	Teratronik	
00228B	Kensington Computer	
00228C	Photon Europe	
00228D	GBS Laboratories	
00228E	Tv-Numeric	TV
00228F	Cnrs	
002290	Cisco	Router
002291	Cisco	Router
002292	Cinetal	
002293	zte	Phone
002294	Kyocera	Printer
002295	SGM Technology for	
002296	LinoWave	
002297	XMOS Semiconductor	
002298	Sony	
002299	SeaMicro	
00229A	Lastar	
00229B	AverLogic	
00229C	Verismo	
00229D	Pyung-Hwa Ind.Co	
00229E	Social Aid Research	
00229F	Sensys Traffic AB	
0022A0	Aptiv Services Us	Automotive
0022A1	Huawei Symantec	Phone
0022A2	Xtramus	
0022A3	California Eastern	
0022A4	2Wire	
0022A5	Texas Instruments	IoT
0022A6	Sony Computer	
0022A7	Tyco Electronics AMP	
0022A8	Ouman Oy	
0022A9	LG Electronics (Mobile	Phone
0022AA	Nintendo	Gaming
0022AB	Shenzhen Turbosight	
0022AC	Hangzhou Siyuan	
0022AD	Telesis	
0022AE	Mattel	
0022AF	Safety Vision	
0022B0	D-Link	Router
0022B1	Elbit	
0022B2	4RF	
0022B3	Sei S.p.A	
0022B4	Commscope	
0022B5	Novita	
0022B6	Superflow	
0022B7	GSS Grundig SAT-Systems	
0022B8	Norcott	
0022B9	Analogix Seminconductor	
0022BA	HUTH Elektronik Systeme	
0022BB	beyerdynamic GmbH & Co	
0022BC	JDSU France SAS	
0022BD	Cisco	Router
0022BE	Cisco	Router
0022BF	SieAmp Group of	
0022C0	Shenzhen Forcelink	
0022C1	Active Storage	
0022C2	Proview Eletrônica do	
0022C3	Zeeport	
0022C4	epro	
0022C5	INFORSON	
0022C6	Sutus	
0022C7	SEGGER Microcontroller	
0022C8	ModuVision	
0022C9	Lenord, Bauer & Co	
0022CA	Anviz Biometric	
0022CB	IONODES	
0022CC	SciLog	
0022CD	Ared	
0022CE	Cisco SPVTG	Router
0022CF	Planex	
0022D0	Polar Electro Oy	Wearable
0022D1	Albrecht Jung GmbH & Co	
0022D2	All Earth Comércio de	
0022D3	Hub-Tech	
0022D4	ComWorth	
0022D5	Eaton Corp. Electrical	
0022D6	Cypak AB	
0022D7	Nintendo	Gaming
0022D8	Shenzhen GST Security	
0022D9	Fortex Industrial	
0022DA	Anatek	
0022DB	Translogic	
0022DC	Vigil Health Solutions	
0022DD	Protecta	
0022DE	OPPO Digital	Phone
0022DF	TAMUZ Monitors	
0022E0	Atlantic Software	
0022E1	ZORT	
0022E2	WABTEC Transit Division	
0022E3	Amerigon	
0022E4	Apass	
0022E5	Fisher-Rosemount	
0022E6	Intelligent Data	
0022E7	WPS Parking	
0022E8	Applition	
0022E9	ProVision	
0022EA	Rustelcom	
0022EB	Data Respons A/S	
0022EC	Idealbt	
0022ED	TSI Power	
0022EE	Algo Communication	
0022EF	iWDL	
0022F0	3 Greens Aviation	
0022F1	Private	
0022F2	SunPower	
0022F3	SHARP	TV
0022F4	AMPAK	
0022F5	Advanced Realtime	
0022F6	Syracuse Research	
0022F7	Conceptronic	
0022F8	PIMA Electronic	
0022F9	Pollin Electronic	
0022FA	Intel Corporate	Computer
0022FB	Intel Corporate	Computer
0022FC	Nokia Danmark A/S	
0022FD	Nokia Danmark A/S	
0022FE	Advanced Illumination	
0022FF	Nivis	
002300	Cayee Computer	
002301	Witron Technology	
002302	Cobalt Digital	
002303	LITE-ON IT	
002304	Cisco	Router
002305	Cisco	Router
002306	Alpsalpine Co,.Ltd	
002307	Future Innovation	
002308	Arcadyan	
002309	Janam	
00230A	ARBURG GmbH & Co	
00230B	Commscope	
00230C	Clover	
00230D	Nortel	
00230E	Gorba	
00230F	Hirsch	
002310	LNC	
002311	Gloscom	
002312	Apple	Phone
002313	Qool	
002314	Intel Corporate	Computer
002315	Intel Corporate	Computer
002316	Kisan Electronics Co	
002317	Lasercraft	
002318	Toshiba	
002319	Sielox	
00231A	ITF	
00231B	Danaher Motion -	
00231C	Fourier	
00231D	Deltacom	
00231E	Cezzer Multimedia	
00231F	Guangda Electronic &	
002320	Nicira	
002321	Avitech	
002322	KISS Teknical Solutions	
002323	Zylin AS	
002324	G-Pro Computer	
002325	IOLAN	
002326	Fujitsu Limited	
002327	Shouyo	
002328	Alcon Telecommunications	
002329	DDRdrive	
00232A	eonas IT-Beratung und	
00232B	Ird A/S	
00232C	Senticare	
00232D	SandForce	
00232E	Kedah Electronics	Smart Home
00232F	Advanced Card	
002330	Dizipia	
002331	Nintendo	Gaming
002332	Apple	Phone
002333	Cisco	Router
002334	Cisco	Router
002335	Linkflex	
002336	METEL s.r.o	
002337	Global Star Solutions	
002338	OJ-Electronics A/S	
002339	Samsung	Phone
00233A	Samsung	Phone
00233B	C-Matic	
00233C	Alflex	
00233D	Laird	
00233E	Alcatel-Lucent IPD	VoIP
00233F	Purechoice	Smart Home
002340	MiXTelematics	
002341	Vanderbilt	
002342	Coffee Equipment	
002343	Tem	
002344	Objective Interface	
002345	Sony	
002346	Vestac	
002347	ProCurve Networking by	
002348	Sagemcom Broadband SAS	Storage
002349	Helmholtz Centre Berlin	
00234A	Private	
00234B	Inyuan	
00234C	Ktc Ab	
00234D	Hon Hai Precision Ind	
00234E	Hon Hai Precision Ind	
00234F	Luminous Power	
002350	RDC, Inc. dba LynTec	
002351	2Wire	
002352	DATASENSOR S.p.A	
002353	F E T Elettronica snc	
002354	ASUSTek COMPUTER	Computer
002355	Kinco	
002356	Packet Forensics	
002357	Pitronot Technologies	Smart Home
002358	Systel	
002359	Benchmark Electronics (	
00235A	Compal Information	
00235B	Gulfstream	
00235C	Aprius	
00235D	Cisco	Router
00235E	Cisco	Router
00235F	Silicon Micro Sensors	
002360	Lookit	
002361	Unigen	
002362	Goldline Controls	
002363	Zhuhai Raysharp	
002364	Power Instruments	
002365	Insta Elektro	
002366	Beijing Siasun	
002367	UniControls a.s	
002368	Zebra	Printer
002369	Cisco-Linksys	Router
00236A	SmartRG	
00236B	Xembedded	
00236C	Apple	Phone
00236D	ResMed	
00236E	Burster GmbH & Co	
00236F	DAQ System	
002370	Snell	
002371	SOAM Systel	
002372	More Star Industrial	
002373	GridIron	
002374	Commscope	
002375	Commscope	
002376	HTC	
002377	Isotek	
002378	GN Netcom A/S	
002379	Union Business Machines	
00237A	Rim	
00237B	Whdi	
00237C	Neotion	
00237D	Hewlett Packard	Computer
00237E	Elster	
00237F	Plantronics	
002380	Nanoteq	
002381	Lengda	
002382	Lih Rong electronic	
002383	InMage	
002384	GGH Engineering s.r.l	Smart Home
002385	Antipode	
002386	IMI Hydronic Engineering	Smart Home
002387	ThinkFlood	
002388	V.T. Telematica S.p.a	
002389	Hangzhou H3C	
00238A	Ciena	
00238B	Quanta Computer	Server
00238C	Private	
00238D	Techno Design	
00238E	ADB Broadband Italia	
00238F	Nidec Copal	
002390	Algolware	
002391	Maxian	
002392	Proteus	
002393	Ajinextek	
002394	Samjeon	
002395	Commscope	
002396	Andes	
002397	Westell	
002398	Vutlan sro	
002399	Samsung	Phone
00239A	EasyData Hardware	
00239B	Elster Solutions	
00239C	Juniper	Router
00239D	Mapower	
00239E	Jiangsu Lemote	
00239F	Institut für Prüftechnik	
0023A0	Hana CNS	
0023A1	Trend	
0023A2	Commscope	
0023A3	Commscope	
0023A4	New Concepts Development	
0023A5	SageTV	
0023A6	E-Mon	
0023A7	Redpine Signals	
0023A8	Marshall	
0023A9	Beijing Detianquan	
0023AA	HFR	
0023AB	Cisco	Router
0023AC	Cisco	Router
0023AD	Xmark	
0023AE	Dell	Computer
0023AF	Commscope	
0023B0	COMXION	
0023B1	Longcheer Technology	
0023B2	Intelligent Mechatronic	
0023B3	Lyyn AB	
0023B4	Nokia Danmark A/S	
0023B5	Ortana	
0023B6	Securite Communications	Industrial
0023B7	Q-Light	
0023B8	Sichuan Jiuzhou	
0023B9	Airbus Defence and	
0023BA	Chroma	
0023BB	Accretech SBS	
0023BC	EQ-SYS	
0023BD	Digital Ally	
0023BE	Cisco SPVTG	Router
0023BF	Mainpine	
0023C0	Broadway	
0023C1	Securitas Direct AB	
0023C2	SAMSUNG	Phone
0023C3	LogMeIn	
0023C4	Lux Lumen	
0023C5	Radiation Safety and	
0023C6	SMC	
0023C7	AVSystem sp. z o. o	
0023C8	Team-R	
0023C9	Sichuan Tianyi	
0023CA	Behind The Set	
0023CB	Shenzhen Full-join	
0023CC	Nintendo	Gaming
0023CD	Tp-Link	Router
0023CE	Kita Denshi	
0023CF	Cummins-Allison	
0023D0	Uniloc USA	
0023D1	Trg	
0023D2	Inhand	
0023D3	AirLink WiFi Networking	
0023D4	Texas Instruments	IoT
0023D5	WAREMA Renkhoff SE	
0023D6	Samsung	Phone
0023D7	Samsung	Phone
0023D8	Ball-It Oy	
0023D9	Banner Engineering	Smart Home
0023DA	Industrial Computer	
0023DB	saxnet	
0023DC	Benein	
0023DD	Elgin	
0023DE	Ansync	
0023DF	Apple	Phone
0023E0	INO Therapeutics	
0023E1	Cavena Image Products AB	
0023E2	SEA Signalisation	
0023E3	Microtronic	
0023E4	IPnect	
0023E5	IPaXiom	
0023E6	Innovation Farm	
0023E7	Hinke A/S	
0023E8	Demco	Storage
0023E9	F5	
0023EA	Cisco	Router
0023EB	Cisco	Router
0023EC	Algorithmix	
0023ED	Commscope	
0023EE	Commscope	
0023EF	Zuend Systemtechnik	
0023F0	Shanghai Jinghan	
0023F1	Sony	
0023F2	TVLogic	
0023F3	Glocom	
0023F4	Masternaut	
0023F5	Wilo Se	
0023F6	Softwell	
0023F7	Private	
0023F8	Zyxel	Router
0023F9	Double-Take Software	
0023FA	RG Nets	
0023FB	IP Datatel	
0023FC	Ultra Stereo	
0023FD	AFT Atlas	
0023FE	Biodevices	
0023FF	Beijing HTTC	
002400	Nortel	
002401	D-Link	Router
002402	Op-Tection	
002403	Nokia Danmark A/S	
002404	Nokia Danmark A/S	
002405	Dilog Nordic AB	
002406	Pointmobile	
002407	Telem Sas	
002408	Pacific Biosciences	
002409	The Toro	
00240A	US Beverage Net	
00240B	Virtual Computer	
00240C	DELEC	
00240D	OnePath	
00240E	Inventec Besta	
00240F	Ishii Tool & Engineering	Smart Home
002410	NUETEQ	
002411	PharmaSmart	
002412	Benign	
002413	Cisco	Router
002414	Cisco	Router
002415	Magnetic Autocontrol	
002416	Any Use	
002417	Thomson Telecom Belgium	
002418	Nextwave Semiconductor	
002419	Private	
00241A	Red Beetle	
00241B	iWOW	
00241C	FuGang Electronic (DG)	
00241D	Giga-Byte	Computer
00241E	Nintendo	Gaming
00241F	DCT-Delta	
002420	NetUP	
002421	Micro-Star Int'L	
002422	Knapp Logistik	
002423	AzureWave Technologies	
002424	Ace Axis Limited	
002425	Shenzhenshi	
002426	Nohmi Bosai	
002427	Ssi Computer	
002428	EnergyICT	
002429	Mk Master	
00242A	Hittite Microwave	
00242B	Hon Hai Precision Ind	
00242C	Hon Hai Precision Ind	
00242E	Datastrip	
00242F	Micron	
002430	Ruby	
002431	Uni-v	
002432	Neostar	
002433	Alpsalpine Co,.Ltd	
002434	Lectrosonics	
002435	Wide	
002436	Apple	Phone
002437	Motorola - BSG	Phone
002438	Brocade	Switch
002439	Digital Barriers	
00243A	Ludl Electronic Products	
00243B	CSSI (S)	
00243C	S.A.A.A	
00243D	Emerson Appliance	
00243F	Storwize	
002440	Halo Monitoring	Smart Home
002441	Wanzl Metallwarenfabrik	
002442	Axona Limited	
002443	Nortel	
002444	Nintendo	Gaming
002445	Adtran	
002446	MMB Research	
002447	Kaztek	Phone
002448	SpiderCloud Wireless	
002449	Shen Zhen Lite Star	
00244A	Voyant	
00244B	Perceptron	
00244C	Solartron Metrology	
00244D	Hokkaido	
00244E	RadChips	
00244F	Asantron	
002450	Cisco	Router
002451	Cisco	Router
002452	Silicon Software	
002453	Initra d.o.o	
002454	Samsung	Phone
002455	MuLogic	
002456	2Wire	
002458	PA Bastion CC	
002459	ABB Automation products	Industrial
00245A	Nanjing Panda	
00245B	Raidon	
00245C	Design-Com	
00245D	Terberg	Smart Home
00245E	Hivision	
00245F	Vine Telecom	
002460	Giaval Science	
002461	Shin Wang	
002462	Rayzone	
002463	Phybridge	
002464	Bridge Technologies Co	
002465	Elentec	
002466	Unitron nv	
002467	AOC International	
002468	Sumavision	
002469	Fasttel - Smart	
00246A	Solid Year	
00246B	Covia	
00246C	Hewlett Packard	Computer
00246D	Weinzierl Engineering	Smart Home
00246E	Phihong USA	
00246F	Onda Communication spa	
002470	AUROTECH ultrasound AS	
002471	Fusion MultiSystems dba	
002472	ReDriven Power	
002473	3Com Europe	Switch
002474	Autronica Fire And	
002475	Compass System(Embedded	
002476	TAP.tv	TV
002477	Tibbo	
002478	Mag Tech Electronics Co	
002479	Optec Displays	
00247A	FU YI CHENG	
00247B	Actiontec	
00247C	Nokia Danmark A/S	
00247D	Nokia Danmark A/S	
00247E	Universal Global	
00247F	Nortel	
002480	Meteocontrol	
002481	Hewlett Packard	Computer
002482	Ruckus Wireless	Router
002483	LG Electronics (Mobile	Phone
002484	Bang and Olufsen	Audio
002485	ConteXtream	
002486	DesignArt	
002487	Transact Campus	
002488	Centre For Development	
002489	Vodafone Omnitel N.V	
00248A	Kaga	
00248B	Hybus	
00248C	ASUSTek COMPUTER	Computer
00248D	Sony Interactive	Gaming
00248E	Infoware ZRt	
00248F	Do-Monix	
002490	Samsung	Phone
002491	Samsung	Phone
002492	Motorola, Broadband	Phone
002493	Commscope	
002494	Shenzhen Baoxin	
002495	Commscope	
002496	Ginzinger electronic	
002497	Cisco	Router
002498	Cisco	Router
002499	Aquila	
00249A	Beijing Zhongchuang	
00249B	Action Star Enterprise	
00249C	Bimeng Comunication	
00249D	NES	Smart Home
00249E	ADC-Elektronik	
00249F	RIM Testing Services	
0024A0	Commscope	
0024A1	Commscope	
0024A2	Hong Kong Middleware	
0024A3	Sonim	
0024A4	Siklu Communication	
0024A5	Buffalo.Inc	Storage
0024A6	TELESTAR DIGITAL	
0024A7	Advanced Video	
0024A8	ProCurve Networking by	
0024A9	Ag Leader	
0024AA	Dycor	
0024AB	A7 Engineering	Smart Home
0024AC	Hangzhou DPtech	
0024AD	Adolf Thies Gmbh & Co	
0024AE	Idemia Public Security	
0024AF	Dish	
0024B0	Esab Ab	
0024B1	Coulomb	
0024B2	Netgear	Router
0024B3	Graf-Syteco GmbH & Co	
0024B4	ESCATRONIC	
0024B5	Nortel	
0024B6	Seagate	Storage
0024B7	GridPoint	
0024B8	free alliance sdn bhd	
0024B9	Wuhan Higheasy	
0024BA	Texas Instruments	IoT
0024BB	CENTRAL	
0024BC	HuRob	
0024BD	Hainzl Industriesysteme	
0024BE	Sony	
0024BF	Carrier Culoz	Thermostat
0024C0	Nti Comodo	
0024C1	Commscope	
0024C2	Asumo	
0024C3	Cisco	Router
0024C4	Cisco	Router
0024C5	Meridian Audio Limited	Automotive
0024C6	Hager Electro SAS	
0024C7	Mobilarm	
0024C8	Broadband Solutions	
0024C9	Broadband Solutions	
0024CA	Tobii Technology AB	
0024CB	Autonet Mobile	
0024CC	Fascinations Toys and	
0024CD	Willow Garage	
0024CE	Exeltech	
0024CF	Inscape Data	
0024D0	Shenzhen SOGOOD Industry	
0024D1	Thomson	
0024D2	Askey Computer	
0024D3	QUALICA	
0024D4	Freebox Sas	
0024D5	Winward Industrial	
0024D6	Intel Corporate	Computer
0024D7	Intel Corporate	Computer
0024D8	IlSung Precision	
0024D9	BICOM	
0024DA	Innovar Systems Limited	
0024DB	Alcohol Monitoring	Smart Home
0024DC	Juniper	Router
0024DD	Centrak	
0024DE	GLOBAL	
0024DF	Digitalbox Europe	
0024E0	DS	
0024E1	Convey Computer	
0024E2	Hasegawa Electric	
0024E3	CAO	
0024E4	Withings	
0024E5	Seer	
0024E6	In Motion	
0024E7	Plaster	
0024E8	Dell	Computer
0024E9	Samsung	Phone
0024EA	iris-GmbH infrared &	
0024EB	ClearPath	
0024EC	United Information	
0024ED	YT Elec. Co,.Ltd	
0024EE	Wynmax	
0024EF	Sony	
0024F0	Seanodes	
0024F1	Shenzhen Fanhai Sanjiang	
0024F2	Uniphone	
0024F3	Nintendo	Gaming
0024F4	Kaminario	
0024F5	NDS Surgical Imaging	
0024F6	Miyoshi	
0024F7	Cisco	Router
0024F8	Technical Solutions	
0024F9	Cisco	Router
0024FA	Hilger u. Kern	
0024FB	Private	
0024FC	QuoPin	
0024FD	Accedian	
0024FE	AVM	
0024FF	QLogic	
002500	Apple	Phone
002501	JSC "Supertel	
002502	NaturalPoint	
002503	IBM	
002504	Valiant Communications	
002505	eks Engel GmbH & Co	
002506	A.I. Antitaccheggio	
002507	ASTAK	
002508	Maquet Cardiopulmonary	
002509	SHARETRONIC	
00250A	Security Expert	
00250B	Centrofactor	
00250C	Senet	
00250D	GZT Telkom-Telmor sp. z	
00250E	gt german telematics	
00250F	On-Ramp Wireless	
002510	Pico-Tesla Magnetic	Automotive
002511	Elitegroup Computer	
002512	zte	Phone
002513	Cxp Digital	
002514	PC Worth Int'l	
002515	Sfr	
002516	Integrated Design Tools	
002517	Venntis	
002518	Power PLUS	
002519	Viaas	
00251A	Psiber Data	
00251B	Philips CareServant	
00251C	Edt	
00251D	DSA Encore	
00251E	Rotel	
00251F	Zynus Vision	
002520	SMA Railway	
002521	Logitek Electronic	
002522	ASRock Incorporation	
002523	OCP	
002524	Lightcomm	
002525	CTERA	
002526	Genuine	
002527	Bitrode	
002528	Daido Signal	
002529	Comelit Group S.P.A	
00252A	Chengdu GeeYa	
00252B	Stirling Energy	
00252C	Entourage	Wearable
00252D	Kiryung	
00252E	Cisco SPVTG	Router
00252F	Energy	
002530	Aetas	
002531	Cloud Engines	
002532	Digital Recorders	
002533	Wittenstein	
002535	Minimax GmbH & Co	
002536	Oki Electric Industry	
002537	Runcom	
002538	Samsung Electronics	Phone
002539	IfTA	
00253A	CEVA	
00253B	din Dietmar Nocker	
00253C	2Wire	
00253D	DRS Consolidated	
00253E	Sensus Metering	Smart Home
002540	Quasar	
002541	Maquet Critical Care AB	
002542	Pittasoft	
002543	Moneytech	
002544	LoJack	
002545	Cisco	Router
002546	Cisco	Router
002547	Nokia Danmark A/S	
002548	Nokia Danmark A/S	
002549	Jeorich	
00254A	RingCube	Smart Home
00254B	Apple	Phone
00254C	Videon Central	
00254D	Singapore Technologies	
00254E	Vertex Wireless	
00254F	ELETTROLAB	
002550	Riverbed	
002551	SE-Elektronic	
002552	VXi	
002553	ADB Broadband Italia	
002554	Pixel8	
002555	Visonic Technologies	
002556	Hon Hai Precision Ind	
002557	BlackBerry RTS	
002558	Mpedia	
002559	Syphan	
00255A	Tantalus	
00255B	CoachComm	
00255C	NEC	
00255D	Morningstar	
00255E	Shanghai Dare	
00255F	SenTec	
002560	Ibridge Networks &	
002561	ProCurve Networking by	
002562	interbro	
002563	Luxtera	
002564	Dell	Computer
002565	Vizimax	
002566	Samsung	Phone
002567	Samsung	Phone
002568	Huawei	Phone
002569	Sagemcom Broadband SAS	Storage
00256A	inIT - Institut	
00256B	ATENIX E.E. s.r.l	
00256C	Azimut" Production	
00256D	Broadband Forum	
00256E	Van Breda	
00256F	Dantherm Power	
002570	Eastern Communications	
002571	Zhejiang Tianle Digital	
002572	Nemo-Q International AB	
002573	ST Electronics	
002574	KUNIMI MEDIA DEVICE	
002575	FiberPlex	Media Player
002576	Neli	
002577	D-BOX	
002578	JSC "Concern "Sozvezdie	
002579	J & F	
00257A	CAMCO Produktions- und	
00257B	Stj Electronics Pvt	
00257C	Huachentel Technology	
00257D	PointRed Telecom Private	
00257E	New Pos Technology	
00257F	CallTechSolution	
002580	Equipson	
002581	x-star	
002582	Maksat Technologies (P)	
002583	Cisco	Router
002584	Cisco	Router
002585	KOKUYO S&T	
002586	Tp-Link	Router
002587	Vitality	
002588	Genie	
002589	Hills Industries Limited	
00258A	Pole/Zero	
00258B	Mellanox	Switch
00258C	Esus Elektronik San. Ve	
00258D	Haier	Appliance
00258E	The Weather Channel	
00258F	Trident Microsystems	
002590	Super Micro Computer	Server
002591	NEXTEK	
002592	Guangzhou Shirui	
002593	DatNet Informatikai Kft	
002594	Eurodesign BG	
002595	Northwest Signal Supply	
002596	GIGAVISION	
002597	Kalki Communication	
002598	Zhong Shan City Litai	
002599	Hedon e.d	
00259A	CEStronics	
00259B	Beijing PKUNITY	
00259C	Cisco-Linksys	Router
00259D	Private	
00259E	Huawei	Phone
00259F	TechnoDigital	
0025A0	Nintendo	Gaming
0025A1	Enalasys	
0025A2	Alta Definicion LINCEO	
0025A3	Trimax Wireless	
0025A4	EuroDesign embedded	
0025A5	Walnut Media	
0025A6	Central Network Solution	
0025A7	itron	
0025A8	Kontron (BeiJing)	
0025A9	Shanghai Embedway	
0025AA	Beijing Soul	
0025AB	Aio Lcd Pc Bu / Tpv	
0025AC	I-Tech	
0025AD	Manufacturing Resources	Smart Home
0025AE	Microsoft	Computer
0025AF	COMFILE	
0025B0	Schmartz	
0025B1	Maya-Creation	
0025B2	MBDA Deutschland	
0025B3	Hewlett Packard	Computer
0025B4	Cisco	Router
0025B5	Cisco	Router
0025B6	Telecom FM	
0025B7	Costar	
0025B8	Agile	
0025B9	Cypress Solutions	
0025BA	Alcatel-Lucent IPD	VoIP
0025BB	INNERINT	
0025BC	Apple	Phone
0025BD	Italdata Ingegneria	Computer
0025BE	Tektrap	
0025BF	Wireless Cables	
0025C0	ZillionTV	
0025C1	Nawoo Korea	
0025C2	RingBell	Smart Home
0025C3	21168	
0025C4	Ruckus Wireless	Router
0025C5	Star Link Communication	
0025C6	kasercorp	
0025C7	altek	
0025C8	S-Access	
0025C9	Shenzhen Huapu Digital	
0025CA	Ezurio	
0025CB	Reiner SCT	
0025CC	Mobile Communications	
0025CD	Skylane Optics	
0025CE	InnerSpace	
0025CF	Nokia Danmark A/S	
0025D0	Nokia Danmark A/S	
0025D1	Eastern Asia Technology	
0025D2	InpegVision	
0025D3	AzureWave	
0025D4	General Dynamics Mission	
0025D5	Robonica (Pty)	
0025D6	The Kroger Co	
0025D7	Cedo	
0025D8	Korea Maintenance	
0025D9	DataFab	
0025DA	Secura Key	
0025DB	ATI	
0025DC	Sumitomo Electric	
0025DD	Sunnytek Information	
0025DE	Probits	
0025DF	Axon Enterprise	
0025E0	CeedTec Sdn Bhd	
0025E1	Shanghai Seeyoo	
0025E2	Everspring Industry	Smart Home
0025E3	Hanshinit	
0025E4	OMNI-WiFi	
0025E5	LG Electronics (Mobile	Phone
0025E6	Belgian Monitoring	Smart Home
0025E7	Sony	
0025E8	Idaho	
0025E9	i-mate Development	
0025EA	Iphion	
0025EB	Reutech Radar Systems	
0025EC	Humanware	
0025ED	NuVo	
0025EE	Avtex	
0025EF	I-TEC	
0025F0	Suga Electronics Limited	
0025F1	Commscope	
0025F2	Commscope	
0025F3	Nordwestdeutsche	
0025F4	KoCo Connector	
0025F5	DVS Korea	
0025F6	netTALK.com	
0025F7	Ansaldo STS USA	
0025F9	GMK electronic design	
0025FA	J&M Analytik	
0025FB	Tunstall Healthcare A/S	
0025FC	Enda	
0025FD	OBR Centrum Techniki	
0025FE	Pilot	
0025FF	CreNova Multimedia	
002600	TEAC Australia	
002601	Cutera	
002602	SMART Temps	
002603	Shenzhen Wistar	
002604	WorldCast	
002605	CC Systems AB	
002606	RAUMFELD	
002607	Enabling	
002608	Apple	Phone
002609	Phyllis	
00260A	Cisco	Router
00260B	Cisco	Router
00260C	Dataram	
00260D	Mercury	
00260E	Ablaze	
00260F	Linn Products	
002610	Apacewave	
002611	Licera AB	
002612	Space Exploration	
002613	Engel Axil S.L	
002614	Ktnf	
002615	Teracom Limited	
002616	Rosemount	
002617	OEM Worldwide	
002618	ASUSTek COMPUTER	Computer
002619	Frc	
00261A	Femtocomm System	
00261B	Laurel Bank Machines	
00261C	Neovia	
00261D	Cop Security System	
00261E	Qingbang Elec(Sz)	
00261F	SAE Magnetics (H.K.)	
002620	ISGUS	
002621	InteliCloud	
002622	Compal Information	
002623	JRD Communication	
002624	Thomson	
002625	MediaSputnik	
002626	Geophysical Survey	
002627	Truesell	
002628	companytec automação e	
002629	Juphoon System Software	
00262A	Proxense	
00262B	Wongs	
00262C	IKT Advanced	
00262D	Wistron	
00262E	Chengdu Jiuzhou	
00262F	Hamamatsu Toa	
002630	Acorel S.A.S	
002631	Commtact	
002632	Instrumentation	
002633	MIR - Medical	Medical
002634	Infineta	
002635	Bluetechnix	
002636	Commscope	
002637	Samsung Electro	Phone
002638	Xia Men Joyatech	
002639	T.M	
00263A	Digitec	
00263B	Onbnetech	
00263C	Bachmann Technology	
00263D	MIA	
00263E	Trapeze	
00263F	LIOS	
002640	Baustem Broadband	
002641	Commscope	
002642	Commscope	
002643	Alpsalpine Co,.Ltd	
002644	Thomson Telecom Belgium	
002645	Circontrol	
002646	Shenyang Tongfang	
002647	Wfe	
002648	Emitech	
00264A	Apple	Phone
00264C	Shanghai DigiVision	
00264D	Arcadyan	
00264E	r2p	
00264F	Krüger &Gothe	
002650	2Wire	
002651	Cisco	Router
002652	Cisco	Router
002653	DaySequerra	
002654	3Com	Switch
002655	Hewlett Packard	Computer
002656	Sansonic Electronics USA	
002657	Ooo Npp Ekra	
002658	T-Platforms (Cyprus)	
002659	Nintendo	Gaming
00265A	D-Link	Router
00265B	Hitron	
00265C	Hon Hai Precision Ind	
00265D	Samsung	Phone
00265E	Hon Hai Precision Ind	
00265F	Samsung	Phone
002660	Logiways	
002661	Irumtek	
002662	Actiontec	
002663	Shenzhen Huitaiwei	
002664	Core System Japan	
002665	ProtectedLogic	
002666	EFM	
002667	Carecom	
002668	Nokia Danmark A/S	
002669	Nokia Danmark A/S	
00266A	Essensium Nv	
00266B	Shine Union Enterprise	
00266C	Inventec	
00266D	MobileAccess	
00266E	Nissho-denki	
00266F	Coordiwise	
002670	Cinch Connectors	
002671	AUTOVISION	
002672	AAMP of America	
002673	Ricoh	Printer
002674	Hunter Douglas	
002675	Aztech	Phone
002676	COMMidt AS	
002677	Deif A/S	
002678	Logic Instrument	
002679	Euphonic	
00267A	wuhan hongxin	
00267B	GSI Helmholtzzentrum	
00267C	Metz-Werke GmbH & Co	
00267D	A-Max Technology Macao	
00267E	Parrot	
00267F	Oregan	
002680	SIL3 Pty.Ltd	
002681	Interspiro AB	
002682	Gemtek	
002683	Ajoho Enterprise	
002684	Kisan System	
002685	Digital Innovation	
002686	Quantenna Communcations	
002687	corega K.K	
002688	Juniper	Router
002689	General Dynamics Land	
00268A	Terrier SC	
00268B	Guangzhou Escene	
00268C	StarLeaf	
00268D	CellTel S.p.A	
00268E	Alta Solutions	
00268F	MTA SpA	
002690	I Do It	
002691	Sagemcom Broadband SAS	Storage
002692	Mitsubishi Electric	
002693	QVidium	
002694	Senscient	
002695	ZT Group Int'l	
002696	NOOLIX	
002697	Alpha	
002698	Cisco	Router
002699	Cisco	Router
00269A	Carina System	
00269B	SOKRAT	
00269C	Itus Japan	
00269D	M2Mnet	
00269E	Quanta Computer	Server
00269F	Private	
0026A0	moblic	
0026A1	Megger	
0026A2	Instrumentation	
0026A3	FQ Ingenieria	
0026A4	Novus Produtos	
0026A5	Microrobot.Co	
0026A6	Trixell	
0026A7	Connect	
0026A8	Daehap Hyper-Tech	
0026A9	Strong	
0026AA	Kenmec Mechanical	Smart Home
0026AB	Seiko Epson	Printer
0026AC	Shanghai LUSTER	
0026AD	Arada	
0026AE	Wireless Measurement	
0026AF	Duelco A/S	
0026B0	Apple	Phone
0026B1	Navis Auto Motive	
0026B2	Setrix	
0026B3	Thales	
0026B4	Ford Motor	Automotive
0026B5	ICOMM Tele	
0026B6	Askey Computer	
0026B7	Kingston	
0026B8	Actiontec	
0026B9	Dell	Computer
0026BA	Commscope	
0026BB	Apple	Phone
0026BC	General Jack	
0026BD	JTEC Card &	
0026BE	Schoonderbeek	
0026BF	ShenZhen Temobi	
0026C0	EnergyHub	
0026C1	Artray	
0026C2	SCDI	
0026C3	Insightek	
0026C4	Cadmos microsystems	
0026C5	Guangdong Gosun	
0026C6	Intel Corporate	Computer
0026C7	Intel Corporate	Computer
0026C8	System Sensor	
0026C9	Proventix	
0026CA	Cisco	Router
0026CB	Cisco	Router
0026CC	Nokia Danmark A/S	
0026CD	PurpleComm	
0026CE	Kozumi USA	
0026CF	Deka R&D	
0026D0	Semihalf	
0026D1	S Squared Innovations	
0026D2	Pcube	
0026D3	Zeno Information System	
0026D4	IRCA SpA	
0026D5	Ory Solucoes em	
0026D6	Ningbo Andy	
0026D7	KM Electornic	
0026D8	Magic Point	
0026D9	Commscope	
0026DA	Universal Media	
0026DB	Ionics EMS	
0026DC	Optical Systems Design	
0026DD	Fival Science &	
0026DE	Fdi Matelec	
0026DF	TaiDoc	
0026E0	Asiteq	
0026E1	Stanford University,	
0026E2	LG Electronics (Mobile	Phone
0026E3	Dti	
0026E4	Canal +	
0026E5	AEG Power Solutions	
0026E6	Visionhitech	
0026E7	Shanghai ONLAN	
0026E8	Murata Manufacturing	Smart Home
0026E9	SP	
0026EA	Cheerchip Electronic	
0026EB	Advanced Spectrum	
0026EC	Legrand Home	
0026ED	zte	Phone
0026EE	TKM	
0026EF	Technology Advancement	
0026F0	cTrixs	
0026F1	ProCurve Networking by	
0026F2	Netgear	Router
0026F3	SMC	
0026F4	Nesslab	
0026F5	XRPLUS	
0026F6	Military Communication	
0026F7	Nivetti Systems Pvt	
0026F8	Golden Highway Industry	
0026F9	S.E.M	
0026FA	BandRich	
0026FB	AirDio Wireless	
0026FC	AcSiP	
0026FD	Interactive Intelligence	
0026FE	MKD	
0026FF	BlackBerry RTS	
002700	Shenzhen Siglent	
002701	INCOstartec	
002702	SolarEdge	
002703	Testech	
002704	Accelerated Concepts	
002705	Sectronic	
002706	Yoisys	
002707	Lift Complex DS, JSC	Media Player
002708	Nordiag ASA	
002709	Nintendo	Gaming
00270A	Iee	
00270B	Adura	
00270C	Cisco	Router
00270D	Cisco	Router
00270E	Intel Corporate	Computer
00270F	Envisionnovation	
002710	Intel Corporate	Computer
002711	LanPro	
002712	MaxVision	
002713	Universal Global	
002714	Grainmustards	
002715	Rebound Telecom	
002716	Adachi-Syokai	
002717	CE Digital(Zhenjiang)Co	
002718	Suzhou NEW SEAUNION	
002719	Tp-Link	Router
00271A	Geenovo	
00271B	Alec Sicherheitssysteme	
00271C	Mercury	
00271D	Comba Telecom Systems	
00271E	Xagyl	
00271F	MIPRO	
002720	New-Sol Com	
002721	Shenzhen Baoan Fenda	
002722	Ubiquiti	Router
002790	Cisco	Router
0027E3	Cisco	Router
0027F8	Brocade	Switch
00289F	Semptian	
0028F8	Intel Corporate	Computer
002926	Applied	
0029C2	Cisco	Router
002A10	Cisco	Router
002A6A	Cisco	Router
002AAF	LARsys-Automation	
002B67	LCFC(Hefei)	
002B70	Samsung	Phone
002B90	Zelus(Shenzhen)	
002BF5	Buffalo.Inc	Storage
002CC8	Cisco	Router
002D76	TITECH	
002DB3	AMPAK	
002EC7	Huawei	Phone
002F5C	Cisco	Router
002FD9	Fiberhome	
003000	Allwell	
003001	Smp	
003002	Expand	
003003	Phasys	
003004	Leadtek Research	
003005	Fujitsu Siemens	
003006	Superpower Computer	
003007	Opti	
003008	Avio Digital	
003009	Tachion	
00300A	Aztech	Phone
00300B	mPHASE	
00300C	Congruency	
00300D	MMC	
00300E	Klotz Digital	
00300F	IMT - Information	
003010	Visionetics	
003011	HMS Industrial	Computer
003012	Digital Engineering	Smart Home
003013	NEC	
003014	Divio	
003015	Cp Clare	
003016	Ishida	
003017	BlueArc UK	
003018	Jetway Information	
003019	Cisco	Router
00301A	Smartbridges	
00301B	Shuttle	
00301C	Altvater Airdata	
00301D	Skystream	
00301E	3Com Europe	Switch
00301F	Optical	
003020	TSI	
003021	Hsing Tech. Enterprise	
003022	Fong Kai Industrial	
003023	Cogent Computer	
003024	Cisco	Router
003025	Checkout Computer	
003026	HeiTel Digital Video	
003027	Kerbango	
003028	FASE Saldatura	
003029	Opicom	
00302A	Southern Information	
00302B	Inalp Solutions	
00302C	Sylantro	
00302D	Quantum Bridge	
00302E	Hoft & Wessel	
00302F	GE Aviation System	
003030	Harmonix	
003031	Lightwave	
003032	MagicRam	
003033	Orient Telecom	
003034	Set Engineering	Smart Home
003035	Corning Incorporated	
003036	Rmp Elektroniksysteme	
003037	Packard Bell Nec	
003038	Xcp	
003039	Softbook Press	
00303A	Maatel	
00303B	PowerCom	
00303C	Onnto	
00303D	Iva	
00303E	Radcom	
00303F	TurboComm	
003040	Cisco	Router
003041	Saejin T & M	
003042	DeTeWe-Deutsche	
003043	Idream	
003044	CradlePoint	
003045	Village Networks, Inc.	
003046	Controlled Electronic	
003047	Nissei Electric	
003048	Super Micro Computer	Server
003049	Bryant	
00304A	Fraunhofer IPMS	
00304B	Orbacom	
00304C	Appian	
00304D	Esi	
00304E	Bustec Production	
00304F	PLANET	
003050	Versa	
003051	Orbit Avionic &	
003052	Zhone	
003053	Basler	
003054	Castlenet	
003055	Renesas Technology	
003056	HMS Industrial	Computer
003057	QTelNet	
003058	Api Motion	
003059	Kontron Europe	
00305A	Telgen	
00305B	Toko	
00305C	SMAR Laboratories	
00305D	Digitra	
00305E	Abelko Innovation	
00305F	Hasselblad	
003060	Powerfile	
003061	MobyTEL	
003062	IP Video	
003063	Santera	
003064	Adlink	Router
003065	Apple	Phone
003066	Rfm	
003067	BIOSTAR Microtech Int'l	
003068	Cybernetics	
003069	Impacct	
00306A	Penta Media	
00306B	Cmos	
00306C	Hitex	
00306D	Lucent	
00306E	Hewlett Packard	Computer
00306F	Seyeon	
003070	1Net	
003071	Cisco	Router
003072	Intellibyte	
003073	International	
003074	Equiinet	
003075	Adtech	
003076	Akamba	
003077	Onprem	
003078	Cisco	Router
003079	Cqos	
00307A	Advanced Technology &	
00307B	Cisco	Router
00307C	Adid	
00307D	Gre America	
00307E	Redflex Communication	
00307F	Irlan	
003080	Cisco	Router
003081	Altos C&C	
003082	Taihan Electric Wire	
003083	Ivron	
003084	Allied Telesyn	
003085	Cisco	Router
003086	Transistor Devices	
003087	Vega Grieshaber	
003088	Ericsson	
003089	Spectrapoint Wireless	Access Point
00308A	Nicotra Sistemi S.P.A	
00308B	Brix	
00308C	Quantum	
00308D	Pinnacle	
00308E	Crossmatch	
00308F	MICRILOR	
003090	Cyra	
003091	Taiwan First Line Elec	
003092	Kontron	
003093	Sonnet	
003094	Cisco	Router
003095	Procomp Informatics	
003096	Cisco	Router
003097	AB Regin	
003098	Global Converging	
003099	Boenig Und Kallenbach	
00309A	Astro Terra	
00309B	Smartware	
00309C	Timing Applications	
00309D	Nimble Microsystems	
00309E	Workbit	
00309F	Amber	
0030A0	Tyco Submarine	
0030A1	WEBGATE	
0030A2	Lightner Engineering	Smart Home
0030A3	Cisco	Router
0030A4	Woodwind Communications	
0030A5	Active Power	
0030A6	Vianet	
0030A7	Schweitzer Engineering	Smart Home
0030A8	Ol'E	
0030A9	Netiverse	
0030AA	Axus Microsystems	
0030AB	Delta	
0030AC	Systeme Lauer GmbH &	
0030AD	Shanghai Communication	
0030AE	Times N System	
0030AF	Honeywell	Industrial
0030B0	Convergenet	
0030B1	TrunkNet	
0030B2	L-3 Sonoma EO	
0030B3	San Valley	
0030B4	Intersil	
0030B5	Tadiran Microwave	
0030B6	Cisco	Router
0030B7	Teletrol	
0030B8	RiverDelta	
0030B9	Ectel	
0030BA	Ac&T System	
0030BB	CacheFlow	
0030BC	Optronic	
0030BD	Belkin Components	
0030BE	City-Net	
0030BF	Multidata	
0030C0	Lara	
0030C1	Hewlett Packard	Computer
0030C2	Comone	
0030C3	Flueckiger Elektronik	
0030C4	Canon Imaging	Camera
0030C5	Cadence Design	
0030C6	Control Solutions	
0030C7	Macromate	
0030C8	Gad Line	
0030C9	LuxN, N	
0030CA	Discovery Com	
0030CB	Omni Flow Computers	
0030CC	Tenor	
0030CD	Conexant	
0030CE	Zaffire	
0030CF	Two	
0030D0	Tellabs	
0030D1	Inova	
0030D2	Win	
0030D3	Agilent	
0030D4	AAE	
0030D5	DResearch	
0030D6	Msc Vertriebs	
0030D7	Innovative Systems,	
0030D8	Sitek	
0030D9	Datacore Software	
0030DA	Comtrend	
0030DB	Mindready Solutions	
0030DC	Rightech	
0030DD	Indigita	
0030DE	WAGO Kontakttechnik	Industrial
0030DF	Kb/Tel	
0030E0	Oxford Semiconductor	
0030E1	Network Equipment	
0030E2	Garnet	
0030E3	Sedona	
0030E4	Chiyoda System Riken	
0030E5	Amper Datos	
0030E6	Draeger Medical	Medical
0030E7	Cnf Mobile Solutions	
0030E8	Ensim	
0030E9	Gma Communication	
0030EA	TeraForce	
0030EB	Turbonet	
0030EC	Borgardt	
0030ED	Expert Magnetics	
0030EE	DSG	
0030EF	Neon	
0030F0	Uniform Industrial	
0030F1	Accton	
0030F2	Cisco	Router
0030F3	At Work Computers	
0030F4	Stardot	
0030F5	Wild	
0030F6	Securelogix	
0030F7	Ramix	
0030F8	Dynapro	
0030F9	Sollae	
0030FA	Telica	
0030FB	AZS	
0030FC	Terawave	
0030FD	Integrated Systems	
0030FE	DSA	
0030FF	DataFab	
003126	Nokia	
003146	Juniper	Router
003192	TP-Link	Router
003217	Cisco	Router
00323A	so-logic	
003358	Ruckus Wireless	Router
00336C	SynapSense	
00337A	Tuya Smart	Smart Home
0034A1	Rf-Lambda Usa	
0034DA	LG Electronics (Mobile	Phone
0034F1	Radicom Research	
0034FE	Huawei	Phone
00351A	Cisco	Router
003532	Electro-Metrics	
003560	Rosen Aviation	
0035FF	Texas Instruments	IoT
003676	Commscope	
0036BE	Northwest Towers	
0036D7	Keltron IOT	
0036F8	Conti Temic	
0036FE	SuperVision	
00376D	Murata Manufacturing	Smart Home
0037B7	Sagemcom Broadband SAS	Storage
0038DF	Cisco	Router
003969	Air-Weigh Incorporated	
003A7D	Cisco	Router
003A98	Cisco	Router
003A99	Cisco	Router
003A9A	Cisco	Router
003A9B	Cisco	Router
003A9C	Cisco	Router
003A9D	NEC Platforms	
003AAF	BlueBit	
003C10	Cisco	Router
003C84	Silicon Laboratories	
003CB7	AzureWave	
003CC5	WONWOO Engineering	Smart Home
003D41	Hatteland Computer AS	
003DE1	Huawei Device	Phone
003DE8	LG Electronics (Mobile	Phone
003E73	Mist	Access Point
003EE1	Apple	Phone
003F10	Shenzhen GainStrong	
004000	Pci Componentes Da	
004001	Zero One	
004002	Perle Systems Limited	
004003	Emerson Process	
004004	Icm	
004005	Ani	
004006	Sampo	
004007	Telmat Informatique	
004008	A Plus Info	
004009	Tachibana Tectron	
00400A	Pivotal	
00400B	Cisco	Router
00400C	General Micro	
00400D	Lannet Data	
00400E	Memotec	
00400F	Datacom	
004010	Sonic	
004011	Andover Controls	
004012	Windata	
004013	Ntt Data	
004014	Comsoft	
004015	Ascom Infrasys	
004016	ADC - Global	
004017	Silex Technology America	
004018	Adobe	
004019	Aeon	
00401A	Fuji Electric	
00401B	Printer	Printer
00401C	Ast Research	
00401D	Invisible Software	
00401E	Icc	
00401F	Colorgraph	
004020	CommScope	
004021	Raster Graphics	
004022	Klever Computers	
004023	Logic	
004024	Compac	
004025	Molecular Dynamics	
004026	Buffalo.Inc	Storage
004027	Smc Massachusetts	
004028	Netcomm Limited	
004029	Compex	
00402A	Canoga Perkins	
00402B	Trigem Computer	Storage
00402C	Isis Distributed	
00402D	Harris Adacom	Modem
00402E	Precision Software	
00402F	Xlnt Designs	
004030	Gk Computer	
004031	KOKUSAI DENKI Electric	
004032	Digital	
004033	Addtron	
004034	Bustek	
004035	Opcom	
004036	Minim	
004037	Sea-Ilan	
004038	Talent Electric	
004039	Optec Daiichi Denko	
00403A	Impact	
00403B	Synerjet	
00403C	Forks	
00403D	Teradata	
00403E	Raster Ops	
00403F	Ssangyong Computer	
004040	Ring Access	Smart Home
004041	Fujikura	
004042	N.A.T	
004043	Nokia Siemens Networks	
004044	Qnix Computer	
004045	Twinhead	
004046	Udc Research Limited	
004047	Wind River	
004048	Smd Informatica	
004049	Roche Diagnostics	
00404A	West Australian	
00404B	Maple Computer	
00404C	Hypertec	
00404D	Telecommunications	
00404E	Fluent	
00404F	Space & Naval Warfare	
004050	Ironics, Incorporated	
004051	Garbee and Garbee	
004052	Star	
004053	Ampro Computers	
004054	Connection Machines	
004055	Metronix	
004056	Mcm Japan	
004057	Lockheed - Sanders	
004058	Ukg	
004059	Yoshida Kogyo K. K	
00405A	Goldstar Information &	
00405B	Funasset Limited	
00405C	Future	
00405D	Star-Tek	
00405E	North Hills Israel	
00405F	Afe Computers	
004060	Comendec	
004061	Datatech Enterprises	
004062	E-Systems, Inc./Garland	
004063	Via	
004064	Kla Instruments	
004065	Gte Spacenet	
004066	APRESIA	
004067	Omnibyte	
004068	Extended	
004069	Lemcom	Storage
00406A	Kentek Information	
00406B	Sysgen	
00406C	Copernique	
00406D	Lanco	
00406E	Corollary	
00406F	Sync Research	
004070	Interware	
004071	Atm Computer	
004072	Applied Innovation	
004073	Bass Associates	
004074	Cable And Wireless	
004075	Tattile	
004076	Sun Conversion	
004077	Maxton	
004078	Wearnes Automation	
004079	Juko Manufacture	
00407A	Societe D'Exploitation	
00407B	Scientific Atlanta	
00407C	Qume	
00407D	Extension	
00407E	Evergreen	
00407F	FLIR	Camera
004080	Athenix	
004081	Mannesmann Scangraphic	
004082	Laboratory Equipment	
004083	Tda Industria De	
004084	Honeywell	Industrial
004085	Saab Instruments Ab	
004086	Michels & Kleberhoff	
004087	Ubitrex	
004088	Mobius	
004089	Meidensha	
00408A	Tps Teleprocessing Sys	
00408B	Raylan	
00408C	Axis Communications AB	Camera
00408D	The Goodyear Tire &	
00408E	Tattile	
00408F	Wm-Data Minfo Ab	
004090	Ansel	
004091	Procomp Industria	
004092	Asp Computer Products	
004093	Paxdata	
004094	Shographics	
004095	R.P.T. Intergroups Int'L	
004096	Cisco	Router
004097	Datex Division Of	
004098	Dressler Gmbh & Co	
004099	Newgen	
00409A	Network Express	
00409B	Hal Computer	
00409C	Transware	
00409D	DigiBoard	
00409E	Concurrent	
00409F	Telco	
0040A0	Goldstar	
0040A1	Ergo Computing	
0040A2	Kingstar	
0040A3	Microunity Systems	Smart Home
0040A4	Rose	
0040A5	Clinicomp Intl	
0040A6	Cray	
0040A7	Itautec Philco	
0040A8	Imf	
0040A9	Datacom	
0040AA	Valmet Automation	
0040AB	Roland Dg	
0040AC	Super Workstation	
0040AD	Sma Regelsysteme	
0040AE	Delta Controls	
0040AF	Digital Products	
0040B0	Bytex Corporation,	Smart Home
0040B1	Codonics	
0040B2	Systemforschung	
0040B3	ParTech	
0040B4	Nextcom K.K	
0040B5	Video Technology	
0040B6	Computerm	
0040B7	Stealth Computer	
0040B8	Idea Associates	
0040B9	Macq Electronique	
0040BA	Alliant Computer	
0040BB	Goldstar Cable	
0040BC	Algorithmics	
0040BD	Starlight	
0040BE	Boeing Defense & Space	
0040BF	Channel Systems Intern'L	
0040C0	Vista Controls	
0040C1	Bizerba-Werke Wilheim	
0040C2	Applied Computing	
0040C3	Fischer And Porter Co	
0040C4	Kinkei System	
0040C5	Micom	
0040C6	Fibernet Research	
0040C7	Ruby	
0040C8	Milan	
0040C9	Ncube	
0040CA	First Internat'L	
0040CB	Lanwan	
0040CC	Silcom Manuf'G	
0040CD	Tera Microsystems	
0040CE	Net-Source	
0040CF	Strawberry Tree	
0040D0	Mitac	
0040D1	Fukuda Denshi	
0040D2	Pagine	
0040D3	Kimpsion	
0040D4	Gage Talker	
0040D5	Sartorius Mechatronics	
0040D6	Locamation	
0040D7	Studio Gen	
0040D8	Ocean Office Automation	
0040D9	American Megatrends	
0040DA	Telspec	
0040DB	Advanced Technical	
0040DC	Tritec Electronic	
0040DD	Hong	
0040DE	Elsag Datamat spa	
0040DF	Digalog	
0040E0	Atomwide	
0040E1	Marner	
0040E2	Mesa Ridge	
0040E3	Quin	
0040E4	E-M	
0040E5	Sybus	
0040E6	C.A.E.N	
0040E7	Arnos Instruments &	
0040E8	Charles River Data	
0040E9	Accord	
0040EA	Plain Tree	
0040EB	Martin Marietta	
0040EC	Mikasa System	Smart Home
0040ED	Network Controls	
0040EE	Optimem	
0040EF	Hypercom	
0040F0	MicroBrain	
0040F1	Chuo	
0040F2	Janich & Klass	
0040F3	Netcor	
0040F4	Cameo	
0040F5	Oem Engines	
0040F6	Katron Computers	
0040F7	Polaroid	Wearable
0040F8	Systemhaus Discom	
0040F9	Combinet	
0040FA	Microboards	
0040FB	Cascade	
0040FC	Ibr Computer Technik	
0040FD	Lxe	
0040FE	Symplex	Media Player
0040FF	Telebit	
00410E	Cloud Network	
0041B4	Wuxi Zhongxing	
0041D2	Cisco	Router
004238	Intel Corporate	Computer
004252	RLX	
00425A	Cisco	Router
004268	Cisco	Router
004279	Sunitec Enterprise	
0043FF	Ketron S.R.L	
004501	Midmark RTLS	
00451D	Cisco	Router
0045E2	CyberTAN	
00464B	Huawei	Phone
004A77	zte	Phone
004B0D	Huawei Device	Phone
004B12	Espressif	IoT
004BF3	Shenzhen Mercury	
004CE5	Sichuan Tianyi Comheart	
004D32	Andon Health	
004E01	Dell	Computer
004E35	Hewlett Packard	Computer
004F1A	Huawei	Phone
005000	Nexo	
005001	Yamashita	
005002	Omnisec	
005003	Xrite	
005004	3Com	Switch
005006	Tac Ab	
005007	Siemens	
005008	Tiva Microcomputer	
005009	Philips Broadband	
00500A	Iris	
00500B	Cisco	Router
00500C	e-Tek	
00500D	Satori Electoric	
00500E	Chromatis	
00500F	Cisco	Router
005010	NovaNET Learning	
005012	Cbl -	
005013	Seagate Cloud	Storage
005014	Cisco	Router
005015	Bright Star Engineering	Smart Home
005016	Molex Canada	
005017	Rsr S.R.L	
005018	AMIT	
005019	Spring Tide	Smart Home
00501A	IQinVision	
00501B	Abl Canada	
00501C	Jatom	
00501E	Grass Valley, A Belden	
00501F	Mrg	
005020	Mediastar	
005021	Eis	
005022	Zonet	
005023	Pg Design	
005024	Navic	
005026	Cosystems	
005027	Genicom	
005028	Aval	
005029	1394 Printer Working	Printer
00502A	Cisco	Router
00502B	Genrad	
00502C	Soyo Computer	
00502D	Accel	
00502E	Cambex	
00502F	TollBridge	
005030	Future Plus	
005031	Aeroflex Laboratories	
005032	Picazo	
005033	Mayan	
005036	Netcam	
005037	Koga Electronics Co	
005038	Dain Telecom	
005039	Mariner	
00503A	Datong	
00503B	Mediafire	
00503C	Tsinghua Novel	
00503E	Cisco	Router
00503F	Anchor Games	
005040	Panasonic Electric Works	
005041	Coretronic	
005042	Sci Manufacturing	Smart Home
005043	Marvell Semiconductor	
005044	Asaca	
005045	Rioworks Solutions	
005046	Menicx	
005047	Private	
005048	Infolibria	
005049	Arbor	
00504A	Elteco A.S	
00504B	Barconet N.V	
00504C	Galil Motion Control	
00504D	Tokyo Electron Device	
00504E	Sierra Monitor	
00504F	Olencom	
005050	Cisco	Router
005051	Iwatsu Electric	
005052	Tiara	
005053	Cisco	Router
005054	Cisco	Router
005055	Doms A/S	
005056	VMware	
005057	Broadband Access	
005058	Sangoma	VoIP
005059	iBAHN	
00505A	Network Alchemy	
00505B	Kawasaki Lsi U.S.A	
00505C	Tundo	
00505E	Digitek Micrologic	
00505F	Brand Innovators	
005060	Tandberg Telecom As	
005062	Kouwell Electronics	
005063	Oy Comsel System Ab	
005064	Cae	
005065	TDK-Lambda	
005066	AtecoM GmbH advanced	
005067	Aerocomm	
005068	Electronic Industries	
005069	PixStream Incorporated	
00506A	Edeva	
00506B	Spx-Ateg	
00506C	Beijer Electronics	
00506D	Videojet	
00506E	Corder Engineering	Smart Home
00506F	G-Connect	
005070	Chaintech Computer	
005071	Aiwa	
005072	Corvis	
005073	Cisco	Router
005074	Advanced Hi-Tech	
005075	Kestrel Solutions	
005076	IBM	
005077	Prolific	
005078	Megaton House	
005079	Private	
00507A	Xpeed	
00507B	Merlot	
00507C	Videocon	
00507D	Ifp	
00507E	Newer	
00507F	DrayTek	Router
005080	Cisco	Router
005081	Murata Machinery	
005082	Foresson	
005083	Gilbarco	
005084	Quantum	
005086	Telkom	
005087	Terasaki Electric	
005088	Amano	
005089	Safety Management	
00508B	Hewlett Packard	Computer
00508C	Rsi	
00508D	Abit Computer	
00508E	Optimation	
00508F	Asita Technologies Int'L	
005090	Dctri	
005091	Netaccess	
005092	Rigaku Corporation	
005093	Boeing	
005094	Commscope	
005095	Peracom	
005096	Salix	
005097	MMC-EMBEDDED	
005098	Globaloop	
005099	3Com Europe	Switch
00509A	Tag Electronic	
00509B	Switchcore Ab	Switch
00509C	Beta Research	
00509D	The Industree	
00509E	Les Technologies	
00509F	Horizon Computer	
0050A0	Delta Computer	
0050A1	Carlo Gavazzi	Camera
0050A2	Cisco	Router
0050A3	TransMedia	
0050A4	Io	
0050A5	Capitol Business	
0050A6	Optronics	
0050A7	Cisco	Router
0050A8	OpenCon	
0050A9	Moldat Wireless	
0050AA	Konica Minolta	Printer
0050AB	NALTEC	
0050AC	Maple Computer	
0050AD	CommUnique Wireless	
0050AE	FDK	
0050AF	Intergon	
0050B0	Technology Atlanta	
0050B1	Giddings & Lewis	
0050B2	BRODEL	
0050B3	Voiceboard	
0050B4	Satchwell Control	
0050B5	Fichet Securite	
0050B6	Good Way Ind	
0050B7	Boser	Audio
0050B8	Inova Computers Gmbh &	
0050B9	Xitron	
0050BA	D-Link	Router
0050BB	Cms	
0050BC	Hammer Storage Solutions	
0050BD	Cisco	Router
0050BE	Fast Multimedia	
0050BF	Metalligence	
0050C0	Gatan	
0050C1	Gemflex	
0050C2	IEEE Registration	
0050C4	Imd	
0050C5	ADS	
0050C6	Loop Telecommunication	
0050C7	Private	
0050C8	Addonics	
0050C9	Maspro Denkoh	
0050CA	Zhone	
0050CB	Bucher Automation	
0050CC	Seagate Cloud	Storage
0050CD	Digianswer A/S	
0050CE	Lg	
0050CF	Vanlink Communication	
0050D0	Minerva	
0050D1	Cisco	Router
0050D2	CMC	
0050D3	Digital Audio Processing	Automotive
0050D4	Joohong Information &	
0050D5	Ad	
0050D6	Atlas Copco Tools Ab	
0050D7	Telstrat	
0050D8	Unicorn Computer	
0050D9	ENGETRON-ENGENHARIA	
0050DA	3Com	Switch
0050DB	Contemporary Control	
0050DC	Tas Telefonbau A.	
0050DD	Serra Soldadura	
0050DE	Signum	
0050DF	AirFiber	
0050E1	Ns Tech Electronics Sdn	
0050E2	Cisco	Router
0050E3	Commscope	
0050E4	Apple	Phone
0050E6	Hakusan	
0050E7	Paradise Innovations	
0050E8	Nomadix	
0050EA	Xel	
0050EB	Alpha-Top	
0050EC	Olicom A/S	
0050ED	Anda	
0050EE	Tek Digitel	
0050EF	SPE Systemhaus	
0050F0	Cisco	Router
0050F1	Maxlinear	
0050F2	Microsoft	Computer
0050F3	GLOBAL NET INFORMATION	
0050F4	Sigmatek Gmbh & Co	
0050F6	Pan-International	
0050F7	Venture Manufacturing	Smart Home
0050F8	Entrega	
0050F9	Sensormatic	
0050FA	Oxtel	
0050FB	Vsk	
0050FC	Edimax	
0050FD	Visioncomm	
0050FE	PCTVnet ASA	
0050FF	Hakko	
0051ED	LG Innotek	
005218	Wuxi Keboda Electron	
005245	Ganatechwin	
0052C2	peiker acustic	
0052C8	Made Studio Design	
00549F	Avaya	VoIP
0054AF	AUMOVIO	
0054BD	Swelaser AB	
0055B1	Shanghai Baud Data	
0055DA	IEEE Registration	
00562B	Cisco	Router
00566D	Huawei Device	Phone
0056CD	Apple	Phone
0056F1	zte	Phone
0057C1	LG Electronics (Mobile	Phone
0057D2	Cisco	Router
005828	Axon	
00583F	PC Aquarius	
005907	LenovoEMC Products USA	Computer
00596C	Cisco	Router
005979	Networked Energy	
0059AC	Kpn	
0059DC	Cisco	Router
005A13	Huawei	Phone
005A39	Shenzhen Fast	
005B94	Apple	Phone
005BA1	shanghai huayuan	
005C86	Shenzhen Fast	
005CB1	Gospell DIGITAL	
005CC2	Shenzhen Mercury	
005D03	Xilinx	
005D73	Cisco	Router
005E0C	HMD Global Oy	
005F67	TP-Link	Router
005F86	Cisco	Router
005FBF	Toshiba	
006000	Xycom	
006001	InnoSys	
006002	Screen Subtitling	
006003	Teraoka Weigh System Pte	
006004	Computadores Modulares	
006005	Touchstar ATC Limited	
006006	Sotec	
006007	Acres Gaming	
006008	3Com	Switch
006009	Cisco	Router
00600A	Sord Computer	
00600B	LOGWARE	
00600C	Eurotech	
00600D	Digital Logic	
00600E	Wavenet	
00600F	Westell	
006010	Network Machines	
006011	Crystal Semiconductor	
006012	Power Computing	
006013	Netstal Maschinen	
006014	Edec	
006015	Net2Net	
006016	Clariion	
006017	Tokimec	
006018	Stellar One	
006019	Roche Diagnostics	
00601A	Keithley Instruments	
00601B	Mesa	
00601C	Telxon	
00601D	Lucent	
00601E	Softlab	
00601F	Stallion	
006020	Pivotal Networking	
006021	Dsc	
006022	Vicom	
006023	Pericom Semiconductor	
006024	Gradient	
006025	Active Imaging Plc	
006026	VIKING Modular Solutions	
006027	Superior Modular	
006028	Macrovision	
006029	Cary Peripherals	
00602A	Symicron Computer	
00602B	Peak Audio	Automotive
00602C	LINX Data Terminals	
00602D	Alerton	
00602E	Cyclades	
00602F	Cisco	Router
006030	Village Tronic	
006031	Hrk	
006032	I-Cube	
006033	Acuity Imaging	
006034	ROBERT BOSCH	
006035	Dallas Semiconductor	
006036	AIT Austrian Institute	
006037	NXP Semiconductors	IoT
006038	Nortel	
006039	SanCom	
00603A	Quick Controls	
00603B	AMTEC spa	
00603C	Hagiwara Sys-Com	
00603D	3Cx	
00603E	Cisco	Router
00603F	Patapsco Designs	
006040	Netro	
006041	Yokogawa Digital	Industrial
006042	Tks (Usa)	
006043	iDirect	
006044	Litton/Poly-Scientific	
006045	Pathlight	
006046	Vmetro	
006047	Cisco	Router
006048	Dell EMC	Computer
006049	Vina	
00604A	Saic Ideas	
00604B	Safe-com GmbH & Co	
00604C	Sagemcom Broadband SAS	Storage
00604D	Mmc	
00604E	Cycle Computer	
00604F	Tattile	
006050	Internix	
006051	Quality Semiconductor	
006052	PERIPHERALS ENTERPRISE	
006053	Toyoda Machine Works	
006054	Controlware	
006055	Cornell University	
006056	Network Tools	
006057	Murata Manufacturing	Smart Home
006058	Copper Mountain	
006059	Technical	
00605A	Celcore	
00605B	IntraServer	
00605C	Cisco	Router
00605D	Scanivalve	Gaming
00605E	Liberty Technology	
00605F	Nippon Unisoft	
006060	Data Innovations North	
006061	Whistle	
006062	Telesync	
006063	Psion Dacom Plc	
006064	Netcomm Limited	
006065	B&R Industrial	
006066	LACROIX Trafic	
006067	Acer Netxus	Computer
006068	Dialogic	
006069	Brocade	Switch
00606A	Mitsubishi Wireless	
00606B	Synclayer	
00606C	Arescom	
00606D	Digital Equipment	
00606E	Davicom Semiconductor	
00606F	Clarion Corporation Of	
006070	Cisco	Router
006071	Midas	
006072	Vxl Instruments, Limited	
006073	Redcreek	
006074	Qsc	
006075	Pentek	
006076	Schlumberger	
006077	Prisa	
006078	Power Measurement	
006079	Mainstream Data	Computer
00607A	Dvs	
00607B	Fore	
00607C	WaveAccess	
00607D	Sentient	
00607E	Gigalabs	
00607F	Aurora	
006080	Microtronix Datacom	
006081	Tv/Com	TV
006082	Novalink	
006083	Cisco	Router
006084	Digital Video	
006085	Storage Concepts	
006086	Logic Replacement	
006087	Kansai Electric	
006088	Analog Devices	
006089	Xata	
00608A	Citadel Computer	
00608B	ConferTech	
00608C	3Com	Switch
00608D	Unipulse	
00608E	HE ELECTRONICS,	
00608F	Tekram	
006090	Artiza	
006091	First Pacific	
006092	Micro/Sys	
006093	Varian	
006094	IBM	
006095	Accu-Time	
006096	T.S. Microtech	
006097	3Com	Switch
006098	Ht	
006099	SBE	
00609A	Njk Techno Co	
00609B	AstroNova	
00609C	Perkin-Elmer	
00609D	Pmi Food Equipment	
00609E	Asc X3 - Information	
00609F	Phast	
0060A0	Switched	Switch
0060A1	VPNet	
0060A2	Nihon Unisys Limited Co	
0060A3	Continuum	
0060A4	GEW Technologies	
0060A5	Performance Telecom	
0060A6	Particle Measuring	IoT
0060A7	MICROSENS GmbH & CO	
0060A8	Tidomat Ab	
0060A9	Gesytec Mbh	
0060AA	Intelligent Devices	
0060AB	Larscom Incorporated	
0060AC	Resilience	
0060AD	MegaChips	
0060AE	Trio Information	
0060AF	Pacific Micro Data	
0060B0	Hewlett Packard	Computer
0060B1	Input/Output	
0060B2	Process Control	
0060B3	Z-Com	
0060B4	Glenayre R&D	
0060B5	KEBA	
0060B6	Land Computer	
0060B7	Channelmatic	
0060B8	CORELIS	
0060B9	NEC Platforms	
0060BA	Sahara	
0060BB	Cabletron	
0060BC	KeunYoung Electronics &	
0060BD	Enginuity	
0060BE	Webtronics	
0060BF	Macraigor	
0060C0	Nera Networks AS	
0060C1	WaveSpan	
0060C2	Mpl	
0060C3	Netvision	
0060C4	Soliton Systems K.K	
0060C5	Ancot	
0060C6	Dcs	
0060C7	Amati	
0060C8	Kuka Welding Systems &	Industrial
0060C9	ControlNet	
0060CA	Harmonic Systems	
0060CB	Hitachi Zosen	
0060CC	Emtrak, Incorporated	
0060CD	VideoServer	
0060CE	Acclaim	
0060CF	Alteon	
0060D0	Snmp Research	
0060D1	Cascade	
0060D2	Lucent Technologies	
0060D3	At&T	
0060D4	Eldat Communication	
0060D5	Amada	
0060D6	NovAtel	
0060D7	Ecole Polytechnique	
0060D8	Elmic	
0060D9	Transys	
0060DA	Red Lion Controls, LP	
0060DB	Ntp Elektronik A/S	
0060DC	NEC Magnus	
0060DD	Myricom	
0060DE	Kayser-Threde	
0060DF	Brocade	Switch
0060E0	Axiom	
0060E1	Orckit	
0060E2	Quest Engineering &	Smart Home
0060E3	Arbin Instruments	
0060E4	Compuserve	
0060E5	Fuji Automation	
0060E6	Shomiti Systems	
0060E7	Randata	
0060E8	Hitachi Computer	
0060E9	Atop	
0060EA	StreamLogic	
0060EB	Fourthtrack	
0060EC	Hermary Opto	
0060ED	Ricardo Test Automation	
0060EE	Apollo	
0060EF	Flytech	
0060F0	Johnson & Johnson	Medical
0060F1	Exp Computer	
0060F2	Lasergraphics	
0060F3	Performance Analysis	
0060F4	ADVANCED COMPUTER	
0060F5	Icon West	
0060F6	Nextest Communications	
0060F7	Datafusion	
0060F8	Loran	
0060F9	Diamond Lane	
0060FA	Educational Technology	
0060FB	Packeteer	
0060FC	Conservation Through	
0060FD	NetICs	
0060FE	Lynx System Developers	
0060FF	QuVis	
006151	Huawei	Phone
006168	Nokia	
006171	Apple	Phone
006201	Motorola Mobility LLC,	Phone
00620B	Broadcom Limited	
0062EC	Cisco	Router
0063DE	Cloudwalk	
006440	Cisco	Router
0064A6	Maquet CardioVascular	
0064AF	Dish	
00651E	Amcrest	Camera
006619	Huawei Device	Phone
00664B	Huawei	Phone
0066DC	Apple	Phone
006762	Fiberhome	
00682B	Huawei Device	Phone
0068EB	HP	Computer
00692D	Sunnovo International	
006967	IEEE Registration	
006A5E	IEEE Registration	
006B6F	Huawei	Phone
006B8E	Shanghai Feixun	
006B9E	Vizio	TV
006BA0	Shenzhen Universal	
006BF1	Cisco	Router
006CBC	Cisco	Router
006CFD	Sichuan Changhong	
006D52	Apple	Phone
006D61	Guangzhou V-SOLUTION	
006DFB	Vutrix	
006E02	Xovis	
006F64	Samsung	Phone
006FF2	Mitsumi Electric	Appliance
007007	Espressif	IoT
0070B0	M/A-Com Inc. Companies	
0070B3	Data Recall	
007147	Amazon	
0071C2	Pegatron	
0071CC	Hon Hai Precision Ind	
007204	Samsung Electronics	Phone
007263	Netis	
007278	Cisco	Router
0072EE	Intel Corporate	Computer
00738D	Shenzhen TINNO Mobile	
0073E0	Samsung	Phone
00749C	Ruijie	
007532	Integrated Engineering	Smart Home
0075E1	Ampt	
00763D	Veea	
007686	Cisco	Router
0076B1	Somfy-Protect By Myfox	
0076B6	Ford Motor	Automotive
00778D	Cisco	Router
0077E4	Nokia Solutions and	
007839	Nokia	
007888	Cisco	Router
00789E	Sagemcom Broadband SAS	Storage
0078CD	Ignition Design	
007AA4	FRITZ!	
007B18	SENTRY	
007C2D	Samsung	Phone
007D3B	Samsung	Phone
007D60	Apple	Phone
007DFA	Volkswagen Group of	Automotive
007E56	China Dragon Technology	
007E95	Cisco	Router
007F1D	Fantasia Trading	
007F28	Actiontec	
008000	Multitech	
008001	Periphonics	
008002	Satelcom (Uk)	
008003	Hytec	
008004	Antlow	
008005	Cactus Computer	
008006	Compuadd	
008007	Dlog Nc-Systeme	
008008	Dynatech Computer	
008009	Jupiter	
00800A	Japan Computer	
00800B	Csk	
00800C	Videcom Limited	
00800D	Vosswinkel F.U	
00800E	Atlantix	
00800F	Standard Microsystems	
008010	Commodore	
008011	Digital Systems Int'L	
008012	Integrated Measurement	
008013	Thomas-Conrad	
008014	Esprit	
008015	Seiko	
008016	Wandel And Goltermann	
008017	Pfu Limited	
008018	Kobe Steel	
008019	Dayna	
00801A	Bell Atlantic	
00801B	Kodiak	Media Player
00801C	Newport Systems	
00801D	Integrated Inference	
00801E	Xinetron	
00801F	Krupp Atlas Electronik	
008020	Network Products	
008021	Alcatel Canada	
008022	Scan-Optics	
008023	Integrated Business	
008024	Kalpana	
008025	Telit Wireless Solutions	
008026	Network Products	
008027	Adaptive	Automotive
008028	Tradpost (Hk)	
008029	Eagle	
00802A	Test Systems &	
00802B	Integrated Marketing Co	
00802C	The Sage Group Plc	
00802D	Xylogics	
00802E	Castle Rock Computing	
00802F	National Instruments	
008030	Nexus	
008031	Basys	
008032	Access	
008033	EMS Aviation	
008034	Smt Goupil	
008035	Technology Works	
008036	Reflex Manufacturing	Smart Home
008037	Ericsson	
008038	Data Research &	
008039	Alcatel Stc Australia	
00803A	Varityper	
00803B	Apt	
00803C	Tvs	
00803D	Surigiken	
00803E	Synernetics	
00803F	Tatung	
008040	John Fluke	Smart Home
008041	Veb Kombinat Robotron	
008042	Artesyn Embedded	
008043	Networld	
008044	Systech Computer	
008045	Matsushita Electric	
008046	Tattile	
008047	In-Net	
008048	Compex Incorporated	
008049	Nissin Electric	
00804A	Pro-Log	
00804B	Eagle Technologies	
00804C	Contec	
00804D	Cyclone Microsystems	
00804E	Apex Computer	
00804F	Daikin	
008050	Ziatech	
008051	Fibermux	
008052	Technically Elite	
008053	Intellicom	
008054	Frontier	
008055	Fermilab	
008056	SPHINX Electronics GmbH	
008057	Adsoft	
008058	Printer	Printer
008059	Stanley Electric	
00805A	Tulip Computers	
00805B	Condor	
00805C	Agilis	
00805D	Canstar	
00805E	Lsi Logic	
00805F	Hewlett Packard	Computer
008060	Network Interface	
008061	Litton	
008062	Interface Co	
008063	Hirschmann Automation	
008064	Wyse	
008065	Cybergraphic	
008066	Eurotech S.p.A	
008067	Square D	
008068	Yamatech Scientific	
008069	Computone	
00806A	Eri (Empac Research	
00806B	Schmid Telecommunication	
00806C	Secure Systems &	
00806D	Century	
00806E	Nippon Steel	
00806F	Onelan	
008070	Computadoras Micron	
008071	Sai	
008072	Microplex	Media Player
008073	Dwb Associates	
008074	Fisher Controls	
008075	Parsytec	
008076	Mcnc	
008077	Brother	Printer
008078	Practical Peripherals	
008079	Microbus Designs	
00807A	Aitech	
00807B	Artel	
00807C	Fibercom	
00807D	Equinox	
00807E	Southern Pacific	
00807F	Dy-4 Incorporated	
008080	Datamedia	
008081	Kendall Square Research	
008082	Pep Modular Computers	
008083	Amdahl	Computer
008084	The Cloud	
008085	H-Three	
008086	Computer Generation	
008087	Oki Electric Industry	
008088	Victor Company Of Japan	
008089	Tecnetics (Pty)	
00808A	Summit Microsystems	
00808B	Dacoll Limited	
00808C	Netscout	
00808D	Westcoast	
00808E	Radstone	
00808F	C. Itoh	
008090	Microtek	
008091	Tokyo Electric	
008092	Silex	
008093	Xyron	
008094	Alfa Laval Automation Ab	
008095	Basic Merton	
008096	Human Designed	
008097	Centralp Automatismes	
008098	Tdk	
008099	Eaton	
00809A	Novus	
00809B	Justsystem	
00809C	Luxcom	
00809D	Commscraft	
00809E	Datus	
00809F	ALE	
0080A0	Hewlett Packard	Computer
0080A1	Microtest	
0080A2	Creative Electronic	
0080A3	Lantronix	
0080A4	Liberty	
0080A5	Speed	
0080A6	Republic	
0080A7	Honeywell	Industrial
0080A8	Vitacom	
0080A9	Clearpoint Research	
0080AA	Maxpeed	
0080AB	Dukane Network	
0080AC	Imlogix, Division Of	VoIP
0080AD	Cnet	
0080AE	Hughes	
0080AF	Allumer	
0080B0	Advanced Information	
0080B1	Softcom A/S	
0080B2	Network Equipment	
0080B3	Aval Data	
0080B4	Sophia	
0080B5	United	
0080B6	Mercury Systems –	
0080B7	Stellar Computer	
0080B8	DMG MORI Digital	
0080B9	Arche Technoligies	
0080BA	Specialix (Asia) Pte	
0080BB	Hughes Lan	
0080BC	Hitachi Engineering	Smart Home
0080BD	The Furukawa Electric	
0080BE	Aries Research	
0080BF	Takaoka Electric Mfg	
0080C0	Penril Datacomm	
0080C1	Lanex	
0080C2	IEEE 802.1 Chair	
0080C3	Bicc Information	
0080C4	Document	
0080C5	Novellco De Mexico	
0080C6	National Datacomm	
0080C7	Xircom	
0080C8	D-Link	Router
0080C9	Alberta Microelectronic	
0080CA	Netcom Research	
0080CB	Falco Data Products	
0080CC	Microwave Bypass	
0080CD	Micronics Computer	
0080CE	Broadcast Television	TV
0080CF	Embedded Performance	
0080D0	Computer Peripherals	
0080D1	Kimtron	
0080D2	Shinnihondenko	
0080D3	Shiva	
0080D4	Chase Research	
0080D5	Cadre	
0080D6	Nuvotech	
0080D7	Fantum Engineering	Smart Home
0080D8	Network Peripherals	
0080D9	EMK Elektronik GmbH & Co	
0080DA	Hottinger Brüel & Kjær	
0080DB	Graphon	
0080DC	Picker	
0080DD	Gmx Inc/Gimix	
0080DE	Gipsi	
0080DF	Adc Codenoll	
0080E0	Xtp	
0080E1	STMicroelectronics	IoT
0080E2	T.D.I	
0080E3	Coral	
0080E4	Northwest Digital	
0080E5	NetApp	Storage
0080E6	Peer	
0080E7	Leonardo UK	
0080E8	Cumulus Corporatiion	
0080E9	Madge	
0080EA	ADVA Optical Networking	
0080EB	Compcontrol	
0080EC	Supercomputing Solutions	
0080ED	Iq	
0080EE	Thomson Csf	
0080EF	Rational	
0080F0	Panasonic	
0080F1	Opus	
0080F2	Raycom	
0080F3	Sun	
0080F4	Telemecanique Electrique	
0080F5	Quantel	
0080F6	Synergy Microsystems	
0080F7	Zenith	
0080F8	Mizar	
0080F9	Heurikon	
0080FA	Rwt	
0080FB	Bvm Limited	
0080FC	Avatar	
0080FD	Exsceed Corpration	
0080FE	Azure	
0080FF	Soc. De	
00812A	Apple	Phone
0081C4	Cisco	Router
0081F9	Texas Instruments	IoT
008320	Huawei Device	Phone
00841E	Cisco Meraki	Router
008497	Shenzhen MiaoMing	
0084ED	Lexmark	Printer
008621	Amazon	
008667	LG Innotek	
00869C	Palo Alto	Router
0086A0	Private	
008701	Samsung	Phone
008731	Cisco	Router
008764	Cisco	Router
008865	Apple	Phone
0088BA	Nc&C	
0089C9	Extreme	Switch
008A55	Huawei Device	Phone
008A76	Apple	Phone
008A96	Cisco	Router
008B43	Rftech	
008BFC	mixi	
008C10	Black Box	
008C54	ADB Broadband Italia	
008CFA	Inventec	
008D4E	Cjsc Nii Stt	
008DDA	Link One	
008DF4	IEEE Registration	
008E73	Cisco	Router
008EF2	Netgear	Router
009000	Diamond Multimedia	
009001	Nishimu	
009002	Allgon Ab	
009003	Aplio	
009004	3Com Europe	Switch
009005	Protech	
009006	Hamamatsu Photonics K.K	
009007	Domex	
009008	HanA	
009009	I Controls	
00900A	Proton Electronic	
00900B	Lanner	
00900C	Cisco	Router
00900D	Overland Storage	
00900E	Handlink	Router
00900F	Kawasaki Heavy	
009010	Simulation Laboratories	
009011	WAVTrace	
009012	Globespan Semiconductor	
009013	Samsan	
009014	Rotork Instruments	
009015	Centigram	
009016	Zac	
009017	Zypcom	
009018	Ito Electric Industry	
009019	Hermes	
00901A	Unisphere Solutions	
00901B	Digital Controls	
00901C	mps Software	
00901D	Gallagher Group Limited	
00901E	Selesta Ingegneria S.p.A	
00901F	Adtec Productions	
009020	Philips Analytical X-Ray	
009021	Cisco	Router
009022	Ivex	
009023	Zilog	
009024	Pipelinks	
009025	BAE Systems Australia	
009026	Advanced Switching	Switch
009027	Intel	Computer
009028	Nippon Signal	
009029	Crypto	
00902A	Communication Devices	
00902B	Cisco	Router
00902C	Data & Control Equipment	
00902D	Data Electronics (Aust.)	
00902E	Namco Limited	
00902F	Netcore	
009030	Honeywell-Dating	Industrial
009031	Mysticom	
009032	Pelcombe	
009033	Innovaphone	
009034	Imagic	
009035	Alpha Telecom	
009036	ens	
009037	Acucomm	
009038	Fountain	
009039	Shasta	
00903A	Nihon Media Tool	
00903B	TriEMS Research	
00903C	Atlantic	
00903D	Biopac	
00903E	N.V. Philips Industrial	
00903F	WorldCast	
009040	Siemens Network	
009041	Applied Digital Access	
009042	ECCS	
009043	Tattile	
009044	Assured Digital	
009045	Marconi	
009046	Dexdyne	
009047	Giga Fast E	
009048	Zeal	
009049	Entridia	
00904A	Concur System	
00904B	Gemtek	
00904C	Epigram	
00904D	Spec	
00904E	Delem	
00904F	Abb Power T&D	Industrial
009050	Teleste	
009051	Ultimate	
009052	Selcom Elettronica S.R.L	
009053	Daewoo	
009054	Innovative	
009055	Parker Hannifin	
009056	Telestream	
009057	AANetcom	
009058	Ultra Electronics	
009059	Telecom Device K.K	
00905A	Dearborn	
00905B	Raymond And Lae	Smart Home
00905C	Edmi	
00905D	Netcom	Computer
00905E	Rauland-Borg	
00905F	Cisco	Router
009060	System Create	Storage
009061	Pacific Research &	Smart Home
009062	ICP VORTEX	
009063	Coherent	
009064	Thomson	
009065	Finisar	
009066	Troika	
009067	WalkAbout Computers	
009068	Dvt	
009069	Juniper	Router
00906A	Turnstone	
00906B	Applied Resources	
00906C	Sartorius Hamburg	
00906D	Cisco	Router
00906E	Praxon	
00906F	Cisco	Router
009070	Neo	
009071	Applied Innovation	
009072	Simrad As	
009073	Gaio	
009074	Argon	
009075	Nec Do Brasil	
009076	Fmt Aircraft Gate	
009077	Advanced Fibre	
009078	Mer Telemanagement	
009079	ClearOne	
00907A	Spectralink	
00907B	E-Tech	
00907C	Digitalcast	
00907D	Lake	
00907E	Vetronix	
00907F	WatchGuard	Router
009080	Not Limited	
009081	Aloha	
009082	Force Institute	
009083	Turbo Communication	
009084	Atech System	
009085	Golden Enterprises	
009086	Cisco	Router
009087	Itis	
009088	Baxall Security	
009089	Softcom Microsystems	
00908A	Bayly	
00908B	Tattile	
00908C	Etrend	
00908D	Vickers	
00908E	Nortel Networks	
00908F	Audio Codes	Automotive
009090	I-Bus	
009091	DigitalScape	
009092	Cisco	Router
009093	EIZO	
009094	Osprey	
009095	Universal Avionics	
009096	Askey Computer	
009097	Sycamore	
009098	Sbc Designs	
009099	Allied Telesis, K.K	Switch
00909A	One World	
00909B	Markem-Imaje	
00909C	Commscope	
00909D	NovaTech	
00909E	Critical IO	
00909F	Digi-Data	
0090A0	8X8	
0090A1	Flying Pig Systems/High	
0090A2	CyberTAN	
0090A3	Corecess	
0090A4	Altiga	
0090A5	Spectra Logic	
0090A6	Cisco	Router
0090A7	Clientec	
0090A8	NineTiles	
0090A9	Western Digital	Storage
0090AA	Indigo Active Vision	
0090AB	Cisco	Router
0090AC	Optivision	
0090AD	Aspect	
0090AE	ITALTEL S.p.A/RF-UP-I	
0090AF	J. Morita Mfg	
0090B0	Vadem	
0090B1	Cisco	Router
0090B2	Avici	
0090B3	Agranat	
0090B4	Willowbrook	
0090B5	Nikon	Camera
0090B6	Fibex	
0090B7	Digital Lightwave	
0090B8	Rohde & Schwarz Gmbh &	
0090B9	Beran Instruments	
0090BA	Valid	
0090BB	TAINET COMMUNICATION	
0090BC	Telemann	
0090BD	Omnia	
0090BE	Ibc/Integrated Business	
0090BF	Cisco	Router
0090C0	K.J. Law Engineers	
0090C1	Peco II	
0090C2	JK microsystems	
0090C3	Topic Semiconductor	
0090C4	Javelin	
0090C5	Internet Magic	
0090C6	Optim	
0090C7	Icom	
0090C8	Waverider	
0090C9	DPAC	
0090CA	Accord Video	
0090CB	Wireless OnLine	
0090CC	Planex	
0090CD	Ent-Empresa Nacional De	
0090CE	avateramedical	Medical
0090CF	Nortel	
0090D0	Thomson Telecom Belgium	
0090D1	Leichu Enterprise	Smart Home
0090D2	Artel Video	
0090D3	GIESECKE & DEVRIENT	
0090D4	BindView Development	
0090D5	Euphonix	
0090D6	Crystal	
0090D7	NetBoost	
0090D8	Whitecross	
0090D9	Cisco	Router
0090DA	Dynarc	
0090DB	Next Level	
0090DC	Teco Information	
0090DD	MIHARU	
0090DE	Cardkey	
0090DF	Mitsubishi Chemical	
0090E0	Systran	
0090E1	Telena S.P.A	
0090E2	Distributed Processing	
0090E3	Avex	
0090E4	Nec America	
0090E5	Teknema	
0090E6	ALi	
0090E7	Horsch Elektronik	
0090E8	Moxa	Industrial
0090E9	Janz Computer	
0090EA	Alpha	
0090EB	Sentry Telecom	
0090EC	Pyrescom	
0090ED	Central System Research	
0090EE	Personal	
0090EF	Integrix	
0090F0	Harmonic Video	
0090F1	Seagate Cloud	Storage
0090F2	Cisco	Router
0090F3	Aspect	
0090F4	Lightning	
0090F5	Clevo Co	
0090F6	Escalate	
0090F7	Nbase	
0090F8	Mediatrix Telecom	
0090F9	Imagine	
0090FA	Emulex	
0090FB	Portwell	
0090FC	Network Computing	
0090FD	CopperCom	
0090FE	Elecom Co., Ltd.	
0090FF	Tellus	
00919E	Intel Corporate	Computer
0091D6	Crystal	
0091EB	Renesas Electronics	
0091FA	Synapse Product	
009235	Apple	Phone
00927D	Ficosa	
0092A5	LG Innotek	
0092FA	Shenzhen Wisky	
009337	Intel Corporate	Computer
009363	Uni-Link	
0094A1	F5	
0094EC	Huawei Device	Phone
009569	LSD Science and	
0097F1	Apple	Phone
0097FF	Heimann Sensor	
00991D	Huawei	Phone
009ACD	Huawei	Phone
009AD2	Cisco	Router
009B08	Quectel Wireless	
009C02	Hewlett Packard	Computer
009C17	Quectel Wireless	
009C57	Hextronics	
009CC0	vivo Mobile	Phone
009D6B	Murata Manufacturing	Smart Home
009D85	Sigmastar	
009D8E	Cardiac Recorders	
009E1E	Cisco	Router
009EC8	Xiaomi	Phone
009EEE	Positivo Tecnologia	
00A000	Centillion	
00A001	DRS Signal Solutions	
00A002	Leeds & Northrup	
00A003	Siemens Switzerland	
00A004	Netpower	
00A005	Daniel Instruments	
00A006	Image Data Processing	
00A007	Apexx	
00A008	Netcorp	
00A009	Whitetree	
00A00A	Airspan	
00A00B	Computex	
00A00C	Kingmax	
00A00D	The Panda Project	
00A00E	Netscout	
00A00F	Broadband	
00A010	Syslogic Datentechnik	
00A011	Mutoh	
00A012	Telco	
00A013	Teltrend	
00A014	Csir	
00A015	Wyle	
00A016	Micropolis	
00A017	J B M	
00A018	Creative Controllers	
00A019	Nebula Consultants	
00A01A	Binar Elektronik Ab	
00A01B	Zhone	
00A01C	Nascent	
00A01D	Red Lion Controls, LP	
00A01E	Est	
00A01F	Tricord	
00A020	Citicorp/Tti	
00A021	General Dynamics Mission	
00A022	Centre For Development	
00A023	Applied Creative	
00A024	3Com	Switch
00A025	Redcom	
00A026	Teldat	
00A027	Firepower	
00A028	Conner Peripherals	
00A029	Coulter	
00A02A	Trancell	
00A02B	Transitions Research	
00A02C	interWAVE	
00A02D	1394 Trade Association	
00A02E	Brand	
00A02F	ADB Broadband Italia	
00A030	Captor Nv/Sa	
00A031	Hazeltine Corporation,	
00A032	Ges Singapore	
00A033	imc MeBsysteme	
00A034	Axel	
00A035	Cylink	
00A036	Applied	
00A037	Mindray DS USA	
00A038	Email	
00A039	Ross	
00A03A	Kubotek	
00A03B	Toshin Electric	
00A03C	Eg&G Nuclear Instruments	
00A03D	Opto-22	
00A03E	Atm Forum	
00A03F	Computer Society	
00A040	Apple	Phone
00A041	Inficon	
00A042	Spur Products	
00A043	American	
00A044	Ntt It	
00A045	Phoenix Contact GmbH &	Industrial
00A046	Scitex	
00A047	Integrated Fitness	
00A048	Questech	
00A049	Digitech	
00A04A	Nisshin Electric	
00A04B	Tfl Lan	
00A04C	Innovative Systems &	
00A04D	Eda Instruments	
00A04E	Voelker	
00A04F	Ameritec	
00A050	Cypress Semiconductor	
00A051	Angia	
00A052	Stanilite	
00A053	Compact Devices	
00A054	Private	
00A055	Data Device	
00A056	Micropross	
00A057	LANCOM	
00A058	Glory	
00A059	Hamilton Hallmark	
00A05A	Kofax Image Products	
00A05B	Marquip	
00A05C	Inventory Conversion,	
00A05D	CS COMPUTER SYSTEME	
00A05E	Myriad Logic	
00A05F	BTG Electronics Design	
00A060	Acer Peripherals	Computer
00A061	Puritan Bennett	
00A062	Aes Prodata	
00A063	Jrl	
00A064	Kvb/Analect	
00A065	Symantec	
00A066	Isa	
00A067	Network Services	
00A068	Bhp Limited	
00A069	Symmetricom	
00A06A	Verilink	
00A06B	Dms Dorsch Mikrosystem	
00A06C	Shindengen Electric Mfg	
00A06D	Mannesmann Tally	
00A06E	Austron	
00A06F	Color Sentinel	
00A070	Coastcom	
00A071	Video Lottery	
00A072	Ovation	
00A073	Com21	
00A074	Perception	
00A075	Micron	
00A076	Cardware	
00A077	Fujitsu Nexion	
00A078	Marconi	
00A079	Alps Electric (Usa)	
00A07A	Advanced Peripherals	
00A07B	Dawn Computer	
00A07C	Tonyang Nylon	
00A07D	Seeq	
00A07E	Avid	
00A07F	Gsm-Syntel	
00A080	Tattile	
00A081	Alcatel Data	
00A082	Nkt Elektronik A/S	
00A083	Asimmphony Turkey	
00A084	Dataplex	Media Player
00A085	Private	
00A086	Amber Wave	
00A087	Microsemi	
00A088	Essential	
00A089	Xpoint	
00A08A	Brooktrout	
00A08B	Aston Electronic Designs	
00A08C	MultiMedia LANs	
00A08D	Jacomo	
00A08E	Check Point Software	
00A08F	Desknet	
00A090	TimeStep	
00A091	Applicom	
00A092	H. Bollmann	
00A093	B/E AEROSPACE	
00A094	Comsat	
00A095	Acacia	
00A096	Mitsumi Electric	Appliance
00A097	Jc Information	
00A098	NetApp	Storage
00A099	K-Net	
00A09A	Nihon Kohden America	
00A09B	Qpsx	
00A09C	Xyplex	Media Player
00A09D	Johnathon Freeman	
00A09E	Ictv	
00A09F	Commvision	
00A0A0	Compact Data	
00A0A1	Epic Data	
00A0A2	B810 S.R.L	
00A0A3	Reliable Power Meters	
00A0A4	Oracle	
00A0A5	Teknor Microsysteme	
00A0A6	M.I. Systems, K.K	
00A0A7	Vorax	
00A0A8	Renex	
00A0A9	Navtel	
00A0AA	Spacelabs Medical	Medical
00A0AB	Netcs	
00A0AC	Gilat Satellite	
00A0AD	Marconi Spa	
00A0AE	Nucom	
00A0AF	Wms	Computer
00A0B0	I-O Data	
00A0B1	First Virtual	
00A0B2	Shima Seiki	
00A0B3	Zykronix	
00A0B4	Texas Microsystems	
00A0B5	3H	
00A0B6	Sanritz Automation	
00A0B7	Cordant	
00A0B8	NetApp	Storage
00A0B9	Eagle	
00A0BA	Patton Electronics Co	
00A0BB	Hilan	
00A0BC	Viasat, Incorporated	
00A0BD	I-Tech	
00A0BE	Integrated Circuit	
00A0BF	Wireless Data Group	Phone
00A0C0	Digital Link	
00A0C1	Ortivus Medical Ab	Medical
00A0C2	R.A	
00A0C3	Unicomputer	
00A0C4	Cristie	
00A0C5	Zyxel	Router
00A0C6	Qualcomm	IoT
00A0C7	Tadiran	
00A0C8	Adtran	
00A0C9	Intel	Computer
00A0CA	Fujitsu Denso	Automotive
00A0CB	Ark Telecommunications	
00A0CC	Lite-On	
00A0CD	DR. JOHANNES HEIDENHAIN	
00A0CE	Ecessa	
00A0CF	Sotas	
00A0D0	Ten X	
00A0D1	Inventec	
00A0D2	Allied Telesis	Switch
00A0D3	Instem Computer	Storage
00A0D4	Radiolan	
00A0D5	Sierra Wireless, ULC	
00A0D6	SBE	
00A0D7	Kasten Chase Applied	
00A0D8	Spectra - Tek	
00A0D9	Convex Computer	
00A0DA	INTEGRATED	
00A0DB	Fisher & Paykel	
00A0DC	O.N. Electronic	
00A0DD	Azonix	
00A0DE	Yamaha	
00A0DF	Sts	
00A0E0	Tennyson	
00A0E1	Westport Research	
00A0E2	Keisokugiken	
00A0E3	Xkl	
00A0E4	Optiquest	
00A0E5	Nhc	
00A0E6	Dialogic	
00A0E7	Central Data	
00A0E8	Reuters Holdings Plc	
00A0E9	Electronic Retailing	
00A0EA	Ethercom	
00A0EB	Encore	
00A0EC	Transmitton	
00A0ED	Brooks Automation	
00A0EE	Nashoba	
00A0EF	Lucidata	
00A0F0	Toronto Microelectronics	
00A0F1	Mti	
00A0F2	Infotek	
00A0F3	Staubli	
00A0F4	Ge	
00A0F5	Radguard	
00A0F6	AutoGas	
00A0F7	V.I Computer	
00A0F8	Zebra	Printer
00A0F9	Bintec	
00A0FA	Marconi Communication	
00A0FB	Toray Engineering D	Smart Home
00A0FC	Image Sciences	
00A0FD	Scitex Digital Printing	
00A0FE	Boston	
00A0FF	Tellabs Operations	
00A159	LG	Phone
00A1DE	ShenZhen ShiHua	
00A265	M2Motive	
00A289	Cisco	Router
00A2DA	INAT	
00A2EE	Cisco	Router
00A2F5	Guangzhou Yuanyun	
00A2FF	abatec	
00A307	Honor Device	Phone
00A388	Sky Uk Limited	
00A38E	Cisco	Router
00A3D1	Cisco	Router
00A41C	Tonly	
00A45F	Huawei Device	Phone
00A509	WigWag	
00A554	Intel Corporate	Computer
00A5BF	Cisco	Router
00A62B	Shanghai High-Flying	
00A6CA	Cisco	Router
00A742	Cisco	Router
00A784	ITX security	
00A91D	Huawei	Phone
00AA00	Intel	Computer
00AA01	Intel	Computer
00AA02	Intel	Computer
00AA3C	Olivetti Telecom Spa	
00AA6E	Cisco	Router
00AA70	LG Electronics (Mobile	Phone
00AAFD	Texas Instruments	IoT
00AB48	eero	
00ACE0	Commscope	
00AD24	D-Link	Router
00AD63	Dedicated Micros Malta	
00ADD5	Huawei Device	Phone
00AECD	Pensando	
00AEF7	Dreame Technology	
00AEFA	Murata Manufacturing	Smart Home
00AF1F	Cisco	Router
00B009	Grass Valley, A Belden	
00B017	InfoGear	
00B019	Utc Ccs	
00B01C	Westport	
00B01E	Rantic	
00B02A	ORSYS	
00B02D	ViaGate	
00B033	OAO "Izhevskiy	
00B03B	HiQ	
00B048	Marconi	
00B04A	Cisco	Router
00B052	Atheros	
00B064	Cisco	Router
00B069	Honewell Oy	
00B06D	Jones Futurex	
00B080	Mannesmann Ipulsys	
00B086	LocSoft Limited	
00B08E	Cisco	Router
00B091	Transmeta	
00B094	Alaris	
00B09A	Morrow	
00B09D	Point Grey Research	
00B0AC	SIAE-Microelettronica	
00B0AE	Symmetricom	
00B0B3	Xstreamis Plc	
00B0C2	Cisco	Router
00B0C7	Tellabs Operations	
00B0CE	Viveris	
00B0D0	Dell	Computer
00B0DB	Nextcell	
00B0DF	Starboard Storage	
00B0E1	Cisco	Router
00B0E7	British Federal	
00B0EC	Eacem	
00B0EE	Ajile	
00B0F0	Caly	
00B0F5	NetWorth	
00B1E3	Cisco	Router
00B338	Kontron Asia Pacific	
00B342	MacroSAN	
00B362	Apple	Phone
00B463	Ring	Smart Home
00B4F5	DongGuan Siyoto	
00B56D	David	
00B5D0	Samsung	Phone
00B5D6	Omnibit	
00B600	VOIM	
00B670	Cisco	Router
00B69F	Latch	
00B771	Cisco	Router
00B78D	Nanjing Shining	
00B7A8	Heinzinger electronic	
00B810	Yichip Microelectronics	
00B81D	Extreme	Switch
00B881	New platforms	
00B8B3	Cisco	Router
00B8B6	Motorola Mobility LLC,	Phone
00B8C2	Heights Telecom T	
00B9F6	Shenzhen Super Rich	
00BAC0	Biometric Access	
00BB01	Octothorpe	
00BB1C	Huawei Device	Phone
00BB3A	Amazon	
00BB43	Tiinlab	
00BB60	Intel Corporate	Computer
00BB8E	HME	
00BBC1	Canon	Camera
00BBF0	Ungermann-Bass	
00BC2F	Actiontec	
00BC60	Cisco	Router
00BC99	Hangzhou Hikvision	Camera
00BD27	Exar	
00BD3A	Nokia	
00BD3E	Vizio	TV
00BD82	Shenzhen YOUHUA	
00BE3B	Huawei	Phone
00BE43	Dell	Computer
00BE44	Silicon Laboratories	
00BE75	Cisco	Router
00BE9E	Fiberhome	
00BED5	New H3C	
00BF15	Genetec	
00BF61	Samsung	Phone
00BF77	Cisco	Router
00BFAF	Hui Zhou Gaoshengda	
00C000	Lanoptics	
00C001	Diatek Patient Managment	
00C002	Sercomm	
00C003	Globalnet	
00C004	Japan Business Computer	
00C005	Livingston Enterprises	
00C006	Nippon Avionics	
00C007	Pinnacle Data	
00C008	Seco	
00C009	Kt Technology (S)	
00C00A	Micro Craft	
00C00B	Norcontrol A.S	
00C00C	Relia Technolgies	
00C00D	Advanced Logic Research	
00C00E	Psitech	
00C00F	Quantum Software	
00C010	Hirakawa Hewtech	
00C011	Interactive Computing	
00C012	Netspan	
00C013	Netrix	
00C014	Telematics Calabasas	
00C015	New Media	
00C016	Electronic Theatre	
00C017	NetAlly	
00C018	Lanart	
00C019	Leap	
00C01A	Corometrics Medical	Medical
00C01B	Socket	
00C01C	Interlink	
00C01D	Grand Junction	
00C01E	La Francaise Des Jeux	
00C01F	S.E.R.C.E.L	
00C020	Arco Electronic, Control	
00C021	Netexpress	
00C022	Lasermaster	
00C023	Tutankhamon	
00C024	Eden Sistemas De	
00C025	Dataproducts	
00C026	Lans	
00C027	Cipher	
00C028	Jasco	
00C029	Aginode Germany	
00C02A	Ohkura Electric	
00C02B	Gerloff Gesellschaft Fur	
00C02C	Centrum	
00C02D	Fuji Photo Film	
00C02E	Netwiz	
00C02F	Okuma	
00C030	Integrated Engineering	Smart Home
00C031	Design Research	
00C032	I-Cubed Limited	
00C033	Telebit Communications	
00C034	Transaction	
00C035	Quintar	
00C036	Raytech Electronic	
00C037	Dynatem	
00C038	Raster Image Processing	
00C039	Teridian Semiconductor	
00C03A	duagon Germany	
00C03B	Multiaccess Computing	
00C03C	Tower Tech S.R.L	
00C03D	Wiesemann & Theis	
00C03E	Fa. Gebr. Heller	
00C03F	Stores Automated	
00C040	Ecci	
00C041	Digital Transmission	
00C042	Datalux	
00C043	Stratacom	
00C044	Emcom	Storage
00C045	Isolation	
00C046	Blue Chip	
00C047	Unimicro	
00C048	Bay Technical Associates	
00C049	U.S. Robotics	
00C04A	Group 2000	
00C04B	Creative Microsystems	
00C04C	Department Of Foreign	
00C04D	Mitec	
00C04E	Comtrol	
00C04F	Dell	Computer
00C050	Toyo Denki Seizo K.K	
00C051	Advanced Integration	
00C052	Burr-Brown	
00C053	Aspect Software	
00C054	Network Peripherals	
00C055	Modular Computing	
00C056	Somelec	
00C057	Myco	
00C058	Dataexpert	
00C059	Denso	Automotive
00C05A	Semaphore	
00C05B	Networks Northwest	
00C05C	Elonex Plc	
00C05D	L&N	
00C05E	Vari-Lite	
00C05F	Fine-Pal Company Limited	
00C060	Id Scandinavia As	
00C061	Solectek	
00C062	Impulse	
00C063	Morning Star	
00C064	General Datacomm	
00C065	Scope	
00C066	Docupoint	
00C067	United Barcode	
00C068	HME Clear-Com	
00C069	Axxcelera Broadband	
00C06A	Zahner-Elektrik	
00C06B	Osi Plus	
00C06C	Svec Computer	
00C06D	Boca Research	
00C06E	Haft	
00C06F	Komatsu	
00C070	Sectra	
00C071	Areanex	
00C072	Knx	
00C073	Xedia	
00C074	Toyoda Automatic Loom	
00C075	Xante	
00C076	I-Data International A-S	
00C077	Daewoo Telecom	
00C078	Computer Systems	Smart Home
00C079	Fonsys	
00C07A	Priva	
00C07B	Ascend	
00C07C	Hightech Information	
00C07D	Risc Developments	
00C07E	Kubota Corporation	
00C07F	Nupon Computing	
00C080	Netstar	
00C081	Metrodata	
00C082	Moore Products Co	
00C083	Trace Mountain Products	
00C084	Data Link	
00C085	Electronics For Imaging	
00C086	The Lynk	
00C087	Uunet	
00C088	Ekf Elektronik	
00C089	Telindus Distribution	
00C08A	Lauterbach	
00C08B	Risq Modular	
00C08C	Performance	
00C08D	Tronix Product	
00C08E	Network Information	
00C08F	Panasonic Electric Works	
00C090	Praim S.R.L	
00C091	Jabil Circuit	
00C092	Mennen Medical	Medical
00C093	Alta Research	
00C094	Vmx	
00C095	ZNYX	
00C096	Tamu Radiance	
00C097	Archipel	
00C098	Chuntex Electronic	
00C099	Yoshiki Industrial	
00C09A	Photonics	
00C09B	Tellabs Enterprise	
00C09C	Hioki E.E	
00C09D	Distributed Systems	
00C09E	Cache Computers	
00C09F	Quanta Computer	Server
00C0A0	Advance Micro Research	
00C0A1	Tokyo Denshi Sekei Co	
00C0A2	Intermedium A/S	
00C0A3	Dual Enterprises	
00C0A4	Unigraf Oy	
00C0A5	Dickens Data	
00C0A6	Exicom Australia	
00C0A7	Seel	
00C0A8	Gvc	
00C0A9	Barron Mccann	
00C0AA	Silicon Valley Computer	
00C0AB	Telco	
00C0AC	Gambit Computer	
00C0AD	Marben Communication	
00C0AE	Towercom Co. Inc. Dba	
00C0AF	Teklogix	
00C0B0	Gcc	
00C0B1	Genius Net Co	
00C0B2	Norand	
00C0B3	Comstat Datacomm	
00C0B4	Myson	
00C0B5	Corporate	
00C0B6	HVE	
00C0B7	American Power	
00C0B8	Fraser'S Hill	
00C0B9	Funk Software	
00C0BA	Netvantage	
00C0BB	Forval Creative	
00C0BC	Telecom Australia/Cssc	
00C0BD	Inex	
00C0BE	Alcatel - Sel	
00C0BF	Technology Concepts	
00C0C0	Shore Microsystems	
00C0C1	Quad/Graphics	
00C0C2	Infinite	
00C0C3	Acuson Computed	
00C0C4	Computer Operational	
00C0C5	Sid Informatica	
00C0C6	Personal Media	
00C0C7	Sparktrum Microsystems	
00C0C8	Micro Byte	
00C0C9	Elsag Bailey Process	
00C0CA	Alfa	
00C0CB	Control	
00C0CC	Telesciences Co	
00C0CD	Comelta	
00C0CE	Cei Systems &	Smart Home
00C0CF	Imatran Voima Oy	
00C0D0	Ratoc System	
00C0D1	Comtree	
00C0D2	Syntellect	
00C0D3	Olympus Image	
00C0D4	Axon	
00C0D5	Werbeagentur Jürgen	
00C0D6	J1	
00C0D7	Taiwan Trading Center	
00C0D8	Universal Data	
00C0D9	Quinte Network	
00C0DA	Nice	
00C0DB	Ipc Corporation (Pte)	
00C0DC	Eos	
00C0DD	QLogic	
00C0DE	Zcomm	
00C0DF	KYE	
00C0E0	Dsc Communication	
00C0E1	Sonic Solutions	
00C0E2	Calcomp	
00C0E3	Ositech	
00C0E4	Siemens Building	
00C0E5	Gespac	
00C0E6	Verilink	
00C0E7	Fiberdata Ab	
00C0E8	Plexcom	Media Player
00C0E9	Oak Solutions	
00C0EA	Array	
00C0EB	Seh Computertechnik	
00C0EC	Dauphin	
00C0ED	Us Army Electronic	
00C0EE	KYOCERA Display	Printer
00C0EF	Abit	
00C0F0	Kingston	
00C0F1	Shinko Electric	
00C0F2	Lantronix	
00C0F3	Network	
00C0F4	Interlink System	Router
00C0F5	Metacomp	
00C0F6	Celan	
00C0F7	Engage Communication	
00C0F8	About Computing	
00C0F9	Artesyn Embedded	
00C0FA	Canary	
00C0FB	Advanced	
00C0FC	Elastic Reality	
00C0FD	Prosum	
00C0FE	Aptec Computer	
00C0FF	Seagate Cloud	Storage
00C14F	DDL Co,.ltd	
00C164	Cisco	Router
00C1B1	Cisco	Router
00C28F	Allied Telesis K.K	Switch
00C2C6	Intel Corporate	Computer
00C30A	Xiaomi	Phone
00C343	E-T-A Circuit Breakers	
00C3F4	Samsung	Phone
00C52C	Juniper	Router
00C585	Apple	Phone
00C5DB	Datatech Sistemas	
00C610	Apple	Phone
00C711	Itel Mobile Limited	
00C84E	Hewlett Packard	Computer
00C88B	Cisco	Router
00C896	Cig Shanghai	
00CAE0	Guangdong Oppo Mobile	Phone
00CAE5	Cisco	Router
00CB00	Private	
00CB51	Sagemcom Broadband SAS	Storage
00CB7A	Vantiva USA	
00CBB4	Shenzhen Ateko	
00CBBD	Cambridge Broadband	
00CC05	Huawei	Phone
00CC34	Juniper	Router
00CC3F	Universal	
00CCFC	Cisco	Router
00CD90	MAS Elektronik	
00CDFE	Apple	Phone
00CE30	Express LUCK Industrial	
00CF1C	Communication Machinery	
00CFC0	China Mobile Group	
00D000	Ferran Scientific	
00D001	Vst	
00D002	Ditech	
00D003	Comda Enterprises	
00D004	Pentacom	
00D005	Zhs	
00D006	Cisco	Router
00D007	Mic Associates	
00D008	Mactell	
00D009	Hsing Tech. Enterprise	
00D00A	Lanaccess Telecom	
00D00B	Rhk	
00D00C	Snijder Micro	
00D00D	Micromeritics Instrument	
00D00E	Pluris	
00D00F	Speech Design	
00D010	Convergent	
00D011	Prism Video	
00D012	Gateworks	
00D013	Primex Aerospace	
00D014	Root	
00D015	Univex Microtechnology	
00D016	Scm Microsystems	
00D017	Syntech Information	
00D018	Qwes. Com	
00D019	Dainippon Screen	
00D01A	Urmet Tlc S.P.A	
00D01B	Mimaki Engineering	Smart Home
00D01C	Sbs	
00D01D	Furuno Electric	
00D01E	Pingtel	
00D01F	Senetas	
00D020	Aim System	
00D021	Regent	
00D022	Incredible	
00D023	Infortrend	
00D024	Cognex	
00D025	Xrosstech	
00D026	Hirschmann Austria	
00D027	Applied Automation	
00D028	Harmonic	
00D029	Wakefern Food	
00D02A	Voxent	
00D02B	Jetcell	
00D02C	Campbell Scientific	
00D02D	Resideo	
00D02E	Communication Automation	
00D02F	Vlsi	
00D030	Safetran	
00D031	Industrial Logic	
00D032	Yano Electric	
00D033	Dalian Daxian	
00D034	Ormec	
00D035	Behavior Tech. Computer	
00D036	Technology Atlanta	
00D037	Commscope	
00D038	Fivemere	
00D039	Utilicom	
00D03A	Zoneworx	
00D03B	Vision Products	
00D03C	Vieo	
00D03D	Galileo	
00D03E	Rocketchips	
00D03F	American Communication	
00D040	Sysmate	
00D041	Amigo	
00D042	Mahlo Gmbh & Co. Ug	
00D043	Zonal Retail Data	
00D044	Alidian	
00D045	Kvaser Ab	
00D046	Dolby Laboratories	
00D047	Xn	
00D048	Ecton	
00D049	Impresstek	
00D04A	Presence	
00D04B	La Cie	
00D04C	Eseye Design	
00D04D	Div Of Research &	
00D04E	Logibag	
00D04F	Bitronics	
00D050	Iskratel d.o.o	
00D051	O2 Micro	
00D052	Ascend	
00D053	Connected	
00D054	Sas Institute	
00D055	Kathrein-Werke	
00D056	Somat	
00D057	Ultrak	
00D058	Cisco	Router
00D059	Ambit Microsystems	
00D05A	Symbionics	
00D05B	Acroloop Motion Control	
00D05C	KATHREIN TechnoTrend	
00D05D	Intelliworxx	
00D05E	Stratabeam	
00D05F	Valcom	
00D060	Panasonic Europe	
00D061	Tremon Enterprises	
00D062	Digigram	
00D063	Cisco	Router
00D064	Multitel	
00D065	Toko Electric	
00D066	Wintriss Engineering	Smart Home
00D067	Campio	
00D068	Iwill	
00D069	Technologic	
00D06A	Linkup	
00D06B	Sr Telecom	
00D06C	Sharewave	
00D06D	Acrison	
00D06E	Trendview Recorders	
00D06F	Kmc Controls	
00D070	Long Well	
00D071	Echelon	
00D072	Broadlogic	
00D073	Acn Advanced	
00D074	Taqua	
00D075	Alaris Medical	Medical
00D076	Bank of America	
00D077	Lucent	
00D078	Eltex of Sweden AB	
00D079	Cisco	Router
00D07A	Amaquest Computer	
00D07B	Comcam	
00D07C	Jtekt	
00D07D	Cosine	
00D07E	Keycorp	
00D07F	Strategy & Technology,	
00D080	Exabyte	
00D081	RTD Embedded	
00D082	Iowave	
00D083	Invertex	
00D084	Nexcomm	
00D085	Otis Elevator	
00D086	Foveon	
00D087	Microfirst	
00D088	Commscope	
00D089	Dynacolor	
00D08A	Photron Usa	
00D08B	ADVA Optical Networking	
00D08C	Genoa	
00D08D	Phoenix	
00D08E	Grass Valley, A Belden	
00D08F	Ardent	
00D090	Cisco	Router
00D091	Smartsan	
00D092	Glenayre Western	Media Player
00D093	Tq - Components	
00D094	Seeion Control	
00D095	Alcatel-Lucent	VoIP
00D096	3Com Europe	Switch
00D097	Cisco	Router
00D098	Photon Dynamics Canada	
00D099	Elcard Wireless Systems	
00D09A	Filanet	
00D09B	Spectel	
00D09C	Kapadia	
00D09D	Veris	
00D09E	2Wire	
00D09F	Novtek Test	
00D0A0	Mips Denmark	
00D0A1	Oskar Vierling Gmbh + Co	
00D0A2	Integrated Device	
00D0A3	Vocal Data	
00D0A4	Alantro	
00D0A5	American Arium	
00D0A6	Lanbird	
00D0A7	Tokyo Sokki Kenkyujo	
00D0A8	Network Engines	
00D0A9	Shinano Kenshi	
00D0AA	Chase	
00D0AB	Deltakabel Telecom Cv	
00D0AC	Commscope	
00D0AD	Tl	
00D0AE	Oresis	
00D0AF	Cutler-Hammer	
00D0B0	Bitswitch	Switch
00D0B1	Omega	
00D0B2	Xiotech	
00D0B3	DRS Technologies Canada	
00D0B4	Katsujima	
00D0B5	IPricot formerly DotCom	
00D0B6	Crescent	
00D0B7	Intel	Computer
00D0B8	Iomega	
00D0B9	Microtek	
00D0BA	Cisco	Router
00D0BB	Cisco	Router
00D0BC	Cisco	Router
00D0BD	Lattice Semiconductor	
00D0BE	Emutec	
00D0BF	Pivotal	
00D0C0	Cisco	Router
00D0C1	Harmonic Data	
00D0C2	Balthazar Technology Ab	
00D0C3	Vivid Technology Pte	
00D0C4	Teratech	
00D0C5	Computational	
00D0C6	Thomas & Betts	
00D0C7	Pathway	
00D0C8	Prevas A/S	
00D0C9	Advantech	Industrial
00D0CA	Intrinsyc Software	
00D0CB	Dasan	
00D0CC	Technologies Lyre	
00D0CD	Atan	
00D0CE	TASKING	
00D0CF	Moreton Bay	
00D0D0	Zhongxing Telecom	
00D0D1	Sycamore	
00D0D2	Epilog	
00D0D3	Cisco	Router
00D0D4	V-Bits	
00D0D5	Grundig	
00D0D6	Aethra Telecomunicazioni	
00D0D7	B2C2	
00D0D8	3Com	Switch
00D0D9	Dedicated Microcomputers	
00D0DA	Taicom Data	
00D0DB	Mcquay	
00D0DC	Modular Mining	
00D0DD	Sunrise Telecom	
00D0DE	Philips Multimedia	
00D0DF	Kuzumi	Appliance
00D0E0	Dooin Electronics Co	
00D0E1	Avionitek Israel	
00D0E2	Mrt Micro	
00D0E3	Ele-Chem Engineering	Smart Home
00D0E4	Cisco	Router
00D0E5	Solidum	
00D0E6	Ibond	
00D0E7	Vcon Telecommunication	
00D0E8	Mac System	
00D0E9	Advantage Century	
00D0EA	Nextone	
00D0EB	Lightera	
00D0EC	NAKAYO	
00D0ED	Xiox	
00D0EE	Dictaphone	
00D0EF	Igt	
00D0F0	Convision	
00D0F1	Sega Enterprises	
00D0F2	Monterey	
00D0F3	Solari Di Udine Spa	
00D0F4	Carinthian Tech	
00D0F5	Orange Micro	
00D0F6	Nokia	
00D0F7	Next Nets	
00D0F8	Fujian Star Terminal	
00D0F9	Acute	
00D0FA	Thales e-Security	
00D0FB	Tek Microsystems,	
00D0FC	Granite Microsystems	
00D0FD	Optima Tele.Com	
00D0FE	Astral Point	
00D0FF	Cisco	Router
00D11C	Acetel	
00D279	Vingroup Joint Stock	
00D2B1	TPV Display Technology	
00D318	SPG Controls	
00D38D	Hotel Technology Next	
00D49E	Intel Corporate	Computer
00D598	Bopel Mobile Technology	
00D626	Mist	Access Point
00D632	GE Energy	
00D6CB	Quectel Wireless	
00D6FE	Cisco	Router
00D76D	Intel Corporate	Computer
00D78F	Cisco	Router
00D861	Micro-Star INTL	
00D8A2	Huawei Device	Phone
00D9D1	Sony Interactive	Gaming
00DA27	Palo Alto	Router
00DA55	Cisco	Router
00DB1E	Albedo Telecom SL	
00DB45	Thamway	
00DB70	Apple	Phone
00DBDF	Intel Corporate	Computer
00DCB2	Extreme	Switch
00DD00	Ungermann-Bass	
00DD01	Ungermann-Bass	
00DD02	Ungermann-Bass	
00DD03	Ungermann-Bass	
00DD04	Ungermann-Bass	
00DD05	Ungermann-Bass	
00DD06	Ungermann-Bass	
00DD07	Ungermann-Bass	
00DD08	Ungermann-Bass	
00DD09	Ungermann-Bass	
00DD0A	Ungermann-Bass	
00DD0B	Ungermann-Bass	
00DD0C	Ungermann-Bass	
00DD0D	Ungermann-Bass	
00DD0E	Ungermann-Bass	
00DD0F	Ungermann-Bass	
00DD25	Shenzhen hechengdong	
00DDB6	New H3C	
00DEFB	Cisco	Router
00DF1D	Cisco	Router
00E000	Fujitsu Limited	
00E001	Strand Lighting Limited	
00E002	Crossroads	
00E003	Nokia Wireless Business	
00E004	Pmc-Sierra	
00E005	Technical	
00E006	Silicon Integrated Sys	
00E007	Avaya ECS	VoIP
00E008	Amazing Controls!	
00E009	Stratus	
00E00A	Diba	
00E00B	Rooftop	
00E00C	Motorola	Phone
00E00D	Radiant	
00E00E	Avalon Imaging	
00E00F	Shanghai Baud Data	
00E010	HESS SB-AUTOMATENBAU	
00E011	Uniden	
00E012	Pluto	
00E013	Eastern Electronic	
00E014	Cisco	Router
00E015	Heiwa	
00E016	Rapid City	
00E017	EXXACT	
00E018	ASUSTek COMPUTER	Computer
00E019	Ing. Giordano	
00E01A	Comtec	
00E01B	Sphere	
00E01C	CradlePoint	
00E01D	WebTV	
00E01E	Cisco	Router
00E01F	AVIDIA	
00E020	Tecnomen Oy	
00E021	Freegate	
00E022	Analog Devices	
00E023	Telrad	
00E024	Gadzoox	
00E025	dit	
00E026	Redlake MASD	
00E027	Dux	
00E028	Aptix	
00E029	Standard Microsystems	
00E02A	Tandberg Television As	TV
00E02B	Extreme	Switch
00E02C	Ast Computer	
00E02D	InnoMediaLogic	
00E02E	Spc	
00E02F	Mcns Holdings, L.P	
00E030	Melita	
00E031	Hagiwara Electric	
00E032	Misys Financial	
00E033	E.E.P.D	
00E034	Cisco	Router
00E035	Artesyn Embedded	
00E036	Pioneer	
00E037	Century	
00E038	Proxima	
00E039	Paradyne	
00E03A	Cabletron	
00E03B	Prominet	
00E03C	AdvanSys	
00E03D	Focon Electronic	
00E03E	Alfatech	
00E03F	Jaton	
00E040	DeskStation	
00E041	Cspi	
00E042	Pacom	
00E043	VitalCom	
00E044	Lsics	
00E045	Touchwave	
00E046	Bently Nevada	
00E047	InFocus	
00E048	Sdl	
00E049	MICROWI ELECTRONIC	
00E04A	ZX	
00E04B	JUMP INDUSTRIELLE	
00E04C	Realtek Semiconductor	
00E04D	Internet Initiative	
00E04E	Sanyo Denki	
00E04F	Cisco	Router
00E050	Executone Information	
00E051	Talx	
00E052	Brocade	Switch
00E053	Cellport	
00E054	Kodai Hitec	
00E055	Ingenieria Electronica	
00E056	Holontech	
00E057	Han Microtelecom	
00E058	Phase One Denmark A/S	
00E059	Controlled Environments	
00E05A	Galea Network Security	
00E05B	West End	
00E05C	PHC	
00E05D	Unitec	
00E05E	Japan Aviation	
00E05F	e-Net	
00E060	Sherwood	
00E061	EdgePoint	
00E062	Host Engineering	Smart Home
00E063	Cabletron	
00E064	Samsung	Phone
00E065	Optical Access	
00E066	ProMax	
00E067	eac	
00E068	Merrimac	
00E069	Jaycor	
00E06A	Kapsch	
00E06B	W&G Special Products	
00E06C	Ultra Electronics	
00E06D	Compuware	
00E06E	FAR SYSTEMS S.p.A	
00E06F	Commscope	
00E070	Dh	
00E071	Epis Microcomputer	
00E072	Lynk	
00E073	National Amusement	
00E074	Tiernan	
00E075	Verilink	
00E076	Development Concepts	
00E077	Webgear	
00E078	Berkeley	
00E079	A.T.N.R	
00E07A	Mikrodidakt Ab	
00E07B	Bay	
00E07C	Mettler-Toledo	
00E07D	Netronix	
00E07E	Walt Disney Imagineering	Smart Home
00E07F	LOGISTISTEM s.r.l	
00E080	Control Resources	
00E081	Tyan Computer	
00E082	Anerma	
00E083	Jato	
00E084	Compulite R&D	
00E085	Global Maintech	
00E086	Emerson Network Power,	
00E087	LeCroy - Networking	
00E088	LTX-Credence	
00E089	ION	
00E08A	Gec Avery	
00E08B	QLogic	
00E08C	Neoparadigm	
00E08D	Pressure	
00E08E	Utstarcom	
00E08F	Cisco	Router
00E090	Beckman Lab. Automation	
00E091	LG	Phone
00E092	Admtek Incorporated	
00E093	Ackfin	
00E094	Osai	
00E095	Advanced-Vision	
00E096	Shimadzu	
00E097	Carrier Access	Thermostat
00E098	AboCom	
00E099	Samson	
00E09A	Positron	
00E09B	Engage	
00E09C	Mii	
00E09D	Sarnoff	
00E09E	Quantum	
00E09F	Pixel Vision	
00E0A0	Wiltron Co	
00E0A1	HIMA PAUL HILDEBRANDT	
00E0A2	Microslate	
00E0A3	Cisco	Router
00E0A4	ESAOTE S.p.A	
00E0A5	ComCore Semiconductor	
00E0A6	Telogy	
00E0A7	Ipc Information	
00E0A8	SAT GmbH & Co	
00E0A9	Funai Electric	
00E0AA	Electrosonic	
00E0AB	Dimat	
00E0AC	Midsco	
00E0AD	Brandywine	
00E0AE	Xaqti	
00E0AF	General Dynamics	
00E0B0	Cisco	Router
00E0B1	Alcatel-Lucent	VoIP
00E0B2	Telmax	
00E0B3	EtherWAN	
00E0B4	Techno Scope	
00E0B5	Ardent	
00E0B6	Entrada	
00E0B7	Cosworth	
00E0B8	Gateway 2000	
00E0B9	Byas	
00E0BA	BERGHOF	
00E0BB	Nbx	
00E0BC	Symon	
00E0BD	Interface	
00E0BE	Genroco	
00E0BF	Torrent Networking	
00E0C0	Seiwa Electric Mfg	
00E0C1	Memorex Telex Japan	
00E0C2	NECSY S.p.A	
00E0C3	Sakai System Development	
00E0C4	Horner Electric	
00E0C5	Bcom	
00E0C6	Link2It, L.L.C	
00E0C7	Eurotech	
00E0C8	Virtual Access	
00E0C9	AutomatedLogic	
00E0CA	Best Data Products	
00E0CB	Reson	
00E0CC	Hero	
00E0CD	Saab Sensis	
00E0CE	Arn	
00E0CF	Integrated Device	
00E0D0	Netspeed	
00E0D1	Telsis Limited	
00E0D2	Versanet	
00E0D3	DATENTECHNIK	
00E0D4	Excellent Computer	
00E0D5	Emulex	
00E0D6	Computer &	
00E0D7	Sunshine	
00E0D8	LANBit Computer	
00E0D9	Tazmo	
00E0DA	Alcatel-Lucent	VoIP
00E0DB	ViaVideo	
00E0DC	Nexware	
00E0DD	Zenith	
00E0DE	Datax Nv	
00E0DF	Zhone	
00E0E0	Si	
00E0E1	G2	
00E0E2	Innova	
00E0E3	Sk-Elektronik	
00E0E4	FANUC ROBOTICS NORTH	Industrial
00E0E5	Cinco	
00E0E6	INCAA Computers	
00E0E7	Raytheon E-Systems	
00E0E8	GRETACODER Data	
00E0E9	Data	
00E0EA	Innovat	
00E0EB	Digicom Systems,	
00E0EC	Celestica	
00E0ED	Silicom	
00E0EE	Marel Hf	
00E0EF	Dionex	
00E0F0	Abler	
00E0F1	That	
00E0F2	Arlotto Comnet	Camera
00E0F3	WebSprint	
00E0F4	INSIDE Technology A/S	
00E0F5	Teles	
00E0F6	Decision Europe	
00E0F7	Cisco	Router
00E0F8	Dicna Control Ab	
00E0F9	Cisco	Router
00E0FA	Trl	
00E0FB	Leightronix	
00E0FC	Huawei	Phone
00E0FD	A-Trend	
00E0FE	Cisco	Router
00E0FF	SECURITY DYNAMICS	
00E12F	Huawei	Phone
00E16D	Cisco	Router
00E175	AK-Systems	
00E18C	Intel Corporate	Computer
00E22C	China Mobile Group	
00E3B2	Samsung	Phone
00E400	Sichuan Changhong	
00E406	Huawei	Phone
00E421	Sony Interactive	Gaming
00E5E4	Sichuan Tianyi Comheart	
00E5F1	Buffalo.Inc	Storage
00E607	Aurcore	
00E60E	Extreme	Switch
00E63A	Ruckus Wireless	Router
00E666	ARIMA	
00E6D3	Nixdorf Computer	
00E6E8	Netzin Technology	
00E7E3	zte	Phone
00E8AB	Meggitt Training	
00E93A	AzureWave	
00EABD	Cisco	Router
00EB2D	Sony	
00EBD5	Cisco	Router
00EBD8	Mercusys	
00EC0A	Xiaomi	Phone
00EDB8	KYOCERA	Printer
00EE01	Enablers Solucoes e	
00EEAB	Cisco	Router
00EEBD	HTC	
00F051	KWB	
00F22C	Shanghai B-star	
00F28B	Cisco	Router
00F361	Amazon	
00F39F	Apple	Phone
00F3DB	WOO Sports	
00F403	Orbis Systems Oy	
00F46F	Samsung	Phone
00F48D	Liteon	
00F4B9	Apple	Phone
00F5FD	Huawei	Phone
00F620	Google	
00F663	Cisco	Router
00F76F	Apple	Phone
00F7AD	Huawei	Phone
00F81C	Huawei	Phone
00F82C	Cisco	Router
00F860	PT. Panggung Electric	
00F871	Demant A/S	
00F8CC	Sagemcom Broadband SAS	Storage
00F952	Huawei	Phone
00FA21	Samsung	Phone
00FA3B	Cloos Electronic	
00FAB6	Kontakt Micro-Location	
00FADE	Motorola Mobility LLC,	Phone
00FBF9	Axiado	
00FC58	WebSilicon	
00FC70	Intrepid Control	
00FC8B	Amazon	
00FC8D	Hitron	
00FCBA	Cisco	Router
00FD22	Cisco	Router
00FD45	Hewlett Packard	Computer
00FD4C	Nevatec	
00FEC8	Cisco	Router
00FFD1	Cooperative Linux	
020701	Racal-Datacom	
021C7C	Perq	
026086	Logic Replacement	
02608C	3Com	Switch
027001	Racal-Datacom	
0270B0	M/A-Com Inc. Companies	
0270B3	Data Recall	
029D8E	Cardiac Recorders	
02AA3C	Olivetti Telecomm Spa	
02BB01	Octothorpe	
02C08C	3Com	Switch
02CF1C	Communication Machinery	
02E6D3	Nixdorf Computer	
040067	Stanley Black & Decker	
04006E	Google	
0401A1	Fortinet	Router
0401BB	Tecno Mobile Limited	
04021F	Huawei	Phone
0402CA	Shenzhen Vtsonic	
040312	Hangzhou Hikvision	Camera
0403D6	Nintendo	Gaming
0404B8	China Hualu Panasonic	
0404EA	Valens Semiconductor	
0405DD	Shenzhen Cultraview	
04072E	VTech	
040973	Hewlett Packard	Computer
040986	Arcadyan	
0409A5	HFR	
040A83	Alcatel-Lucent	VoIP
040AE0	Xmit Ag Computer	
040CCE	Apple	Phone
040D84	Silicon Laboratories	
040E3C	HP	Computer
040EC2	ViewSonic Mobile China	
040F66	TP-Link	Router
04106B	Xiaomi	Phone
041119	IEEE Registration	
04137A	Apple	Phone
041471	Huawei	Phone
041552	Apple	Phone
0415D9	Viwone	
04174C	Nanjing SCIYON Wisdom	
0417B6	Smart Innovation	
04180F	Samsung	Phone
041892	Huawei	Phone
0418B6	Private	
0418D6	Ubiquiti	Router
04197F	Grasphere Japan	
041A04	WaveIP	
041B6D	LG Electronics (Mobile	Phone
041B94	Host Mobility AB	
041BBA	Samsung	Phone
041C6C	Intel Corporate	Computer
041CDB	Siba Service	
041D10	Dream Ware	
041DC7	zte	Phone
041E64	Apple	Phone
041E7A	DSPWorks	
041EFA	BISSELL Homecare	
041FB8	vivo Mobile	Phone
042084	zte	Phone
04208A	浙江路川科技有限公司	
04209A	Panasonic Corporation	
042144	Sunitec Enterprise	
04214C	Insight Energy Ventures	
042234	Wireless Standard	
0422E7	Fiberhome	
042322	Texas Instruments	IoT
0423A3	Mellanox	Switch
042405	Guangdong Oppo Mobile	Phone
0425C5	Huawei	Phone
0425E0	Taicang T&W	
0425E8	Texas Instruments	IoT
0425F0	Nokia	
042605	Bosch Building	Automotive
042665	Apple	Phone
042728	Microsoft	Computer
042758	Huawei	Phone
04292E	Samsung	Phone
042AE2	Cisco	Router
042B58	Shenzhen Hanzsung	
042BBB	PicoCELA	
042DAD	Areus	
042DB4	First Property	
042EC1	Apple	Phone
042F56	ATOCS (Shenzhen)	
0430FA	Cisco	Router
043110	Inspur	Server
043201	Broadcom Limited	
0432F4	Partron	
04331F	Huawei Device	Phone
043385	Nanchang BlackShark	
043389	Huawei	Phone
0433C2	Intel Corporate	Computer
0434C3	Qingdao Goertek	
0434CF	Apple	Phone
0434F6	Motorola (Wuhan)	Phone
04359B	WuLu	
043604	Gyeyoung I&T	
0436B8	I&C	
043855	Scopus International Pvt	
0438DC	China Unicom Online	
043926	China Dragon Technology	
0439CB	Qingdao HaierTechnology	Appliance
043A0D	SM Optics S.r.l	
043CE8	Shenzhen SuperElectron	
043D6E	Nokia	
043D98	ChongQing QingJia	
043F72	Mellanox	Switch
0440A9	New H3C	
044169	GoPro	Camera
0441A5	Apple	Phone
04421A	ASUSTek COMPUTER	Computer
0443FD	Sichuan Tianyi Comheart	
0444A1	Telecon Galicia	
044562	ANDRA Sp. z o. o	
0445A1	NIRIT- Xinwei Telecom	
044665	Murata Manufacturing	Smart Home
0446CF	Beijing Venustech	
044707	Texas Instruments	IoT
04472A	Palo Alto	Router
0447CA	Gree Electric	
04489A	Apple	Phone
04495D	Huawei Device	Phone
044A50	Ramaxel Technology	
044A69	Shenzhen Phaten	
044A6A	niliwi nanjing big data	
044A6C	Huawei	Phone
044AC6	Aipon	
044BA5	Shenzhen Mercury	
044BB1	Huawei Device	Phone
044BED	Apple	Phone
044BFF	GuangZhou Hedy Digital	
044CEF	Fujian Sanao	
044E06	Ericsson AB	
044E5A	Commscope	
044EAF	LG Innotek	
044F17	HUMAX	
044F4C	Huawei	Phone
044F7A	China Mobile Group	
044F8B	Adapteva	
044FAA	Ruckus Wireless	Router
0450DA	Qiku Internet Network	
045170	Zhongshan K-mate General	
0452C7	Bose	Audio
0452F3	Apple	Phone
0453D5	Sysorex Global	
045453	Apple	Phone
0455B2	Huaqin	
0455B8	Huawei	Phone
0455CA	BriView (Xiamen)	
045604	Gionee Communication	
045665	Nokia Shanghai Bell	
0456E5	Intel Corporate	Computer
04572F	Sertel Electronics UK	
045747	GoPro	Camera
045791	Shenzhenshi Xinzhongxin	
04585D	IEEE Registration	
04586F	Sichuan Whayer	
045A3D	Nothing Technology	
045A95	Nokia	
045C06	Zmodo	
045C6C	Juniper	Router
045C8E	gosund	
045D4B	Sony	
045D56	camtron industrial	
045E0A	Shenzhen Transchan	
045EA4	Netis	
045FA6	Shenzhen SDMC	
045FA7	Shenzhen Yichen	
045FB9	Cisco	Router
046169	Media Global Links	
046273	Cisco	Router
0462D7	Alstom Hydro France	
0463D0	Huawei Device	Phone
0463E0	Nome Oy	
0464FA	Dell	Computer
046565	Testop	
046761	Beijing Xiaomi Mobile	Phone
046785	scemtec Hard- und	
046865	Apple	Phone
046874	Cloud Network	
04698F	Juniper	Router
0469F8	Apple	Phone
046B1B	SYSDINE	
046B25	Sichuan Tianyi Comheart	
046C59	Intel Corporate	Computer
046C9D	Cisco	Router
046D42	Bryston	
046E02	OpenRTLS	
046E49	TaiYear Electronic	
046ECB	zte	Phone
046F00	LG	Phone
047056	Arcadyan	
0470BC	Globalstar	
04714B	IEEE Registration	
047153	Sernet (Suzhou)	
047295	Apple	Phone
0472EF	Apple	Phone
04749E	Huawei	Phone
0474A1	Aligera Equipamentos	
047503	Huawei	Phone
0475F5	Csst	
0475F9	Taicang T&W	
04766E	Alpsalpine Co,.Ltd	
0476B0	Cisco	Router
047863	Shanghai MXCHIP	
047970	Huawei	Phone
047975	Honor Device	Phone
0479B7	Texas Instruments	IoT
0479FD	Ciena	
047A0B	Beijing Xiaomi	Phone
047AAE	Huawei Device	Phone
047BCB	Universal Global	
047C16	Micro-Star INTL	
047D50	Shenzhen Kang Ying	
047D7B	Quanta Computer	Server
047E23	China Mobile IOT	
047E4A	moobox	
047F0E	Barrot	
04801A	Huawei Device	Phone
0480A7	ShenZhen TianGang Micro	
04819B	Sky Uk Limited	
0481AE	Clack	
048308	Espressif	IoT
04848A	7Inova Technology	
048680	Quectel Wireless	
048727	Silicon Laboratories	
04885F	Huawei	Phone
04888C	Eifelwerk Butler Systeme	
0488E2	Beats	
048A15	Avaya	VoIP
048AE1	Flextronics	Smart Home
048B42	Skspruce	
048C03	ThinPAD Technology	
048C16	Huawei	Phone
048C9A	Huawei Device	Phone
048D38	Netis	
048F00	Rong-Paisa	
049081	Pensando	
0490C0	Forvia	
049162	Microchip	IoT
049226	ASUSTek COMPUTER	Computer
0492EE	iway	
04946B	Tecno Mobile Limited	
0494A1	Catch The Wind	
0494E9	FAXedge	
049573	zte	Phone
0495E6	Tenda Technology	
049645	Wuxi Sky Chip	
049790	Lartech telecom	
04981C	Ningbo Zhixiang	
0498F3	Alpsalpine Co,.Ltd	
0499B9	Apple	Phone
0499BB	Apple	Phone
0499E6	Shenzhen Yoostar	
049B9C	Eadingcore Intelligent	
049C62	BMT Medical Technology	Medical
049D05	Apple	Phone
049DFE	Hivesystem	
049F06	Smobile	
049F15	Humane	
049F81	Netscout	
049FCA	Huawei	Phone
04A151	Netgear	Router
04A16F	IEEE Registration	
04A222	Arcadyan	
04A2F3	Fiberhome	
04A316	Texas Instruments	IoT
04A3F3	Emicon	
04A526	Nokia	
04A6C8	Intel Corporate	Computer
04A741	Cisco	Router
04A81C	Huawei	Phone
04A82A	Nokia	
04A85A	Sz Dji	
04A924	Mist	Access Point
04A959	New H3C	
04AAE1	Beijing Microvision	
04AB08	Shenzhen Skyworth	
04AB18	Elecom	
04AB6A	Chun-il	
04AC44	Holtek Semiconductor	
04AE47	Beijing Xiaomi Mobile	Phone
04AEC7	Marquardt	
04B066	Private	
04B0E7	Huawei	Phone
04B167	Xiaomi	Phone
04B1A1	Samsung	Phone
04B247	Espressif	IoT
04B3B6	Seamap (UK)	
04B3C9	WNC	
04B429	Samsung	Phone
04B466	BSP	
04B4FE	AVM Audiovisuelles	Automotive
04B5B2	Apple	Phone
04B5C1	Itel Mobile Limited	
04B648	Zenner	
04B6BE	Cig Shanghai	
04B86A	Sky Uk Limited	
04B97D	AiVIS Co., Itd	
04B9E3	Samsung	Phone
04BA1C	Huawei Device	Phone
04BA36	Li Seng	
04BA8D	Samsung	Phone
04BAD6	D-Link	Router
04BBF9	Pavilion Data	
04BC6D	Apple	Phone
04BC87	Shenzhen JustLink	
04BC9F	Calix	
04BD70	Huawei	Phone
04BD88	Hewlett Packard	Computer
04BD97	Cisco	Router
04BDBF	Samsung	Phone
04BE58	Huawei	Phone
04BF1B	Dell	Computer
04BF6D	Zyxel	Router
04BFA8	ISB	
04BFD5	Apple	Phone
04C05B	Tigo Energy	
04C06F	Huawei	Phone
04C09C	Tellabs	
04C103	Clover	
04C1B9	Fiberhome	
04C1D8	Huawei Device	Phone
04C23E	HTC	
04C241	Nokia	
04C29B	Aura Home	
04C3E6	IEEE Registration	
04C461	Murata Manufacturing	Smart Home
04C5A4	Cisco	Router
04C5CD	Mellanox	Switch
04C807	Xiaomi	Phone
04C845	TP-Link	Router
04C880	Samtec	
04C8B0	Google	
04C98B	IEEE Registration	
04C991	Phistek	
04C9D9	Dish	
04C9DE	Qingdao HaierTechnology	Appliance
04CA8D	Enfabrica	
04CAED	Huawei	Phone
04CB01	Samsung	Phone
04CB1D	Traka plc	
04CB88	Shenzhen Jingxun	
04CCBC	Huawei	Phone
04CD15	Silicon Laboratories	
04CDC0	Mist	Access Point
04CE09	Shenzhen Skyworth	
04CE14	Wilocity	
04CE7E	NXP France	IoT
04CED8	NXP Semiconductors	IoT
04CF25	Manycolors	
04CF4B	Intel Corporate	Computer
04CF8C	XIAOMI	Phone
04D13A	Xiaomi	Phone
04D168	Sunplus	
04D16E	IEEE Registration	
04D190	Kaon	
04D320	Itel Mobile Limited	
04D395	Motorola Mobility LLC,	Phone
04D3B0	Intel Corporate	Computer
04D3B5	Huawei Device	Phone
04D3CF	Apple	Phone
04D437	Znv	
04D442	Guangdong Genius	
04D4C4	ASUSTek COMPUTER	Computer
04D590	Fortinet	Router
04D60E	Funai Electric	
04D688	Cig Shanghai	
04D6AA	Samsung	Phone
04D6F4	GD Midea	Appliance
04D783	Y&H E&C	
04D7A5	New H3C	
04D921	Occuspace	
04D9C8	Hon Hai Precision	
04D9F5	ASUSTek COMPUTER	Computer
04DA28	Chongqing Zhouhai	
04DAD2	Cisco	Router
04DB56	Apple	Phone
04DB8A	Suntech	
04DBD9	Guangdong Oppo Mobile	Phone
04DD4C	Velocytech	
04DEDB	Rockport	
04DEF2	Shenzhen ECOM	
04DF69	Car Connectivity	
04E0B0	Shenzhen YOUHUA	
04E0C4	Triumph-Adler	
04E1C8	IMS Soluções em Energia	
04E229	Qingdao Haier	Appliance
04E2F8	AEP Ticketing solutions	
04E31A	Sagemcom Broadband SAS	Storage
04E387	Cisco	Router
04E3C8	Fujian Star-Net	
04E3E5	Silicon Laboratories	
04E451	Texas Instruments	IoT
04E4B6	Samsung	Phone
04E536	Apple	Phone
04E548	Cohda Wireless	
04E56E	THUB	
04E598	Xiaomi	Phone
04E662	Acroname	
04E676	AMPAK	
04E69E	Zhongguancun Xinhaizeyou	
04E77E	We	
04E795	Huawei	Phone
04E892	Shennan Circuits	
04E8B9	Intel Corporate	Computer
04E9E5	Pjrc.Com	
04EA56	Intel Corporate	Computer
04EB40	Cisco	Router
04ECBB	Fiberhome	
04ECD8	Intel Corporate	Computer
04ED33	Intel Corporate	Computer
04ED62	Daikin Europe NV	
04EE03	Texas Instruments	IoT
04EE91	x-fabric	
04EECD	Hangzhou Hikvision	Camera
04EEE8	IEEE Registration	
04EEEE	Laplace System	
04F021	Compex	
04F03E	Huawei Device	Phone
04F0E4	ShenZhen Hosecom	
04F0EE	Intel Corporate	Computer
04F128	HMD Global Oy	
04F13E	Apple	Phone
04F169	Huawei Device	Phone
04F17D	Tarana Wireless	
04F352	Huawei	Phone
04F41C	Routerboard.com	
04F4BC	Xena	
04F4D8	Hui Zhou Gaoshengda	
04F5F4	Proxim Wireless	
04F778	Sony Interactive	Gaming
04F7E4	Apple	Phone
04F8C2	Flaircomm	
04F8F8	Edgecore	
04F938	Huawei	Phone
04F993	Infinix mobility limited	
04F9D9	Speaker	
04F9F8	Tp-Link	Router
04FA3F	OptiCore	
04FA83	Qingdao Haier	Appliance
04FB66	Ericsson AB	
04FDE8	Technoalpin	
04FE31	Samsung	Phone
04FE7F	Cisco	Router
04FE8D	Huawei	Phone
04FEA1	Fihonest communication	Smart Home
04FF08	Huawei Device	Phone
04FF51	Novamedia Innovision	
080001	Computervision	
080002	Bridge	
080003	Advanced Computer	
080004	Cromemco Incorporated	Storage
080005	Symbolics	
080006	Siemens	Industrial
080007	Apple	Phone
080008	Bolt Beranek And Newman	
080009	Hewlett Packard	Computer
08000A	Nestar Systems	Smart Home
08000B	Unisys	
08000C	Miklyn Development Co	
08000D	International Computers	
08000E	Ncr	
08000F	Mitel	VoIP
080011	Tektronix	
080012	Bell Atlantic	
080013	Exxon	
080014	Excelan	
080015	Stc Business	
080016	Barrister Info Sys	Modem
080017	National Semiconductor	
080018	Pirelli Focom	
080019	General Electric	
08001A	Tiara/ 10Net	
08001B	Dell EMC	Computer
08001C	Kdd-Kokusai Debnsin	
08001D	Able	
08001E	Apollo Computer	
08001F	Sharp	TV
080020	Oracle	
080021	3M	
080022	Nbi	
080023	Panasonic	
080024	10Net Communications/Dca	
080025	Control Data	
080026	Norsk Data A.S	
080027	PCS Systemtechnik	
080028	Texas Instruments	IoT
080029	Megatek	
08002A	Mosaic	
08002B	Digital Equipment	
08002C	Britton Lee	
08002D	Lan-Tec	
08002E	Metaphor Computer	
08002F	Prime Computer	
080030	Network Research	
080031	Little Machines	
080032	Tigan Incorporated	
080033	Bausch & Lomb	
080034	Filenet	
080035	Microfive	
080036	Intergraph	
080037	FUJIFILM Business	
080038	Bull S.A.S	
080039	Spider Systems Limited	
08003A	Orcatech	
08003B	Torus Systems Limited	
08003C	Schlumberger Well	
08003D	Cadnetix Corporations	
08003E	Codex	
08003F	Fred Koschara	
080040	Ferranti Computer Sys.	
080041	Racal-Milgo Information	
080042	MACNICA	
080043	Pixel Computer	
080044	David	
080045	Concurrent Computer	
080046	Sony	
080047	Sequent Computer	
080048	Eurotherm Gauging	
080049	Univation	
08004A	Banyan	
08004B	Planning Research	
08004C	Hydra Computer	
08004D	Corvus	
08004E	3Com Europe	Switch
08004F	Cygnet	
080050	Daisy	
080051	ExperData	
080052	Insystec	
080053	Middle East Tech.	
080055	Stanford Telecomm	
080056	Stanford Linear Accel.	
080057	Evans & Sutherland	
080058	Systems Concepts	
080059	A/S Mycron	
08005A	IBM	
08005B	Vta	
08005C	Four Phase	
08005D	Gould	
08005E	Counterpoint Computer	
08005F	Saber	
080060	Industrial Networking	
080061	Jarogate	
080062	General Dynamics	
080063	Plessey	
080064	Sitasys	
080065	Genrad	
080066	Agfa	
080067	ComDesign	
080068	Ridge Computers	
080069	Silicon Graphics	
08006A	At&T	
08006B	Accel	
08006C	Suntek Technology Int'L	
08006D	Whitechapel Computer	
08006E	Masscomp	
08006F	Philips Apeldoorn	
080070	Mitsubishi Precision	
080071	Matra (Dsie)	
080072	Xerox Corp Univ Grant	Printer
080073	Tecmar	
080074	Casio Computer	
080075	Dansk Data Electronik	
080076	Pc Lan	
080077	Tsl	
080078	Accell	
080079	The Droid Works	
08007A	Indata	
08007B	Sanyo Electric	
08007C	Vitalink	
08007E	Amalgamated	
08007F	Carnegie-Mellon	
080080	Aes Data	
080081	Astech	
080082	Veritas Software	
080083	Seiko Instruments	
080084	Tomen	
080085	Elxsi	
080086	Konica Minolta	Printer
080087	Xyplex	Media Player
080088	Brocade	Switch
080089	Kinetics	
08008A	PerfTech	
08008B	Pyramid	
08008C	Network Research	
08008D	Xyvision	
08008E	Tandem Computers	Storage
08008F	Chipcom	
080090	Sonoma	
08010F	Sichuan Tianyi Comheart	
080205	Huawei	Phone
08023C	Samsung	Phone
08028E	Netgear	Router
080299	HC	
080342	Palo Alto	Router
080371	Krg Corporate	
0804B4	Texas Instruments	IoT
080581	Roku	TV
0805CD	DongGuang EnMai	
0805E2	Juniper	Router
08085C	Luna Products	
0808C2	Samsung	Phone
0808EA	Amsc	
0809B6	Masimo	Medical
0809C7	Zhuhai Unitech Power	
080A4E	Planet Bingo® — 3rd	
080C0B	SysMik GmbH Dresden	
080CC9	Mission Technology	
080D84	GECO	
080EA8	Velex s.r.l	
080FE5	Cisco	Router
080FFA	Ksp	
081031	Lithiunal Energy	
081086	NEC Platforms	
081093	Samsung	Phone
08115E	Bitel	
081196	Intel Corporate	Computer
081287	Jiangxi Risound	
0812A5	Amazon	
081443	Unibrain	
08152F	Samsung Electronics	Phone
0815AE	China Mobile Group	
081605	Vodafone Italia S.p.A	
081651	Shenzhen Sea Star	
0816D5	Goertek	
0816E3	Huawei	Phone
081735	Cisco	Router
0817F4	IBM	
081814	Hewlett Packard	Computer
08181A	zte	Phone
08184C	A. S. Thomas	
0819A6	Huawei	Phone
081A1E	Shenzhen iComm	
081AFD	Huawei Device	Phone
081C6E	Xiaomi	Phone
081DC4	Thermo Fisher	
081DFB	Shanghai Mexon	
081F3F	WondaLink	
081F71	Tp-Link	Router
081FEB	BinCube	
081FF3	Cisco	Router
0820E7	Mellanox	Switch
0821EF	Samsung	Phone
0823B2	vivo Mobile	Phone
0823C6	Huawei	Phone
08240B	Apple	Phone
082522	Advansee	
082525	Xiaomi	Phone
082532	IEEE Registration	
082573	Apple	Phone
082697	Zyxel	Router
0826AE	IEEE Registration	
082719	APS systems/electronic	
08276B	Huawei Device	Phone
0827A8	Arcadyan	
0827CE	Nagano Keiki	
0827F0	Accton	
082802	Shenzhen Chuangwei-Rgb	
082AD0	SRD Innovations	
082CB0	Network Instruments	
082CB6	Apple	Phone
082CED	Technity Solutions	
082E36	Huawei Device	Phone
082E5F	Hewlett Packard	Computer
082FE9	Huawei	Phone
08306B	Palo Alto	Router
0830CE	Fiberhome	
08318B	Huawei	Phone
0831A4	Huawei Device	Phone
0833ED	Askey Computer	
08351B	Shenzhen Jialihua	
083571	CASwell	
08357D	Microsoft	Computer
0835B2	CoreEdge	
0836C9	Netgear	Router
08373D	Samsung	Phone
08379C	Topaz	
083869	Hong Kong AMobile	Computer
0838A5	Funkwerk plettac	
0838E6	Motorola (Wuhan)	Phone
083A2F	Guangzhou Juan	
083A38	New H3C	
083A5C	Junilab	
083A88	Universal Global	
083A8D	Espressif	IoT
083AB8	Shinoda Plasma	
083AF2	Espressif	IoT
083BC1	Hangzhou Hikvision	Camera
083BE9	New H3C	
083C03	IEEE Registration	
083D88	Samsung	Phone
083E0C	Commscope	
083E5D	Sagemcom Broadband SAS	Storage
083E8E	Hon Hai Precision Ind	
083F21	Motorola Mobility LLC,	Phone
083F3E	WSH	
083F76	Intellian	
083FBC	zte	Phone
084027	Gridstore	
0840F3	Tenda Technology	
084218	Asyril	
084296	Mobile Technology	
084473	zte	Phone
0845D1	Cisco	Router
084656	Veo-Labs	
08468B	Guangdong NanGuang	
0846C7	Fiberhome	
08474C	Nokia	
0847D0	Nokia Shanghai Bell	
08482C	Raycore Taiwan	
084857	Suteng Innovation	
084ACF	Guangdong Oppo Mobile	Phone
084B44	Robert Bosch	
084E1C	H2A	
084EBF	Sumitomo Electric	
084F0A	Huawei	Phone
084F44	GEW (EC)	
084F66	Shenzhen Skyworth	
084FA9	Cisco	Router
084FF9	Cisco	Router
085104	Huawei Device	Phone
085114	Qingdao Topscomm	
08512E	Orion Diagnostica Oy	
0851F2	Sagemcom Broadband SAS	Storage
085240	EbV Elektronikbau- und	
08524E	Shenzhen Fangcheng Baiyi	
085411	Hangzhou Hikvision	Camera
0854BB	Shenzhen Chuangwei-Rgb	
085531	Routerboard.com	
08569B	WiZ	
085700	Tp-Link	Router
0857FB	Amazon	
0858A5	Beijing Vrv Software	
085A11	D-Link	Router
085AE0	Recovision	
085B0E	Fortinet	Router
085BD6	Intel Corporate	Computer
085BDA	CliniCare	
085C1B	Huawei	Phone
085D53	Apple	Phone
085DDD	Mercury	
08606E	ASUSTek COMPUTER	Computer
086083	zte	Phone
086195	Rockwell Automation	Industrial
086202	Apple	Phone
086266	ASUSTek COMPUTER	Computer
086332	IEEE Registration	
086361	Huawei	Phone
08638A	Cisco	Router
086480	Black Sesame	
086518	Apple	Phone
0865F0	JM Zengge	
08661F	Palo Alto	Router
086698	Apple	Phone
08674E	Hisense broadband	TV
08688D	New H3C	
0868D0	Japan System Design	
0868EA	Eito	
086A0A	Askey Computer	
086A0B	Cisco Meraki	Router
086AC5	Intel Corporate	Computer
086AE5	Amazon	
086BD1	Shenzhen SuperElectron	
086BD7	Silicon Laboratories	
086D41	Apple	Phone
086DF2	Shenzhen MIMOWAVE	
086E9C	Huawei Device	Phone
086F48	Shenzhen iComm	
087045	Apple	Phone
087073	Huawei	Phone
08711C	Cisco Meraki	Router
087158	Hanshow	
087190	Intel Corporate	Computer
08736F	EM Microelectronic	
087402	Apple	Phone
087458	Fiberhome	
0874F6	Winterhalter Gastronom	
087572	Obelux Oy	
087618	ViTrox Technologies	
087671	Juniper	Router
087683	AltoBeam	
087695	Auto Industrial	
0876FF	Thomson Telecom Belgium	
087808	Samsung	Phone
08798C	Huawei	Phone
087999	AIM	
087A4C	Huawei	Phone
087B0F	Amazon	
087B12	Sagemcom Broadband SAS	Storage
087B87	Cisco	Router
087BAA	Svyazkomplektservice	
087C39	Amazon	
087C43	Huawei Device	Phone
087CBE	Quintic	
087D21	Altasec	
087D60	SAMJIN	
087E64	Vantiva USA	
087F98	vivo Mobile	Phone
088039	Cisco SPVTG	Router
0881B2	Logitech (China)	
0881BC	HongKong Ipro	
0881F4	Juniper	Router
088466	Novartis Pharma	
08849D	Amazon	
0884FB	Honor Device	Phone
08855B	Kontron Europe	
088620	Tecno Mobile Limited	
08863B	Belkin	
0887C6	Ingram Micro Services	
0887C7	Apple	Phone
088AF1	Mercusys	
088BC8	Google	
088C2C	Samsung	Phone
088DC8	Ryowa	
088E4F	SF Software Solutions	
088E90	Intel Corporate	Computer
088EDC	Apple	Phone
088F2C	Amber	
088FC3	Compal Information	
0890BA	Danlaw	
089115	Amazon	
0891A3	Amazon	
089204	Dell	Computer
089272	Espressif	IoT
089356	Huawei	Phone
0894EC	Huawei Device	Phone
0894EF	Wistron Infocomm	
08952A	Vantiva USA	
089536	Actiontec	
089542	Apple	Phone
0896AD	Cisco	Router
0896D7	AVM	
089707	Cisco	Router
089734	Hewlett Packard	Computer
089758	Shenzhen Strong Rising	
089798	Compal Information	
0899E8	KEMAS	
089AC7	zte	Phone
089B27	Gsd Viet Nam Technology	
089B4B	iKuai	
089BB9	Nokia Solutions and	
089BF1	eero	
089C74	Unionman	
089C86	Nokia Shanghai Bell	
089DF4	Intel Corporate	Computer
089E01	Quanta Computer	Server
089E08	Google	
089E84	Huawei	Phone
089F97	Leroy Automation	
08A12B	ShenZhen EZL	
08A136	Cloud Network	
08A189	Hangzhou Hikvision	Camera
08A5C8	Sunnovo International	
08A5DF	Samsung	Phone
08A6BC	Amazon	
08A6F7	Espressif	IoT
08A7C0	Vantiva USA	
08A842	Huawei Device	Phone
08A8A1	Cyclotronics Power	
08A95A	AzureWave	
08AA55	Motorola Mobility LLC,	Phone
08AA89	zte	Phone
08ACA5	Benu Video	
08ACC4	FMTech	
08AD0A	Espressif	IoT
08AED6	Samsung	Phone
08AF78	Totus Solutions	
08B055	Askey Computer	
08B0A7	Truebeyond	
08B258	Juniper	Router
08B2A3	Cynny Italia S.r.L	
08B339	Xiaomi	Phone
08B3AF	vivo Mobile	Phone
08B3D6	Huawei Device	Phone
08B49D	Tecno Mobile Limited	
08B4B1	Google	
08B4CF	Abicom	
08B4D2	Intel Corporate	Computer
08B61F	Espressif	IoT
08B657	AVM Audiovisuelles	Automotive
08B738	Lite-On Technogy	
08B7EC	Wireless Seismic	
08B8D0	Chipsea Technologies	
08B95F	Silicon Laboratories	
08BA22	Swaive	
08BA5F	Qingdao Hisense	TV
08BAB7	Ceragon	
08BB3C	Flextronics Tech.(Ind)	
08BBCC	AK-NORD EDV	
08BC20	Hangzhou Royal Cloud	
08BD43	Netgear	Router
08BE09	Astrol Electronic	
08BE77	Green	
08BEAC	Edimax	
08BFA0	Samsung	Phone
08BFB8	ASUSTek COMPUTER	Computer
08C021	Huawei	Phone
08C06C	Huawei Device	Phone
08C0EB	Mellanox	Switch
08C224	Amazon	
08C3B3	TCL King Electrical	Phone
08C5E1	Samsung	Phone
08C6B3	Qtech	
08C729	Apple	Phone
08C7B5	Apple	Phone
08C7F5	Vantiva Connected Home	
08C8C2	GN Audio A/S	Automotive
08CA45	Toyou Feiji	
08CBE5	R3 Solutions	
08CC27	Motorola Mobility LLC,	Phone
08CC68	Cisco	Router
08CC81	Hangzhou Hikvision	Camera
08CCA7	Cisco	Router
08CD9B	samtec automotive	
08CE94	EM Microelectronic	
08D01E	Juniper	Router
08D09F	Cisco	Router
08D0B7	Qingdao Hisense	TV
08D1F9	Espressif	IoT
08D23E	Intel Corporate	Computer
08D29A	Proformatique	
08D34B	Techman Electronics	
08D40C	Intel Corporate	Computer
08D42B	Samsung	Phone
08D46A	LG Electronics (Mobile	Phone
08D593	Texas Instruments	IoT
08D59D	Sagemcom Broadband SAS	Storage
08D5C0	Seers	
08D833	Shenzhen RF	
08D945	Huawei	Phone
08DA33	IEEE Registration	
08DD03	Guangdong Oppo Mobile	Phone
08DD82	Huawei	Phone
08DDEB	Silicon Laboratories	
08DF1F	Bose	Audio
08DFCB	Systrome	
08E021	Honor Device	Phone
08E342	Cear	
08E4DF	Shenzhen Sande Dacom	
08E5DA	Nanjing Fujitsu	
08E63B	zte	Phone
08E64B	Apple	Phone
08E672	Jebsee	
08E689	Apple	Phone
08E6C9	Business-intelligence	Computer
08E7E5	Huawei Device	Phone
08E84F	Huawei	Phone
08E9F6	AMPAK	
08EA40	Shenzhen Bilian	
08EA44	Extreme	Switch
08EB21	Intel Corporate	Computer
08EB29	Jiangsu Huitong	
08EB74	HUMAX	
08EBED	World Elite	
08EBF6	Huawei	Phone
08ECA9	Samsung	Phone
08ECF5	Cisco	Router
08ED02	IEEE Registration	
08ED9D	Tecno Mobile Limited	
08EDB9	Hon Hai Precision Ind	
08EDED	Zhejiang Dahua	Camera
08EE8B	Samsung	Phone
08EF3B	MCS Logic	
08EFAB	Sayme Wireless Sensor	
08F01E	eero	
08F0B6	Edifier	
08F1B3	Cisco Meraki	Router
08F1B7	Towerstream Corpration	
08F1EA	Hewlett Packard	Computer
08F2F4	Net One Partners	
08F3FB	Cisco	Router
08F458	Huawei Device	Phone
08F4AB	Apple	Phone
08F4F0	Cisco	Router
08F606	zte	Phone
08F69C	Apple	Phone
08F6F8	GET Engineering	Smart Home
08F728	GLOBO Multimedia Sp. z	
08F7E9	HRCP Research and	
08F80D	IEEE Registration	
08F8BC	Apple	Phone
08F97E	Cloud Network	
08F9E0	Espressif	IoT
08FA28	Huawei	Phone
08FA79	vivo Mobile	Phone
08FAE0	Fohhn Audio	Automotive
08FBEA	AMPAK	
08FC52	OpenXS	
08FC88	Samsung	Phone
08FD0E	Samsung	Phone
08FD52	Silicon Laboratories	
08FD58	Huawei	Phone
08FF24	Shenzhen Skyworth	
08FF44	Apple	Phone
0A2A33	Digistor	
0A35F2	Integrated Technical	
0A361C	Smardii	
0A58FB	Purple WiFi Limited	
0A8736	IEEE 1901 Working	
0A8E62	Delta Solutions	
0A9326	Qorvo	
0A9E66	Distance	
0AA23B	Vitex	
0AAB8C	Midwest Microwave	IoT
0ACD8F	Cisco Systems Norway	Router
0AD9C4	Craft Designs	
0AE471	Caterpillar	
0AE91B	PADL Software	
0AF99D	Fitipower Integrated	
0C014B	zte	Phone
0C01A5	zte	Phone
0C01C8	DENSO	Automotive
0C01DB	Infinix mobility limited	
0C0227	Vantiva USA	
0C025B	Microchip	IoT
0C02BD	Samsung	Phone
0C0400	Jantar d.o.o	
0C0535	Juniper	Router
0C07DF	Xiaomi	Phone
0C07F3	Huawei	Phone
0C08B4	HUMAX	
0C0ADF	Texas Instruments	IoT
0C0CEA	BLU Products	
0C0E76	D-Link	Router
0C0EC1	IEEE Registration	
0C0ECB	Huawei Device	Phone
0C0FD8	Gsd Viet Nam Technology	
0C1105	Akuvox (Xiamen)	
0C1167	Cisco	Router
0C1262	zte	Phone
0C130B	Uniqoteq	
0C1420	Samsung	Phone
0C14D2	China Mobile Group	
0C1539	Apple	Phone
0C1563	Apple	Phone
0C15C5	SDTEC	
0C166E	WirelessMobility	Smart Home
0C1773	Huawei Device	Phone
0C17F1	Telecsys	
0C184E	Huawei	Phone
0C191F	Inform Electronik	
0C19F8	Apple	Phone
0C1A10	Acoustic Stream	
0C1A61	Neox FZCO	
0C1B7B	Microsoft	Computer
0C1BCC	Iflytek	
0C1C19	Longconn	
0C1C1A	eero	
0C1C20	Kakao	
0C1C31	Mercusys	
0C1C57	Texas Instruments	IoT
0C1DAF	Xiaomi	Phone
0C1DC2	SeAH	
0C1EF7	Omni-ID	
0C2026	noax	
0C20D3	vivo Mobile	Phone
0C2138	Hengstler	
0C2369	Honeywell SPS	Industrial
0C238D	Huawei	Phone
0C2576	Longcheer	
0C2643	Cisco	Router
0C2724	Cisco	Router
0C2755	Valuable Techologies	Smart Home
0C2756	Rongcheeng Goer	
0C2779	New H3C	
0C298F	Tesla	Automotive
0C29EF	Dell	Computer
0C2A69	electric imp,	
0C2A6F	Silicon Laboratories	
0C2A86	Fiberhome	
0C2AE7	Beijing General	
0C2C54	Huawei	Phone
0C2C7C	Shenzhen Skyworth	
0C2D71	Apple	Phone
0C2D89	QiiQ	
0C2E57	Huawei	Phone
0C2FB0	Samsung	Phone
0C3021	Apple	Phone
0C31DC	Huawei	Phone
0C323A	Samsung	Phone
0C331B	TydenBrooks	
0C3526	Microsoft	Computer
0C354F	Nokia	
0C35FE	Fiberhome	
0C3623	Nokia Shanghai Bell	
0C3747	zte	Phone
0C3796	Bizlink	
0C37DC	Huawei	Phone
0C383E	Fanvil	VoIP
0C393D	eero	
0C3956	Observator instruments	
0C3AFA	New H3C	
0C3B50	Apple	Phone
0C3C65	Dome Imaging	
0C3CCD	Universal Global	
0C3D5E	Nanjing Qinheng	
0C3E9F	Apple	Phone
0C4101	Ruichi Auto Technology	
0C413E	Microsoft	Computer
0C41E9	Huawei	Phone
0C42A1	Mellanox	Switch
0C4314	Silicon Laboratories	
0C43F9	Amazon	
0C44C0	zte	Phone
0C45BA	Huawei	Phone
0C469D	MS Sedco	
0C473D	Hitron	
0C47A9	IEEE Registration	
0C47C9	Amazon	
0C4885	LG Electronics (Mobile	Phone
0C48C6	Celestica	
0C4933	Sichuan Jiuzhou	
0C4B48	Nokia	
0C4B54	Tp-Link	Router
0C4BEE	Texas Instruments	IoT
0C4C39	MitraStar	
0C4DE9	Apple	Phone
0C4EA0	Espressif	IoT
0C4EC0	Maxlinear	
0C4F5A	ASA-RT s.r.l	
0C4F9B	Huawei	Phone
0C5101	Apple	Phone
0C5141	NXP Semiconductors	IoT
0C517E	Apple	Phone
0C51F7	Chauvin Arnoux	
0C5203	Agm Group Limited	
0C527F	Check Point Software	
0C5331	ETH Zurich	
0C53B7	Apple	Phone
0C5415	Intel Corporate	Computer
0C5427	Dongguan Huayin	
0C54A5	Pegatron	
0C54B9	Nokia	
0C5521	Axiros	
0C565C	HyBroad Vision (Hong	
0C57EB	Mueller	
0C5842	DME Micro	
0C587B	Quectel Wireless	
0C599C	Juniper	Router
0C5A19	Axtion Sdn Bhd	
0C5A9E	Wi-SUN Alliance	
0C5CB5	IEEE Registration	
0C5CD8	DOLI Elektronik	
0C5F35	Niagara Video	
0C6046	vivo Mobile	Phone
0C6076	Hon Hai Precision Ind	
0C6111	Anda Technologies SAC	
0C6127	Actiontec	
0C61CF	Texas Instruments	IoT
0C61F9	Tozed Kangwei	
0C62A6	Hui Zhou Gaoshengda	
0C63FC	Nanjing Signway	
0C6422	Beijing Wiseasy	
0C659A	Panasonic Automotive	
0C6714	Sernet (Suzhou)	
0C6743	Huawei	Phone
0C6803	Cisco	Router
0C6825	Suzhou HYC	
0C6ABC	Fiberhome	
0C6AC4	Apple	Phone
0C6AE6	Stanley Security	
0C6E4F	PrimeVOLT	
0C6F8B	Apple	Phone
0C6F9C	Shaw	
0C7043	Sony Interactive	Gaming
0C704A	Huawei	Phone
0C715D	Samsung	Phone
0C7165	Motorola Mobility LLC,	Phone
0C718C	TCT mobile	
0C722C	Tp-Link	Router
0C7274	AVM Audiovisuelles	Automotive
0C72D9	zte	Phone
0C7329	Sercomm	
0C73BE	Dongguan Haimai	
0C73EB	IEEE Registration	
0C7474	Fiberhome	
0C74C2	Apple	Phone
0C7512	Shenzhen Kunlun TongTai	
0C7523	Beijing Gehua Catv	
0C756C	Anaren Microwave	
0C75BD	Cisco	Router
0C75D2	Hangzhou Hikvision	Camera
0C771A	Apple	Phone
0C7955	Hui Zhou Gaoshengda	
0C7A15	Intel Corporate	Computer
0C7BC8	Cisco Meraki	Router
0C7C28	Nokia Solutions and	
0C7D7C	Kexiang Information	
0C7DB0	Motorola Mobility LLC,	Phone
0C7E24	Garmin	Wearable
0C7FB2	Commscope	
0C7FED	IEEE Registration	
0C802F	Murata Manufacturing	Smart Home
0C8063	Tp-Link	Router
0C8112	Private	
0C8126	Juniper	Router
0C817D	EEP Elektro-Elektronik	
0C8230	Shenzhen Magnus	
0C8247	Cig Shanghai	
0C8268	Tp-Link	Router
0C826A	Wuhan Huagong Genuine	
0C82D5	Maxio Technology	
0C8306	Huawei Device	Phone
0C839A	Huawei Device	Phone
0C83CC	Alpha	
0C83F4	Canopy Works	
0C8408	Huawei	Phone
0C8411	A.O. Smith Water	
0C8447	Fiberhome	
0C8484	Zenovia	
0C84DC	Hon Hai Precision Ind	
0C8509	Shen Zhen Tenda	
0C8525	Cisco	Router
0C85E1	Apple	Phone
0C8610	Juniper	Router
0C8629	IEEE Registration	
0C86C7	Jabil Circuit	
0C8772	Fujian Star-Net	
0C882F	Frog Innovations Limited	
0C8832	Nokia Solutions and	
0C8910	Samsung	Phone
0C8A87	AgLogica	
0C8B7D	Vizio	TV
0C8B95	Espressif	IoT
0C8BA2	Huawei	Phone
0C8BD3	Itel Mobile Limited	
0C8BFD	Intel Corporate	Computer
0C8C24	Shenzhen Bilian	
0C8C69	Shenzhen elink smart	
0C8C8F	Kamo Technology Limited	
0C8CDC	Suunto Oy	Wearable
0C8D7A	RADiflow	
0C8D98	Top Eight Ind	
0C8DCA	Samsung	Phone
0C8DDB	Cisco Meraki	Router
0C8E29	Arcadyan	
0C8FFF	Huawei	Phone
0C9043	Realme Chongqing Mobile	Phone
0C9160	Hui Zhou Gaoshengda	
0C9192	Intel Corporate	Computer
0C924E	Rice Lake Weighing	
0C9301	PT. Prasimax Inovasi	
0C938F	Guangdong Oppo Mobile	Phone
0C93A5	eero	
0C93FB	BNS Solutions	
0C9505	The Chamberlain	
0C9515	Palltronics	
0C9541	Chipsea Technologies	
0C96BF	Huawei	Phone
0C96CD	Mercury	
0C96E6	Cloud Network	
0C975F	Hewlett Packard	Computer
0C979B	Fujian Star-Net	
0C9838	Xiaomi	Phone
0C9A3C	Intel Corporate	Computer
0C9A42	Fn-Link Technology	
0C9AE6	Sz Dji	
0C9B13	Shanghai Magic Mobile	
0C9B78	Extreme	Switch
0C9D56	Consort Controls	
0C9D92	ASUSTek COMPUTER	Computer
0C9E91	Sankosha	
0C9F71	Dolphin Electronics	
0CA06C	Industrial Cyber Sensing	
0CA138	BLiNQ	
0CA280	FN-LINK	
0CA2F4	Chameleon Technology	
0CA3B2	Apple	Phone
0CA402	Alcatel-Lucent IPD	VoIP
0CA42A	OB Telecom Electronic	
0CA64C	Hangzhou Ezviz Software	
0CA694	Sunitec Enterprise	
0CA8A7	Samsung	Phone
0CA94A	Shenzhen Skyworth	
0CAAEE	Ansjer	
0CAC05	Unitend	
0CAC8A	Sagemcom Broadband SAS	Storage
0CAE39	Intel Corporate	Computer
0CAE5F	Silicon Laboratories	
0CAE7D	Texas Instruments	IoT
0CAEBD	Edifier	
0CAF31	Cisco	Router
0CAF5A	Genus Power	
0CB088	AITelecom	
0CB2B7	Texas Instruments	IoT
0CB319	Samsung	Phone
0CB34F	Shenzhen Xiaoqi	
0CB459	Marketech	
0CB4A4	Xintai Automobile	
0CB4EF	Digience	
0CB527	Huawei	Phone
0CB5B3	Huawei Device	Phone
0CB5DE	Alcatel Lucent	VoIP
0CB6D2	D-Link	Router
0CB771	Commscope	
0CB787	Huawei	Phone
0CB789	Honor Device	Phone
0CB78E	Huawei Device	Phone
0CB815	Espressif	IoT
0CB8E8	Renesas Electronics	
0CB912	JM-DATA	
0CB937	Ubee Interactive Co.,	
0CB983	Honor Device	Phone
0CBC35	Netis	
0CBC9F	Apple	Phone
0CBD51	TCT mobile	
0CBD75	Guangdong Oppo Mobile	Phone
0CBEF1	Huawei Device	Phone
0CBF15	Genetec	
0CBF3F	Shenzhen Lencotion	
0CBF74	Morse Micro	
0CBFB4	IEEE Registration	
0CC0C0	Magneti Marelli	
0CC119	Shenzhen Phaten	
0CC3A7	Meritec	
0CC3B8	Shenzhen Jiahua Zhongli	
0CC413	Google	
0CC47A	Super Micro Computer	Server
0CC47E	EUCAST	
0CC56C	Apple	Phone
0CC574	FRITZ!	
0CC655	Wuxi YSTen	
0CC66A	Nokia	
0CC6AC	Dags	
0CC6CC	Huawei	Phone
0CC6FD	Xiaomi	Phone
0CC731	Currant	
0CC763	eero	
0CC81F	Summer Infant	
0CC844	Cambridge Mobile	
0CC98A	Intel Corporate	Computer
0CC9C6	Samwin Hong Kong Limited	
0CCAFB	TPVision Europe	
0CCB0C	iSYS RTS	
0CCB85	Motorola Mobility LLC,	Phone
0CCB8D	ASCO Numatics	
0CCC26	Airenetworks	
0CCC47	IEEE Registration	
0CCC5D	Apple	Phone
0CCDB4	Sichuan AI-Link	
0CCDD0	China Dragon Technology	
0CCDD3	Eastriver	
0CCDFB	EDIC	
0CCEF6	Guizhou Fortuneship	
0CCF89	Shenzhen Bilian	
0CCFD1	SPRINGWAVE	Smart Home
0CD0F8	Cisco	Router
0CD292	Intel Corporate	Computer
0CD2B5	Binatone	
0CD3A1	Monthly Kitchen	
0CD502	Westell	
0CD5D3	Cisco	Router
0CD696	Amimon	
0CD6BD	Huawei	Phone
0CD746	Apple	Phone
0CD7C2	Axium	
0CD86C	Shenzhen Fast	
0CD923	GOCLOUD Networks(GAOKE	
0CD996	Cisco	Router
0CD9C1	Visteon	
0CDA41	Hangzhou H3C	
0CDBEA	Apple	Phone
0CDC7E	Espressif	IoT
0CDC91	Amazon	
0CDCCC	Inala	
0CDD24	Intel Corporate	Computer
0CDDEF	Nokia	
0CDFA4	Samsung	Phone
0CE041	iDruide	
0CE0DC	Samsung	Phone
0CE0E4	Plantronics	
0CE0FC	Edgecore Americas	
0CE159	Shenzhen iStartek	
0CE441	Apple	Phone
0CE4A0	Huawei Device	Phone
0CE5A1	Apple	Phone
0CE5A3	SharkNinja	
0CE5B5	Huawei	Phone
0CE5D3	DH	
0CE623	Huawei Device	Phone
0CE67C	Realme Chongqing Mobile	Phone
0CE709	Sentyron	
0CE725	Microsoft	Computer
0CE82F	Bonfiglioli Vectron	
0CE936	ELIMOS	
0CE99A	Atls Altec	
0CEA14	Ubiquiti	Router
0CEAC9	Commscope	
0CEB25	Power Plus	
0CEC80	Texas Instruments	IoT
0CEC84	Shenzhen TINNO Mobile	
0CEC8D	Motorola Mobility LLC,	Phone
0CED71	Extreme	Switch
0CEDC8	Xiaomi	Phone
0CEE20	Fbc	
0CEE99	Amazon	
0CEEE6	Hon Hai Precision Ind	
0CEF15	TP-Link	Router
0CEF7C	AnaCom	
0CEFAF	IEEE Registration	
0CEFF6	Silicon Laboratories	
0CF019	Malgn	
0CF07B	Shenzhen Skyworth	
0CF0B4	Globalsat	
0CF2F5	Sichuan AI-Link	
0CF346	Xiaomi	Phone
0CF361	Java Information	
0CF3EE	EM Microelectronic	
0CF405	Beijing Signalway	
0CF475	Zliide Technologies ApS	
0CF4D5	Ruckus Wireless	Router
0CF5A4	Cisco	Router
0CF893	Commscope	
0CF9C0	Sky Uk Limited	
0CFA22	Flipper Devices	
0CFC18	Huawei	Phone
0CFC83	Airoha	
0CFD37	SUSE Linux	
0CFE45	Sony Interactive	Gaming
0CFE5D	IEEE Registration	
0CFE7B	Vantiva USA	
0CFEE5	Texas Instruments	IoT
100000	Private	
100020	Apple	Phone
10003B	Espressif	IoT
10005A	IBM	
1000E8	National Semiconductor	
1000FD	LaonPeople	
100177	Huawei	Phone
1001CA	Ashley Butterworth	
1002B5	Intel Corporate	Computer
1003CD	Calix	
1004C1	JD Cloud Computing	
100501	Pegatron	
1005B1	Commscope	
1005CA	Cisco	Router
1005E1	Nokia	
10061C	Espressif	IoT
100645	Sagemcom Broadband SAS	Storage
100648	IEEE Registration	
1006ED	Cisco	Router
10071D	Fiberhome	
100723	IEEE Registration	
1007B6	Samsung	Phone
10082C	Texas Instruments	IoT
1008B1	Hon Hai Precision Ind	
10090C	JANOME	
1009F9	Amazon	
100BA9	Intel Corporate	Computer
100C24	pomdevices	
100C29	Shenzhen NORCO	
100C6B	Netgear	Router
100D2F	Online Security	
100D32	Embedian	
100D7F	Netgear	Router
100D8C	Huawei Device	Phone
100E2B	NEC CASIO Mobile	
100E7E	Juniper	Router
100F18	Fu Gang	
101081	zte	Phone
1010B6	McCain	
101212	Vivo	Phone
101218	Korins	
101248	ITG	
101250	Integrated Device	
1012B4	Sichuan Tianyi Comheart	
1012D0	zte	Phone
1012FB	Hangzhou Hikvision	Camera
101331	Vantiva Technologies	
1013EE	Justec	
1015C1	Zhanzuo (Beijing)	
1016B1	Guangdong Oppo Mobile	Phone
101849	Weifang Goertek	
10189E	Elmo Motion Control	
101965	New H3C	
101988	Mother Computer	
101A92	Akebono Brake Industry	
101B54	Huawei	Phone
101C0C	Apple	Phone
101D51	8Mesh Networks Limited	
101D6E	Hewlett Packard	Computer
101DC0	Samsung	Phone
101EDA	Ingenico Terminals Sas	
101EF4	kiwimoore (Quzhou)	
101F74	Hewlett Packard	Computer
1020BA	Espressif	IoT
102279	ZeroDesktop	
102381	Barrot	
102407	Huawei	Phone
1025CE	ELKA - Torantriebe GmbH	
102779	Sadel S.p.A	
1027BE	Tvip	
1027F5	TP-Link	Router
102831	Morion	
102834	SALZ Automation	
102874	Shenzhen Jingxun	
102959	Apple	Phone
1029AB	Samsung	Phone
102AB3	Xiaomi	Phone
102B1C	Motorola Mobility LLC,	Phone
102B41	Samsung	Phone
102BAA	Sagemcom Broadband SAS	Storage
102C6B	AMPAK	
102C83	Ximea	
102C8D	GD Midea	Appliance
102CB1	Smart Innovation	
102CEF	EMU Electronic	
102D31	Shenzhen Americas	
102D41	Sichuan AI-Link	
102D96	Looxcie	
102E00	Intel Corporate	Computer
102EAF	Texas Instruments	IoT
102F6B	Microsoft	Computer
102F6E	Shenzhen Sundray	
102FA3	Shenzhen Uvision-tech	
102FCA	Apple	Phone
102FF8	Vicoretek (Nanjing)	
103025	Apple	Phone
103034	Cara	
103047	Samsung	Phone
103089	Resideo	
10321D	Huawei	Phone
10322C	Murata Manufacturing	Smart Home
10327E	Huawei Device	Phone
103378	FLECTRON	
1033BF	Vantiva USA	
10341B	Spacelink	
103597	Qorvo Utrecht	
10364A	Boston Dynamics	
1036AA	Vantiva - Connected Home	
103711	Norbit Its	
10381F	Sichuan AI-Link	
103917	Samsung	Phone
10394E	Hisense broadband	TV
1039E9	Juniper	Router
103A5D	Emerson	
103B54	Huawei	Phone
103B59	Samsung	Phone
103C59	zte	Phone
103D0A	Hui Zhou Gaoshengda	
103D1C	Intel Corporate	Computer
103D3E	China Mobile Group	
103DEA	HFC Technology	
103F44	Xiaomi	Phone
103F8C	New H3C	
1040F3	Apple	Phone
104121	Tellescom Industria E	
10417F	Apple	Phone
104210	Apple	Phone
104369	Soundmax Electronic	
104400	Huawei	Phone
10445A	Shaanxi Hitech	
1045BE	Norphonic AS	
1045F8	LNT-Automation	
1046B4	FormericaOE	
104738	Nokia Shanghai Bell	
104780	Huawei	Phone
1047E7	Shenzhen YOUHUA	
1048B1	Beijing Duokan	
10490E	Huawei	Phone
104963	Harting K.K	
104A7D	Intel Corporate	Computer
104B46	Mitsubishi Electric	
104C43	Fiberhome	
104D15	Viaanix	
104D77	Innovative Computer	Smart Home
104E07	Shanghai Genvision	
104E20	Hse Smart	
104E89	Garmin	Wearable
104F58	Hewlett Packard	Computer
104FA8	Sony	
105072	Sercomm	
105107	Intel Corporate	Computer
105172	Huawei	Phone
1051DB	Espressif	IoT
10521C	Espressif	IoT
1052BD	Huawei	Phone
105403	INTARSO	
1054D2	IEEE Registration	
1055E4	Shenzhen Skyworth	
105611	Commscope	
1056CA	Peplink	Router
105725	Cisco	Router
105887	Fiberhome	
105917	Tonal	
105932	Roku	TV
105A17	Tuya Smart	Smart Home
105A95	TP-Link	Router
105AF7	ADB Italia	
105BAD	Mega Well Limited	
105C3B	Perma-Pipe	
105CBF	DuroByte	
105DDC	Huawei Device	Phone
105EAE	New H3C	
105F02	Ruijie	
105F06	Actiontec	
105F49	Cisco SPVTG	Router
105F81	INTENTSECURE	
105FAD	Intel Corporate	Computer
105FD4	Tendyron	
10604B	Hewlett Packard	Computer
1062C9	Adatis GmbH & Co	
1062D0	Vantiva USA	
1062E5	Hewlett Packard	Computer
1062EB	D-Link	Router
10634B	Shenzhen Mercury	
1063A3	IEEE Registration	
1063C8	Liteon	
1064E2	ADFweb.com s.r.l	
106519	Shenzhen iComm	
106530	Dell	Computer
1065A3	Panamax	
1065CF	Iqsim	
106650	Robert Bosch JuP1	
10666A	Zabbly	Industrial
106682	NEC Platforms	
1067A3	Huawei	Phone
106838	AzureWave	
10683F	LG Electronics (Mobile	Phone
106F3F	Buffalo.Inc	Storage
106FD9	Cloud Network	
106FEF	Ad-Sol Nissin	
1070FD	Mellanox	Switch
107100	Huawei Device	Phone
1071B3	Zyxel	Router
1071F9	Cloud Telecomputers	
1071FA	Guangdong Oppo Mobile	Phone
107223	Tellescom Industria E	
1073C6	August Internet Limited	
1073EB	Infiniti Electro-Optics	
10746F	Motorola Solutions	Phone
1074C5	Calix	
107636	Earda	
10768A	EoCell	
107717	Shenzhen Chuangwei-Rgb	
1077B0	Fiberhome	
1077B1	Samsung	Phone
10785B	Actiontec	
107873	Shenzhen Jinkeyi	
1078CE	Hanvit SI	
1078D2	Elitegroup Computer	
107A2A	Microsoft	Computer
107A86	U&U Engineering	Smart Home
107B44	ASUSTek COMPUTER	Computer
107B93	Zhen Shi Information	
107BA4	Olive & Dove	
107BCE	Nokia	
107BEF	Zyxel	Router
107C61	ASUSTek COMPUTER	Computer
107D1A	Dell	Computer
107DC8	Apple	Phone
1081B4	Hunan Greatwall Galaxy	
10823D	Ruijie	
108286	Luxshare Precision	
1082D7	Realme Chongqing Mobile	Phone
108321	Yichip Microelectronics	
1083B4	Sidora	
1083D2	Microseven	
10868C	Commscope	
1086F4	Huawei Device	Phone
10880F	Daruma Telecomunicações	
1088CE	Fiberhome	
1088D3	Huawei	Phone
1089FB	Samsung	Phone
108A1B	RAONIX	
108A7B	Nokia	
108B6A	Antailiye	
108CCF	Cisco	Router
108EBA	Molekule	
108EE0	Samsung	Phone
108FFE	Huawei	Phone
10907D	Funshion Online	
1090FA	New H3C	
1090FC	Shenzhen DOOGEE Hengtong	
109166	Shenzhen Yinwang	
1091A8	Espressif	IoT
1091D1	Intel Corporate	Computer
109266	Samsung	Phone
109327	GIGA-BYTE TECHNOLOGY CO	Computer
109397	Commscope	
1093C9	Kingsignal	
1093E9	Apple	Phone
109497	Logitech Hong Kong	
1094BB	Apple	Phone
1094EF	Huawei	Phone
10954B	Megabyte	
10961A	Chipsea Technologies	
10961D	NXP USA	IoT
109693	Amazon	
1096C6	Cisco	Router
1097BD	Espressif	IoT
109819	Dell	Computer
109826	Nokia	
109836	Dell	Computer
10985F	Inventus Power	
1098C3	Murata Manufacturing	Smart Home
109AB9	Tosibox Oy	
109ABA	Intel Corporate	Computer
109ADD	Apple	Phone
109C70	Prusa Research s.r.o	
109D7A	Huawei Device	Phone
109D9C	EM Microelectronic	
109E3A	Zhejiang Tmall	
109E6B	Apple	Phone
109F41	Apple	Phone
109F47	Shenzhen Skyworth	
109F4F	New H3C Intelligence	
109FA9	Actiontec	
10A13B	Fujikura Rubber	
10A145	nexzo india pvt	
10A1DA	Apple	Phone
10A24E	Gold3Link	
10A2D3	Apple	Phone
10A30F	Huawei	Phone
10A3B8	Iskratel d.o.o	
10A450	Kwikset	
10A4B9	Baidu Online Network	
10A4BE	Shenzhen Bilian	
10A4C9	Apple	Phone
10A4DA	Huawei	Phone
10A51D	Intel Corporate	Computer
10A562	Iton	
10A5D0	Murata Manufacturing	Smart Home
10A659	Mobile Create	
10A743	SK Mtek Limited	
10A793	Vantiva USA	
10A829	Cisco	Router
10A879	Intel Corporate	Computer
10A932	Beijing Cyber Cloud	
10ABC9	Samsung	Phone
10AE60	Amazon	
10AEA5	Duskrise	
10AF78	Shenzhen ATUE	
10B06E	Shenzhen Phaten	
10B1DF	Cloud Network	
10B1F8	Huawei	Phone
10B232	Qingdao	
10B26B	base	
10B36F	Bowei Technology	
10B3C6	Cisco	Router
10B3D5	Cisco	Router
10B3D6	Cisco	Router
10B41D	Espressif	IoT
10B588	Apple	Phone
10B65E	New H3C	
10B676	HP	Computer
10B713	Private	
10B7A8	CableFree Networks	
10B7F6	Plastoform	
10B9C4	Apple	Phone
10B9F7	Niko-Servodan	
10B9FE	Lika	
10BA1A	SHENZHEN IK WORLD	
10BAA5	Gana I&C	
10BBF3	Hunan Fn-Link	
10BC36	Huawei Device	Phone
10BC97	vivo Mobile	Phone
10BD18	Cisco	Router
10BD3A	Apple	Phone
10BD43	Robert Bosch	
10BD55	Q-Lab	
10BDA3	Espressif	IoT
10BE99	Netberg	
10BEF5	D-Link	Router
10BF48	ASUSTek COMPUTER	Computer
10BF67	Amazon	
10C07C	Blu-ray Disc Association	
10C0D5	HOLOEYE Photonics	
10C172	Huawei	Phone
10C197	Xiaomi	Phone
10C22F	China Entropy	
10C25A	Vantiva USA	
10C2BA	UTT	
10C34D	Shenzhen Water World	
10C37B	ASUSTek COMPUTER	Computer
10C3AB	Huawei	Phone
10C4CA	HUMAX	
10C586	Bio Sound	
10C595	Lenovo	Computer
10C5FA	Zyxel	Router
10C60C	Domino UK	
10C61F	Huawei	Phone
10C65E	Adapt-IP	
10C67E	Shenzhen Juchin	
10C6FC	Garmin	Wearable
10C735	Microsoft	Computer
10C73F	Midas Klark Teknik	
10C753	Qingdao	
10C9CA	Ace	
10CA81	Precia	
10CABF	Texas Instruments	IoT
10CB33	NXP Semiconductors	IoT
10CC1B	Liverock	
10CCDB	Aximum Produits	
10CD54	Huawei	Phone
10CD6E	Fisys	
10CDAE	Avaya	VoIP
10CDB6	Essential Products	
10CE02	Amazon	
10CE45	Miromico	
10CEA9	Texas Instruments	IoT
10CEE9	Apple	Phone
10CF0F	Apple	Phone
10D07A	AMPAK	
10D0AB	zte	Phone
10D1DC	INSTAR Deutschland	
10D38A	Samsung	Phone
10D542	Samsung	Phone
10D561	Tuya Smart	Smart Home
10D657	Siemens Industrial	
10D680	Tendyron	
10D7B0	Sagemcom Broadband SAS	Storage
10D8B1	AUO	
10D8CC	Guangzhou FiiO	
10D9A2	Google	
10DA43	Netgear	Router
10DA49	Huawei Device	Phone
10DA63	Apple	Phone
10DC4A	Fiberhome	
10DCB6	IEEE Registration	
10DDB1	Apple	Phone
10DDF4	Maxway	
10DEE4	automationNEXT	
10DF8B	Shenzhen CareDear	
10DFFC	Siemens	Industrial
10E177	Commscope	
10E18E	Universal Global	
10E2C9	Apple	Phone
10E2D5	Qi Hardware	
10E376	Cisco	Router
10E3C7	Seohwa Telecom	
10E4AF	Apr	
10E4C2	Samsung	Phone
10E66B	Kaon Broadband	
10E676	Cisco	Router
10E68F	Kwangsung Electronics	
10E6AE	Source	
10E77A	STMicrolectronics	IoT
10E7C6	Hewlett Packard	Computer
10E83A	Fiberx Distribuidora De	
10E840	Zowee Technology(Heyuan)	
10E864	Nucode	
10E878	Nokia	
10E8A7	WNC	
10E8EE	PhaseSpace	
10E953	Huawei Device	Phone
10E992	Ingram Micro Services	
10EA59	Cisco SPVTG	Router
10EC81	Samsung	Phone
10EDC8	NXP Semiconductors	IoT
10EED9	Canoga Perkins	
10F005	Intel Corporate	Computer
10F068	Ruckus Wireless	Router
10F163	Tnk	
10F1C7	Tachyon	
10F1F2	LG Electronics (Mobile	Phone
10F311	Cisco	Router
10F3DB	Gridco	
10F49A	T3 Innovation	
10F605	Realme Chongqing Mobile	Phone
10F60A	Intel Corporate	Computer
10F681	vivo Mobile	Phone
10F920	Cisco	Router
10F96F	LG Electronics (Mobile	Phone
10F9EB	Industria Fueguina de	
10F9EE	Nokia	
10FACE	Reacheng Communication	
10FBF0	KangSheng	
10FC33	Huawei Device	Phone
10FC54	Shany Electronic	
10FCB6	mirusystems	
10FEED	Tp-Link	Router
10FFE0	Giga-Byte	Computer
1100AA	Private	
111111	Private	
140020	LongSung Technology	
14007D	zte	Phone
1400E9	Mitel	VoIP
140152	Samsung	Phone
14019C	Ubyon	
1402EC	Hewlett Packard	Computer
140338	Huawei	Phone
140467	SNK	
140589	Motorola Mobility LLC,	Phone
14064C	Vogl Electronic	
1406A7	Cresyn	
140708	Cp Plus Gmbh & Co	
1407E0	Abrantix	
140805	Sky Uk Limited	
140808	Espressif	IoT
1409B4	zte	Phone
1409DC	Huawei	Phone
140A02	Shenzhen Bilian	
140A29	Tiinlab	
140AC5	Amazon	
140B9E	Samsung	Phone
140C5B	PLNetworks	
140C76	Freebox Sas	
140D4F	Flextronics	
140F42	Nokia	
140FA6	Renesas Electronics	
14109F	Apple	Phone
141114	Tecno Mobile Limited	
14115D	Skyworth Digital	
14130B	Garmin	Wearable
141330	Anakreon UK	
141333	AzureWave	
141346	Skyworth Digital	
141357	ATP	
1413FB	Huawei	Phone
141416	Hui Zhou Gaoshengda	
14144B	Ruijie	
141459	Vodafone Italia S.p.A	
14147D	Apple	Phone
1414E6	Ningbo Sanhe Digital	
14157C	Tokyo Cosmos Electric	
14169D	Cisco	Router
14169E	Wingtech Group	
14172A	Fiberhome	
141826	Nokia	
141844	Xenon Smart Teknoloji	
141877	Dell	Computer
1418C3	Intel Corporate	Computer
141923	Cisco	Router
141973	Beijing Yunyi Times	
141A51	Treetech Sistemas	
141A97	Apple	Phone
141AA3	Motorola Mobility LLC,	Phone
141AAA	Metal Work SpA	
141B30	Shenzhen Yipingfang	
141BA0	Apple	Phone
141BBD	Volex	
141BF0	Intellimedia	
141F78	Samsung	Phone
141FBA	IEEE Registration	
142004	zte	Phone
14205E	Apple	Phone
142103	Calix	
142233	Fiberhome	
14223B	Google	
1422DB	eero	
14230A	Huawei	Phone
1423D7	Eutronix	
1423F2	Broadcom Limited	
1423F3	Broadcom Limited	
142475	4DReplay	
142876	Apple	Phone
142882	Midicom	
142971	Nemoa Electronics (Hk)	
142A14	ShenZhen Selenview	
142B2F	Espressif	IoT
142BD2	Armtel	
142BD6	Guangdong Appscomm	
142C78	GooWi Wireless	
142D27	Hon Hai Precision Ind	
142D41	Silicon Laboratories	
142D4D	Apple	Phone
142D79	Fiberhome	
142D8B	Incipio	
142DF5	Amphitech	
142E43	Hisense broadband	TV
142E5E	Sercomm	
142FFD	Lt Security	
143004	Huawei	Phone
14307A	Avermetrics	
1430C6	Motorola Mobility LLC,	Phone
1432D1	Samsung	Phone
14335C	Espressif	IoT
143365	TEM Mobile Limited	
143375	Zyxel	Router
1434F6	Lv Solution Sdn. Bhd	
14358B	Mediabridge Products	
1435B3	Future Designs	
1435B7	Apple	Phone
143605	Nokia	
14360E	Zyxel	Router
1436C6	Lenovo Mobile	Computer
143719	PT Prakarsa Visi	
14373B	PROCOM	
14375E	Symbotic	
1438FA	Motorola Mobility LLC,	Phone
14392F	Lear	
143A9A	Hon Hai Precision	
143AEA	Dynapower	
143B42	Realfit(Shenzhen)	
143B51	Huawei Device	Phone
143CC3	Huawei	Phone
143DF2	Beijing Shidai Hongyuan	
143E60	Nokia	
143EBF	zte	Phone
143EC2	Intel Corporate	Computer
143F27	Noccela Oy	
143FA6	Sony Home	
143FC3	SnapAV	
144146	Honeywell (China)	Industrial
1441E2	Monaco Enterprises	
1442FC	Texas Instruments	IoT
144319	Creative&Link	
14444A	Apollo Seiko	
14448F	Edgecore	
144658	Huawei	Phone
1446E4	Avistel	
14472D	Guangdong Oppo Mobile	Phone
144802	THE YEOLRIM	
14488B	Shenzhen Doov	
144920	Huawei	Phone
144978	Digital Control	
1449BC	DrayTek	Router
1449C5	Huawei Device	Phone
1449D4	Xiaomi	Phone
1449E0	Samsung	Phone
144C1A	Max Communication	
144CFF	Grandstream	VoIP
144D67	Zioncom Electronics	
144E2A	Ciena	
144E34	Remote Solution	
144F8A	Intel Corporate	Computer
144FD7	IEEE Registration	
144FF0	NXP Semiconductors	IoT
145051	SHARP	TV
145120	Huawei Device	Phone
14517E	New H3C	
145290	KNS Group LLC (YADRO	
145412	Entis	
145594	Huawei Device	Phone
1455B9	Nokia Solutions and	
14563A	Huawei Device	Phone
145645	Savitech	
14568E	Samsung	Phone
145790	Qingdao Haier	Appliance
14579F	Huawei	Phone
145808	Taicang T&W	
1458D0	Hewlett Packard	Computer
1459C0	Netgear	Router
1459C3	Creative Chips	
145A05	Apple	Phone
145A41	Cloud Network	
145A83	Logi-D	
145AFC	Liteon	
145BB9	ConMet	
145BD1	Commscope	
145BE1	nyantec	
145D34	Shenzhen Bilian	
145E45	Bamboo	
145E69	Guangdong Oppo Mobile	Phone
145EBC	Huawei	Phone
145F94	Huawei	Phone
146080	zte	Phone
1460CB	Apple	Phone
146102	Alps Alpine	
14612F	Avaya	VoIP
1461A4	Honor Device	Phone
146308	Jabil Circuit (Shanghai)	
146393	Espressif	IoT
14656A	Huawei	Phone
1466B7	Advanced Design	
1469A2	Sichuan Tianyi Comheart	
146A0B	Cypress Electronics	
146B72	Shenzhen Fortune Ship	
146B9A	zte	Phone
146B9C	Shenzhen Bilian	
146C27	Dongguan Liesheng	
146E0A	Private	
147057	Shennan Circuits	
147373	Tubitak Uekae	
147411	Rim	
14755B	Intel Corporate	Computer
147590	Tp-Link	Router
1475E5	ELMAX	
147649	Hewlett Packard	Computer
147740	Huawei Device	Phone
14780B	Varex Imaging	
147830	NVIDIA	Computer
1479F3	China Mobile Group	
147AE4	Apple	Phone
147BAC	Nokia	
147D05	Sercomm Philippines	
147DB3	Joa Telecom.Co	
147DC5	Murata Manufacturing	Smart Home
147DDA	Apple	Phone
147E19	Hewlett Packard	Computer
147EA1	Britania Eletrônicos	
147F0F	Texas Instruments	IoT
147F67	LG Innotek	
147FCE	Apple	Phone
14801F	Sunnovo International	
1480CC	Quectel Wireless	
148121	TOP WING	
14825B	Hefei Radio	
148430	Mitac Computing	
148473	Cisco	Router
148477	New H3C	
148501	Rivos	
148509	Apple	Phone
148554	Earda	
14857F	Intel Corporate	Computer
148692	Tp-Link	Router
14876A	Apple	Phone
1488E6	Apple	Phone
148919	2bps	
14893E	Vixtel Technologies	
1489CB	Huawei	Phone
1489FD	Samsung	Phone
148A70	ADS	
148C4A	Huawei	Phone
148F21	Garmin	Wearable
148F34	Tecno Mobile Limited	
148F79	Apple	Phone
148FC6	Apple	Phone
14907A	Beijing Xiaomi Mobile	Phone
149090	KongTop industrial(shen	
149138	Amazon	
149182	Belkin	
1492F9	Sichuan AI-Link	
149346	PNI sensor	
14942F	Usys	
149448	Blu Castle	
14946C	Apple	Phone
149569	Shenzhen iComm	
1495CE	Apple	Phone
14962D	New H3C	
1496E5	Samsung	Phone
149877	Apple	Phone
14987D	Vantiva USA	
14993E	Xiaomi	Phone
1499E2	Apple	Phone
149A10	Microsoft	Computer
149AA3	Huawei	Phone
149B2F	JiangSu ZhongXie	
149BD7	Muli Muwai Furniture	
149BF3	Guangdong Oppo Mobile	Phone
149CEF	Texas Instruments	IoT
149D09	Huawei	Phone
149D99	Apple	Phone
149E5D	JSC "IB Reform	
149ECF	Dell	Computer
149F3C	Samsung	Phone
149F43	Cisco Meraki	Router
149FB6	Guangdong Genius	
149FE8	Lenovo Mobile	Computer
14A0F8	Huawei	Phone
14A1BF	ASSA ABLOY Korea Co.,	
14A1DF	China Mobile Group	
14A2A0	Cisco	Router
14A32F	Huawei Device	Phone
14A364	Samsung	Phone
14A3B4	Huawei Device	Phone
14A417	Shenzhen Belon	
14A454	Mist	Access Point
14A51A	Huawei	Phone
14A62C	S.M. Dezac	
14A72B	currentoptronics Pvt.Ltd	
14A78B	Zhejiang Dahua	Camera
14A86B	ShenZhen Telacom	
14A9D0	F5	
14A9E3	Mst	
14AB02	Huawei	Phone
14AB56	Wuxi Funide Digital	
14ABC5	Intel Corporate	Computer
14ABEC	Hewlett Packard	Computer
14ABF0	Commscope	
14AC60	Cloud Network	
14ADCA	China Mobile Iot Limited	
14AE68	KLG Smartec	
14AE85	IEEE Registration	
14AEDB	VTech Telecommunications	
14AEE0	Ethernexion	
14B126	Industrial Software Co	
14B1C8	InfiniWing	
14B2E5	Shenzhen iComm	
14B31F	Dell	Computer
14B370	Gigaset Digital	
14B3A1	Juniper	Router
14B457	Silicon Laboratories	
14B484	Samsung	Phone
14B5CD	Liteon	
14B6EB	CJ intelligent	
14B73D	ARCHEAN	
14B7F8	Vantiva USA	
14B837	Shenzhen YOUHUA	
14B903	Huawei	Phone
14B968	Huawei	Phone
14BAAF	BKS	
14BB6E	Samsung	Phone
14BC68	Cisco	Router
14BD61	Apple	Phone
14BEFC	Nanjing Jiahao	
14C03E	Commscope	
14C050	Guangdong Genius	
14C089	Dune Hd	
14C0A1	UCloud	
14C126	Nokia	
14C14E	Google	
14C19F	Espressif	IoT
14C1FF	ShenZhen QianHai Comlan	
14C213	Apple	Phone
14C21D	Sabtech	
14C24D	Atw	
14C35E	FibRSol Global Network	
14C3C2	K.A. Schmersal GmbH & Co	
14C67D	Vizio	TV
14C697	Guangdong Oppo Mobile	Phone
14C7C4	Zyxel	Router
14C88B	Apple	Phone
14C913	LG	Phone
14C9CF	Sigmastar	
14CA56	zte	Phone
14CAA0	Hu&Co	
14CB19	HP	Computer
14CB49	Habolink	
14CB65	Microsoft	Computer
14CC20	Tp-Link	Router
14CCB3	Ao "Gk Nateks	
14CF8D	Ohsung	
14CF92	Tp-Link	Router
14CFE2	Commscope	
14D00D	Apple	Phone
14D11F	Huawei	Phone
14D169	Huawei	Phone
14D19E	Apple	Phone
14D1D4	Huawei Device	Phone
14D424	AzureWave	
14D4FE	Commscope	
14D537	All Inspire Health	
14D5C6	slash dev slash agents	
14D64D	D-Link	Router
14D67C	Uncord Technologies	
14D725	Barrot	
14D76E	CONCH ELECTRONIC	
14D864	Tp-Link	Router
14D881	Beijing Xiaomi Mobile	Phone
14DAB9	Huawei Device	Phone
14DAE9	ASUSTek COMPUTER	Computer
14DB85	S Net Media	
14DC51	Xiamen Cheerzing IOT	
14DCE2	THALES AVS France	
14DD02	Liangang Optoelectronic	
14DD48	Shield AI	
14DD9C	vivo Mobile	Phone
14DDA9	ASUSTek COMPUTER	Computer
14DDE5	Mpmkvvcl	
14DE39	Huawei Device	Phone
14E01D	Samsung	Phone
14E1C9	Silicon Laboratories	
14E22A	Cisco	Router
14E289	Abietec	
14E4EC	mLogic	
14E602	Shenzhen EMTEK Storage	
14E6E4	Tp-Link	Router
14E7C8	Integrated Device	
14E9B2	Fiberhome	
14EA63	Hui Zhou Gaoshengda	
14EAA1	Micronet union	
14EB03	Shenzhen Ip-Com	
14EB08	Huawei	Phone
14EB33	BSMediasoft	
14EBB6	TP-Link	Router
14EDA5	Wächter GmbH	
14EDBB	2Wire	
14EDE4	Kaiam	
14EE9D	AirNav	
14EFCF	Schreder	
14F0C5	Xtremio	
14F287	Apple	Phone
14F28E	ShenYang ZhongKe-Allwin	
14F42A	Samsung	Phone
14F592	Shenzhen SDG DONZHI	
14F5F9	Hunan Fn-Link	
14F65A	Xiaomi	Phone
14F6D8	Intel Corporate	Computer
14F893	Wuhan FiberHome Digital	
14FB70	Huawei Device	Phone
14FEAF	Sagittar Limited	
14FEB5	Dell	Computer
18002D	Sony	
1800DB	Fitbit	Wearable
18017D	Harbin Arteor	
1801E3	Bittium Wireless	
1801F1	Xiaomi	Phone
18022D	Huawei	Phone
1802AE	vivo Mobile	Phone
180373	Dell	Computer
1803FA	IBT Interfaces	
180403	vivo Mobile	Phone
1804ED	Texas Instruments	IoT
180675	Dilax Intelcom	
1806F5	RAD Data	
1806FF	Acer Computer(Shanghai)	Computer
180712	Shenzhen Dazoo	
180B1B	Amazon	
180B52	Nanotron	
180BD0	Huawei	Phone
180C14	iSonea Limited	
180C77	Westinghouse Electric	
180C7A	Sagemcom Broadband SAS	Storage
180CAC	Canon	Camera
180D2C	Intelbras	
180DF9	Silicon Laboratories	
180EAC	Shenzhen Fast	
180F76	D-Link	Router
18104E	Cedint-Upm	
181171	Guangzhou Doctorpai	
18120C	Zhouhai	
181212	Cepton	
18132D	zte	Phone
181420	Teb Sas	
181454	Cig Shanghai	
181456	Nokia	
18146C	Zhejiang Tmall	
1814AE	Nokia	
181628	SharkNinja Operating	
1816C9	Samsung	Phone
1816E8	Siliconware Precision	
181714	Daewoois	
181725	Cameo	
18188B	Fcnt	
18193F	Tamtron Oy	
1819D6	Samsung	Phone
181BEB	Actiontec	
181DEA	Intel Corporate	Computer
181E78	Sagemcom Broadband SAS	Storage
181E95	AuVerte	
181EB0	Samsung	Phone
182012	Aztech Associates	Phone
182032	Apple	Phone
18204C	Kummler+Matter	
1820A6	Sage	
1820D5	Commscope	
182195	Samsung	Phone
18227E	Samsung	Phone
182439	Yippee Electronics	
182649	Intel Corporate	Computer
182654	Samsung	Phone
182666	Samsung	Phone
182861	AirTies Wireless	
182A44	Hirose Electronic System	
182A57	Huawei	Phone
182A7B	Nintendo	Gaming
182AD3	Juniper	Router
182B05	8D	
182C65	Texas Instruments	IoT
182C91	Concept Development	
182CA9	DASAN	
182CB4	Nectarsoft	
182D98	Jinwoo Industrial system	
182DF7	Jy	
183009	Woojin Industrial	
18300C	Hisense Electric	TV
18314F	Aidin Robotics	
1831BF	ASUSTek COMPUTER	Computer
183219	EM Microelectronic	
1832A2	Laon	
183386	Huawei	Phone
18339D	Cisco	Router
183451	Apple	Phone
1834AF	Kaon	
1835D1	Commscope	
183672	Shaoxing ShunChuang	
1836FC	Elecsys	
183825	Wuhan Lingjiu High-tech	
183864	Cap-Tech	
1838AE	Conspin Solution	
183919	Unicoi	
18396E	Sunsea	
18399C	Skorpios	
183A2D	Samsung	Phone
183A48	VostroNet	
183BD2	BYD Precision	
183C98	Shenzhen Hengyi	
183CB7	Huawei Device	Phone
183D2D	LCFC(Hefei)	
183D5E	Huawei	Phone
183DA2	Intel Corporate	Computer
183EEF	Apple	Phone
183F47	Samsung	Phone
183F70	Apple	Phone
1840A4	Shenzhen Trylong Smart	
1841C3	GD Midea	Appliance
1841FE	Katim L.L.C	
18421D	Private	
18422F	Alcatel Lucent	VoIP
1842D4	Wuhan Hosan	
184462	Riava	
1844CF	B+L Industrial	
1844E6	zte	Phone
184516	Texas Instruments	IoT
184593	Taicang T&W	
1845B3	IEEE Registration	
184617	Samsung	Phone
184644	Home Control Singapore	
18473D	Chongqing Fugui	
184859	Castlenet	
1848BE	Amazon	
1848CA	Murata Manufacturing	Smart Home
1848D8	Fastback	
1849F8	Extreme	Switch
184A53	Apple	Phone
184A6F	Alcatel-Lucent Shanghai	VoIP
184B0D	Ruckus Wireless	Router
184BDF	Caavo	
184C08	Rockwell Automation	Industrial
184CAE	AUMOVIO France S.A.S	
184E03	HMD Global Oy	
184E16	Samsung	Phone
184E94	Messoa	
184ECB	Samsung	Phone
184F32	Hon Hai Precision Ind	
184F43	Unionman	
184F5D	Japan Radio	
18502A	Soarnex	
185073	Tianjin HuaLai	
185111	Universal	
185207	Sichuan Tianyi Comheart	
18523D	Xiamen Jiwu	
185253	Pixord	
185282	Fiberhome	
185345	Nokia	
1853E0	Hanyang Digitech	
1854CF	Samsung	Phone
18550F	Cisco SPVTG	Router
1855E3	Apple	Phone
185644	Huawei	Phone
185680	Intel Corporate	Computer
1856C3	Apple	Phone
185869	Sailer Electronic	
185880	Arcadyan	
185933	Cisco SPVTG	Router
185936	Xiaomi	Phone
1859F5	Cisco	Router
185A58	Dell	Computer
185AE8	Zenotech.Co	
185B00	Nokia	
185BB3	Samsung	Phone
185CA1	Jiangxi Risound	
185D6F	N3com	Switch
185D9A	BobjGear	
185E0B	zte	Phone
185E0F	Intel Corporate	Computer
185F27	Motorola Mobility LLC,	Phone
186024	Hewlett Packard	Computer
186041	Arcadyan	
1861C7	lemonbeat	
18622C	Sagemcom Broadband SAS	Storage
1862E4	Texas Instruments	IoT
186472	Hewlett Packard	Computer
186571	Top Victory Electronics	
186590	Apple	Phone
1865C7	Dongguan YIMO	
186696	IEEE Registration	
1866C7	Shenzhen Libre	
1866DA	Dell	Computer
1866E3	Veros	
1866F0	Jupiter	
18673F	Hanover Displays Limited	
186751	KOMEG Industrielle	
1867B0	Samsung	Phone
18686A	zte	Phone
186882	Beward R&D	
1868CB	Hangzhou Hikvision	Camera
18690A	Silicon Laboratories	
186945	TP-Link	Router
1869D4	Samsung	Phone
1869D8	Tuya Smart	Smart Home
1869DA	China Mobile Group	
186A81	Sagemcom Broadband SAS	Storage
186BE2	Lylink Limited	
186C60	Jifeline	
186D99	Adanis	
186F2D	Shenzhen Sundray	
18703B	Huawei Device	Phone
187117	eta plus electronic	
1871D5	Hazens Automotive	
18742E	Amazon	
1874E2	IEEE Registration	
187532	Sichuan Tianyi Comheart	
187758	Audoo Limited (UK)	
1878D4	Verizon	
1879A2	Gmj Electric Limited	
1879FD	zte	Phone
187A3B	Hewlett Packard	Computer
187A3E	Silicon Laboratories	
187A93	AMICCOM	
187C0B	Ruckus Wireless	Router
187C81	Valeo Vision	
187CAA	China Mobile Group	
187E20	Fujian Star-Net	
187EB9	Apple	Phone
187ED5	shenzhen kaism	
187F88	Ring	Smart Home
188025	Hangzhou Hikvision	Camera
188090	Cisco	Router
1880CE	Barberry Solutions	
1880F5	Alcatel-Lucent Shanghai	VoIP
18810E	Apple	Phone
1881ED	Teracom Telematica	
188219	Alibaba Cloud Computing	
18828C	Arcadyan	
188331	Samsung	Phone
1883BF	Arcadyan	
188410	CoreTrust	
1884C1	Guangzhou Shiyuan	
188637	Ingram Micro Services	
18863A	Digital Art System	
1886AC	Nokia Danmark A/S	
1886C3	Nokia	
188740	Xiaomi	Phone
188796	HTC	
188857	Beijing Jinhong Xi-Dian	
18895B	Samsung	Phone
1889A0	Funshion Online	
1889CF	Tecno Mobile Limited	
1889DF	Omnivision	
188A6A	AVPro Global Hldgs	
188AF1	Ledvance	
188B0E	Espressif	IoT
188B15	ShenZhen ZhongRuiJing	
188B45	Cisco	Router
188B9D	Cisco	Router
188ED5	TP Vision Belgium N.V.	
188EF9	G2C	
189024	Astera LED	
189067	Shenzhen Jingxun	
189088	eero	
1890D8	Sagemcom Broadband SAS	Storage
18922C	Virtual Instruments	
1892A4	Ciena	
189341	Intel Corporate	Computer
18937F	AMPAK	
1893D7	Texas Instruments	IoT
1894A3	Wistron Service(Kunshan)	
1894C6	ShenZhen Chenyee	
189552	1More	
189578	Denso	Automotive
189677	Annapurna	
1897F1	KOSTAL (Shanghai)	
1897FF	TechFaith Wireless	
1899F5	Sichuan Changhong	
189A67	CSE-Servelec Limited	
189BA5	IEEE Registration	
189C27	Commscope	
189C2C	Dongguan Huayin	
189C5D	Cisco	Router
189CE1	Arista	Switch
189E2C	Huawei Device	Phone
189E2D	Allwinner	
189EAD	Shenzhen Chengqian	
189EFC	Apple	Phone
18A084	Apple	Phone
18A28A	Essel-T	
18A3E8	Fiberhome	
18A4A9	Vanu	
18A59C	IEEE Registration	
18A5FF	Arcadyan	
18A6F7	Tp-Link	Router
18A788	Shenzhen MEK Intellisys	
18A7F1	Qingdao Haier	Appliance
18A905	Hewlett Packard	Computer
18A958	Provision Thai	
18A99B	Dell	Computer
18A9A6	Nebra	
18A9ED	eero	
18AA0F	Huawei Device	Phone
18AA1E	Shenzhen Skyworth	
18AA45	Fon	
18AACA	Sichuan tianyi kanghe	
18AB1D	Samsung	Phone
18ABF5	Ultra Electronics	
18AC9E	Itel Mobile Limited	
18ACC2	TCL King Electrical	Phone
18AD4D	Polostar	
18AEBB	Siemens Convergence	
18AF61	Apple	Phone
18AF8F	Apple	Phone
18AF9F	DIGITRONIC	
18AFA1	Shenzhen Yifang	
18B0A4	zte	Phone
18B169	Sonicwall	Router
18B185	Qiao Information	
18B209	Torrey Pines Logic	
18B3BA	Netlogic AB	
18B430	Nest	Smart Home
18B4FE	Tozed Kangwei	
18B591	I-Storm	
18B657	Huawei	Phone
18B6CC	We	
18B6F7	New Pos Technology	
18B79E	Invoxia	
18B81F	Commscope	
18B83D	Samsung	Phone
18B842	Apple	Phone
18B905	Hong Kong Bouffalo Lab	
18B96E	Dongguan Liesheng	
18BB1C	Huawei Device	Phone
18BB26	Fn-Link Technology	
18BB41	Huawei Device	Phone
18BC57	ADVA Optical Networking	
18BC5A	Zhejiang Tmall	
18BDAD	L-Tech	
18BE92	Delta	
18BF1C	Jiangsu Huitong	
18BFB3	Samsung Electronics	Phone
18C007	Huawei Device	Phone
18C009	New H3C	
18C04D	Giga-Byte	Computer
18C086	Broadcom	
18C19D	Integrated Device	
18C1E2	Qolsys	
18C23C	Lumi United	
18C241	SonicWall	Router
18C293	Ezurio	
18C2BF	Buffalo.Inc	Storage
18C300	Nokia	
18C3E4	IEEE Registration	
18C3F4	IEEE Registration	
18C451	Tucson Embedded	
18C501	Shenzhen Gongjin	
18C58A	Huawei	Phone
18C8E7	Shenzhen Hualistone	
18CAA7	zte	Phone
18CC18	Intel Corporate	Computer
18CC23	Philio	
18CC88	Hitachi Global Life	
18CE94	Samsung	Phone
18CEDF	Quectel Wireless	
18CF24	Huawei	Phone
18CF5E	Liteon	
18D071	Dasan	
18D0C5	Guangdong Oppo Mobile	Phone
18D0E1	Mellanox	Switch
18D225	Fiberhome	
18D276	Huawei	Phone
18D3CF	Hewlett Packard	Computer
18D5B6	SMG	
18D61C	Shenzhen TINNO Mobile	
18D66A	Inmarsat	
18D6C7	Tp-Link	Router
18D6CF	Kurth Electronic	
18D6DD	Huawei	Phone
18D717	Guangdong Oppo Mobile	Phone
18D793	IEEE Registration	
18D949	Qvis	
18D98F	Huawei Device	Phone
18D9EF	Shuttle	
18DBF2	Dell	Computer
18DC12	Silicon Laboratories	
18DC56	Yulong Computer	
18DE50	Tuya Smart	Smart Home
18DED7	Huawei	Phone
18DF26	Ingram Micro Services	
18DFB4	Bosung Powertec	
18DFC1	Aetheros	
18E1CA	wanze	
18E1DE	Chengdu ChipIntelli	
18E204	Beijing Coolshark	
18E215	Nokia	
18E288	STT Condigi	
18E29F	vivo Mobile	Phone
18E2C2	Samsung	Phone
18E3BC	TCT mobile	
18E671	Apple	Phone
18E728	Cisco	Router
18E777	vivo Mobile	Phone
18E7B0	Apple	Phone
18E7F4	Apple	Phone
18E80F	Viking	
18E829	Ubiquiti	Router
18E83B	Citadel Wallet	
18E8DD	Moduletek	
18E8EC	STMicrolectronics	IoT
18E91D	Huawei	Phone
18EBD4	Shenzhen Skyworth	
18ECE7	Buffalo.Inc	Storage
18EE69	Apple	Phone
18EE86	Inseego Wireless	
18EF3A	Sichuan AI-Link	
18EF63	Cisco	Router
18EFC0	Sercomm Japan	
18F0E4	Xiaomi	Phone
18F145	NetComm Wireless Limited	
18F18E	ChipER	
18F1D8	Apple	Phone
18F22C	Tp-Link	Router
18F292	Shannon	
18F3C2	Ebot Digital Technoloy	
18F46A	Hon Hai Precision Ind	
18F46B	Telenor Connexion AB	
18F58B	GlobalReach Technology	
18F643	Apple	Phone
18F650	Multimedia Pacific	
18F697	Axiom Memory Solutions	
18F76B	Zhejiang Winsight	
18F7F6	Ericsson AB	
18F87A	i3	
18F87F	Wha Yu Industrial	
18F935	Cisco	Router
18F9C4	BAE	
18FA6F	ISC applied	
18FAB7	Apple	Phone
18FB7B	Dell	Computer
18FB8E	VusionGroup	
18FC26	Qorvo	
18FC9F	Changhe	
18FD00	Marelli	
18FD74	Routerboard.com	
18FDCB	IEEE Registration	
18FE34	Espressif	IoT
18FF0F	Intel Corporate	Computer
18FF2E	Shenzhen Rui Ying Da	
1A75FB	Autosar	
1A9021	Physical Security	
1AAF53	JSC Megapolis-telecom	
1ABBFB	UHD Alliance	
1C0042	NARI	
1C012D	Ficer	
1C0219	Guangdong Oppo Mobile	Phone
1C0460	NXP Semiconductors	IoT
1C05B7	Chongqing Trantor	
1C0656	IDY	
1C08C1	LG Innotek	
1C0B52	Epicom	
1C0B8B	Ubiquiti	Router
1C0D7D	Apple	Phone
1C0EAF	Huawei Device	Phone
1C0EC2	Apple	Phone
1C0ED3	Sichuan Tianyi Comheart	
1C0FAF	Lucid Vision	
1C0FCF	Sypro Optics	
1C112F	vivo Mobile	Phone
1C1161	Ciena	
1C11E1	Wartsila Finland Oy	
1C129D	Ieee Pes Psrc/Sub	
1C12B0	Amazon	
1C1338	Kimball	
1C1386	Huawei Device	Phone
1C13FA	Huawei Device	Phone
1C1448	Commscope	
1C14B3	Airwire	
1C151F	Huawei	Phone
1C17D3	Cisco	Router
1C184A	ShenZhen RicherLink	
1C19DE	eyevis	
1C1A1B	Shanghai Sunmi	
1C1AC0	Apple	Phone
1C1ADF	Microsoft	Computer
1C1B0D	Giga-Byte	Computer
1C1B68	Commscope	
1C1BB5	Intel Corporate	Computer
1C1CFD	Dalian Hi-Think Computer	
1C1D67	Huawei	Phone
1C1D86	Cisco	Router
1C1DD3	Apple	Phone
1C1E38	PCCW Global	
1C1EE3	Hui Zhou Gaoshengda	
1C1FD4	LifeBEAM	
1C1FF1	Huawei Device	Phone
1C20DB	Huawei	Phone
1C2156	Smappee NV	
1C21D1	IEEE Registration	
1C2226	Cisco	Router
1C2285	Serrature Meroni SpA	
1C232C	Samsung	Phone
1C234F	EDMI Europe	
1C23A2	FRITZ!	
1C24CD	Askey Computer	
1C24EB	Burlywood	
1C2575	Xiaomi	Phone
1C25E1	China Mobile IOT	
1C2704	zte	Phone
1C27DD	Datang	
1C28AF	Hewlett Packard	Computer
1C2904	Espressif	IoT
1C2A8B	Nokia	
1C2AA3	Shenzhen HongRui Optical	
1C2AB0	Beijing Xiaomi	Phone
1C2CE0	Shanghai Mountain View	
1C2D60	Extreme	Switch
1C2E1B	Suzhou Tremenet	
1C2FA2	Guangzhou Shiyuan	
1C3003	Hewlett Packard	Computer
1C3008	Hui Zhou Gaoshengda	
1C3283	COMTTI Intelligent	
1C32AC	Huawei	Phone
1C330E	PernixData	
1C334D	ITS Telecom	
1C3477	Innovation Wireless	
1C34DA	Mellanox	Switch
1C34F1	Silicon Laboratories	
1C35F1	NEW Lift Neue	
1C36BB	Apple	Phone
1C37BF	Cloudium	
1C3929	Ohsung	
1C3947	Compal Information	
1C398A	Fiberhome	
1C3A4F	AccuSpec	
1C3A60	Ruckus Wireless	Router
1C3ADE	Samsung	Phone
1C3B01	Shanghai Xiaodu	
1C3B62	HMD Global Oy	
1C3B8F	Selve GmbH & Co	
1C3BF3	Tp-Link	Router
1C3C78	Apple	Phone
1C3CD4	Huawei	Phone
1C3D2F	Huawei	Phone
1C3DE7	Sigma Koki	
1C3E84	Hon Hai Precision Ind	
1C4024	Dell	Computer
1C40E8	Shenzhen Progress&Win	
1C4158	Gemalto M2M	
1C4176	China Mobile Group	
1C4190	Universal	
1C427D	Guangdong Oppo Mobile	Phone
1C42C2	Huawei Device	Phone
1C4363	Huawei	Phone
1C43EC	Japan Circuit	
1C4419	Tp-Link	Router
1C4455	Sieb & Meyer	
1C4586	Nintendo	Gaming
1C4593	Texas Instruments	IoT
1C45C2	Huizhou City Sunsin	
1C46D1	Sky Uk Limited	
1C472F	Huawei Device	Phone
1C47F6	Zhidao Network	
1C4840	IMS Messsysteme	
1C48CE	Guangdong Oppo Mobile	Phone
1C48F9	GN Netcom A/S	
1C497B	Gemtek	
1C4A3B	Accton	
1C4AF7	Amon	
1C4BB9	Smg Enterprise	
1C4BD6	AzureWave	
1C4C27	World WLAN Application	
1C4C48	Itel Mobile Limited	
1C4D66	Amazon	
1C4D70	Intel Corporate	Computer
1C4D89	Hangzhou Huacheng	
1C4EA2	Shenzhen V-Link	
1C501E	Sunplus	
1C51B5	Techaya	
1C5216	Dongguan Hele	
1C52A7	Coram AI	
1C52D6	Flat Display	
1C53F9	Google	
1C549E	Universal	
1C54E6	Shenzhen Yisheng	
1C553A	QianGua	
1C568E	Zioncom Electronics	
1C56FE	Motorola Mobility LLC,	Phone
1C573E	Altice	
1C57D8	Kraftway Corporation PLC	
1C57DC	Apple	Phone
1C5974	IEEE Registration	
1C599B	Huawei	Phone
1C5A0B	Tegile	
1C5A3E	Samsung	Phone
1C5A6B	Philips Electronics	
1C5BA2	Hp Globales Mexico	
1C5C55	PRIMA Cinema	
1C5C60	Shenzhen Belzon	
1C5CF2	Apple	Phone
1C5D80	Mitubishi Hitachi Power	
1C5EE6	Shenzhen Twowing	
1C5F2B	D-Link	Router
1C5FFF	Beijing Ereneben	
1C6066	Tejas	
1C60D2	Fiberhome	
1C60DE	Mercury Communication	
1C61B4	TP-Link	Router
1C61BF	Apple	Phone
1C627E	Huawei	Phone
1C62B8	Samsung	Phone
1C6349	Texas Instruments	IoT
1C63A5	securityplatform	
1C63B7	OpenProducts 237 AB	
1C63BF	Shenzhen Broadtel	
1C6499	Comtrend	
1C64F0	Motorola Mobility LLC,	Phone
1C659D	Liteon	
1C666D	Hon Hai Precision Ind	
1C66AA	Samsung	Phone
1C674A	zte	Phone
1C6758	Huawei	Phone
1C6760	Phonesuite	
1C687E	Shenzhen Qihu	
1C6920	Espressif	IoT
1C6932	Hisense Home Appliances	TV
1C697A	EliteGroup Computer	
1C69A5	BlackBerry RTS	
1C6A1B	Ubiquiti	Router
1C6A76	Apple	Phone
1C6A7A	Cisco	Router
1C6BCA	Mitsunami	
1C6E4C	Logistic Service &	Smart Home
1C6E74	EnOcean Edge	
1C6E76	Quarion	
1C6EE6	Nhnetworks	
1C6F65	Giga-Byte	Computer
1C7022	Murata Manufacturing	Smart Home
1C7055	Huawei	Phone
1C70C9	Jiangsu Aisida	
1C7125	Apple	Phone
1C7126	snom	VoIP
1C721D	Dell	Computer
1C7328	Connected Home	
1C7370	Neotech	
1C73E2	Huawei	Phone
1C740D	Zyxel	Router
1C7508	Compal Information	
1C76CA	Terasic	
1C76F2	Samsung	Phone
1C7754	Apple	Phone
1C77F6	Guangdong Oppo Mobile	Phone
1C7839	Shenzhen Tencent	
1C784B	Bouffalo Lab (Nanjing)	
1C784E	China Mobile Iot Limited	
1C792D	China Dragon Technology	
1C7A43	vivo Mobile	Phone
1C7ACF	vivo Mobile	Phone
1C7B21	Sony	
1C7B23	Qingdao Hisense	TV
1C7C11	Eid	
1C7C45	Vitek Industrial Video	
1C7C98	NEC Platforms	
1C7CC7	Coriant	
1C7D22	FUJIFILM Business	
1C7D51	Hanshow	
1C7E51	3bumen.com	
1C7EE5	D-Link	Router
1C7F2C	Huawei	Phone
1C8259	IEEE Registration	
1C8341	Hefei Bitland	
1C83B0	Linked IP	
1C83EC	Ubee Interactive co,	
1C8464	Formosa Wireless	
1C84A6	Cisco	Router
1C860B	Guangdong Taiying	
1C8682	Apple	Phone
1C869A	Samsung	Phone
1C86AD	Mct	
1C872C	ASUSTek COMPUTER	Computer
1C87E3	Tecno Mobile Limited	
1C880C	Shenzhen Skyworth	
1C8B76	Calix	
1C8BEF	Beijing Xiaomi	Phone
1C8C6E	Arista	Switch
1C8E2A	Apple	Phone
1C8E5C	Huawei	Phone
1C8E8E	DB Communication &	
1C8EE6	Vtech	
1C8F57	Espressif	IoT
1C8F8A	Phase Motion Control SpA	
1C90BE	Ericsson AB	
1C90FF	Tuya Smart	Smart Home
1C9148	Apple	Phone
1C9179	Integrated System	
1C9180	Apple	Phone
1C919D	Dongguan Liesheng	
1C937C	Commscope	
1C93C4	Amazon	
1C9468	New H3C	
1C9492	RUAG Schweiz	
1C955D	I-Lax	
1C959F	Veethree Electronics	
1C965A	Weifang Goertek	
1C973D	PRICOM Design	
1C97C5	Ynomia	
1C97FB	CoolBitX	
1C984B	Extreme	Switch
1C98C1	Cloud Network	
1C98EC	Hewlett Packard	Computer
1C994C	Murata Manufacturing	Smart Home
1C9957	Intel Corporate	Computer
1C99DB	Huawei	Phone
1C9C26	Zoovel	
1C9C8C	Juniper	Router
1C9D3E	Integrated Device	
1C9D72	Vantiva USA	
1C9DC2	Espressif	IoT
1C9E46	Apple	Phone
1C9ECB	Beijing Nari Smartchip	
1C9ECC	Vantiva USA	
1C9F4E	Coosea Group (Hk)	
1CA0B8	Hon Hai Precision	
1CA0D3	IEEE Registration	
1CA0EF	IEEE Registration	
1CA2B1	ruwido austria	
1CA410	Amlogic	
1CA532	Shenzhen Gongjin	
1CA681	Huawei	Phone
1CA770	Shenzhen Chuangwei-Rgb	
1CA852	Sensaio	
1CAA07	Cisco	Router
1CAB01	Innovolt	
1CAB34	New H3C	
1CAB48	Tecno Mobile Limited	
1CABA7	Apple	Phone
1CABC0	Hitron	
1CADD1	Bosung	
1CAE3E	IEEE Registration	
1CAECB	Huawei	Phone
1CAF05	Samsung	Phone
1CAF4A	Samsung	Phone
1CAFF7	D-Link	Router
1CB044	Askey Computer	
1CB094	HTC	
1CB17F	NEC Platforms	
1CB243	Tdc A/S	
1CB3C9	Apple	Phone
1CB3E9	Shenzhen Zhongke United	
1CB46C	Huawei	Phone
1CB72C	ASUSTek COMPUTER	Computer
1CB796	Huawei	Phone
1CB857	Becon Technologies	
1CB8BA	Xiamen Leelen	
1CB9C4	Ruckus Wireless	Router
1CBA8C	Texas Instruments	IoT
1CBAB8	vivo Mobile	Phone
1CBBA8	OJSC "Ufimskiy Zavod	
1CBCEC	silex	
1CBD0E	Amplified Engineering	Smart Home
1CBDB9	D-Link	Router
1CBFC0	Chongqing Fugui	
1CBFCE	Shenzhen Century Xinyang	
1CC035	Planex	
1CC089	Silicon Laboratories	
1CC0E1	IEEE Registration	
1CC10C	Intel Corporate	Computer
1CC11A	Wavetronix	
1CC1BC	Yichip Microelectronics	
1CC1DE	Hewlett Packard	Computer
1CC316	Xiamen Milesight IoT	
1CC3AB	Espressif	IoT
1CC3EB	Guangdong Oppo Mobile	Phone
1CC586	Absolute Acoustics	
1CC63C	Arcadyan	
1CC72D	Shenzhen Huapu Digital	
1CC8C1	HongKong YiTong	
1CC992	Honor Device	Phone
1CCA41	Ao	
1CCAE3	IEEE Registration	
1CCB99	TCT mobile	
1CCCD6	Xiaomi	Phone
1CCDE5	Shanghai Wind	
1CCE51	AzureWave	
1CCF82	Palo Alto	Router
1CD107	Realme Chongqing Mobile	Phone
1CD11A	Fortinet	Router
1CD1BA	Fiberhome	
1CD1D7	Hangzhou BroadLink	Router
1CD1E0	Cisco	Router
1CD21E	Juniper	Router
1CD3AF	LG Innotek	
1CD40C	Kriwan	
1CD5E2	Shenzhen YOUHUA	
1CD6BD	Leedarson Lighting	
1CD6BE	WNC	
1CDA27	vivo Mobile	Phone
1CDBD4	Espressif	IoT
1CDDEA	Guangdong Oppo Mobile	Phone
1CDE57	Fiberhome	
1CDEA7	Cisco	Router
1CDF0F	Cisco	Router
1CDF52	Texas Instruments	IoT
1CE165	Marshal	
1CE192	Qisda	
1CE209	Apple	Phone
1CE2CC	Texas Instruments	IoT
1CE4DD	Technicolor (China)	Modem
1CE504	Huawei	Phone
1CE57F	Samsung	Phone
1CE587	Cisco Meraki	Router
1CE61D	Samsung	Phone
1CE62B	Apple	Phone
1CE639	Huawei	Phone
1CE6AD	Huawei Device	Phone
1CE6C7	Cisco	Router
1CE85D	Cisco	Router
1CE89E	Sjit	
1CEA0B	Edgecore	
1CEA1B	Nokia	
1CEAAC	Beijing Xiaomi Mobile	Phone
1CEC72	Allradio	
1CED6F	AVM Audiovisuelles	Automotive
1CEEC9	Elo touch solutions	
1CEEE8	Ilshin Elecom	
1CEF03	Guangzhou V-SOLUTION	
1CEFCE	bebro electronic	
1CF03E	Wearhaus	
1CF061	SCAPS	
1CF29A	Google	
1CF42B	Huawei Device	Phone
1CF43F	Arcadyan	
1CF4CA	Private	
1CF5E7	Turtle Industry	
1CF64C	Apple	Phone
1CF8D0	Samsung	Phone
1CF9D5	Apple	Phone
1CFA68	Tp-Link	Router
1CFC17	Cisco	Router
1CFC2A	Huawei	Phone
1CFCBB	Realfiction ApS	
1CFD08	IEEE Registration	
1CFE2B	Amazon	
1CFEA7	IDentytech Solutins	
1CFF3F	Cust2mate	
1CFF59	Sichuan Tianyi Comheart	
1CFFAD	Huawei	Phone
20014F	Linea Research	
20019C	Bigleaf	
2002AF	Murata Manufacturing	Smart Home
2002C9	Zhejiang Huayi IOT	
2002FE	Hangzhou Dangbei	
20040F	Dell	Computer
200484	Apple	Phone
2004F3	Honor Device	Phone
200505	Radmax Communication	
2005B6	OpenWrt	
2005E8	OOO InProMedia	
200889	zte	Phone
2008ED	Huawei	Phone
200A0D	IEEE Registration	
200A5E	Xiangshan Giant Eagle	
200A87	Guangzhou On-Bright	
200B16	Texas Instruments	IoT
200B74	AzureWave	
200BC5	Cisco	Router
200BC7	Huawei	Phone
200BCF	Nintendo	Gaming
200C86	GX India Pvt	
200CC8	Netgear	Router
200D3D	Quectel Wireless	
200DB0	Shenzhen Four Seas	
200E0F	Panasonic Marketing	
200E2B	Apple	Phone
200E95	Iec – Tc9 Wg43	
200F70	Foxtech	
200F92	STK	
20107A	Gemtek	
20108A	zte	Phone
2010B1	Amazon	
20114E	MeteRSit S.R.L	
201257	Most Lucky Trading	
2012D5	Scientech Materials	
2013E0	Samsung	Phone
2014C4	Huawei	Phone
201582	Apple	Phone
2015DE	Samsung	Phone
20163D	Integrated Device	
201642	Microsoft	Computer
2016B9	Intel Corporate	Computer
2016D8	Liteon	
201742	LG	Phone
201746	Paradromics	
20180E	Shenzhen Sunchip	
20185B	Shenzhen Jingxun	
2019F3	WavTek	
201A06	Compal Information	
201A94	Apple	Phone
201B88	Dongguan Liesheng	
201BA5	Vizio	TV
201BC9	Juniper	Router
201C3A	Nintendo	Gaming
201D03	Elatec	
201E1D	Huawei	Phone
201E88	Intel Corporate	Computer
201F31	Inteno Broadband	
201F3B	Google	
201F54	Raisecom	
201F55	DJI Osmo	
202027	Shenzhen Sundray	
202051	zte	Phone
202141	Universal	
2021A5	LG Electronics (Mobile	Phone
202351	TP-Link	Router
202564	Pegatron	
202565	Espressif	IoT
202598	Teleview	
2025CC	Xiaomi	Phone
2025D2	Fiberhome	
202681	Tecno Mobile Limited	
20283E	Huawei	Phone
2028BC	Visionscape Co	
2029B9	Ikotek technology SH	
202AC5	Petite-En	
202B20	Cloud Network	
202BC1	Huawei	Phone
202BDA	IEEE Registration	
202C05	Zhejiang Dahua Zhilian	Camera
202CB7	Kong Yue Electronics &	
202D07	Samsung	Phone
202D23	Collinear	
202DF6	Apple	Phone
202DF8	Digital Media Cartridge	
20311C	vivo Mobile	Phone
20318D	Giax	
2031EB	Hdsn	
203233	Shenzhen Bilian	
20326C	Samsung	Phone
2032C6	Apple	Phone
203389	Google	
203462	Xiaomi	Phone
2034FB	Xiaomi	Phone
203543	Sagemcom Broadband SAS	Storage
203626	TP-Link	Router
20365B	Megafone Limited	
2036D0	Motorola Mobility LLC,	Phone
2036D7	Shanghai Reacheng	
203706	Cisco	Router
2037A5	Apple	Phone
2037BC	Kuipers Electronic	Smart Home
2037F0	Arcadyan	
203956	HMD Global Oy	
203A07	Cisco	Router
203A0C	eero	
203A43	Intel Corporate	Computer
203AEB	zte	Phone
203AEF	Sivantos	
203B34	Xiaomi	Phone
203B67	Samsung	Phone
203B69	vivo Mobile	Phone
203CAE	Apple	Phone
203CC0	Beijing Tosee	
203D66	Commscope	
203DB2	Huawei	Phone
203DBD	LG Innotek	
204005	feno	
20406A	AMPAK	
20415A	Smarteh d.o.o	
204181	ESYSE GmbH Embedded	Smart Home
2041BC	ANY	
2043A8	Espressif	IoT
20443A	Schneider Electric Asia	Industrial
204441	Remote Solution	
204569	Itel Mobile Limited	
20463A	Apple	Phone
2046A1	VECOW	
2046F9	Advanced Network	
204747	Dell	Computer
2047B5	Sagemcom Broadband SAS	Storage
2047DA	Xiaomi	Phone
2047ED	Sky Uk Limited	
204AAA	Hanscan Spain	
204B22	Sunnovo International	
204B2E	Pizzato Elettrica S.r.l	
204C03	Hewlett Packard	Computer
204C6D	Hugo Brennenstuhl Gmbh	
204C9E	Cisco	Router
204D52	Mellanox	Switch
204E6B	Axxana(israel)	
204E71	Juniper	Router
204E7F	Netgear	Router
204EF6	AzureWave	
20500D	Espressif	IoT
20500F	Fiber Groep	
2050E7	AMPAK	
2051F5	Earda	
20521D	Apple	Phone
205383	Huawei	Phone
20538D	Hon Hai Precision	
2053CA	Risk	
205476	Sony	
2054FA	Huawei	Phone
205531	Samsung	Phone
205532	Gotech International	
205721	Salix	
20579E	Hunan Fn-Link	
2057AF	Shenzhen FH-NET	
205843	WNC	
205869	Ruckus Wireless	Router
2059A0	Paragon	
2059D1	Mellanox	Switch
205A00	Coval	
205A1D	zte	Phone
205A8F	Shenzhen Hikeen	
205B2A	Private	
205B5E	Shenzhen Wonhe	
205CFA	Yangzhou ChangLian	
205D0D	Fiberhome	
205D47	vivo Mobile	Phone
205E64	Huawei Device	Phone
205E97	Nokia	
205EF7	Samsung	Phone
205F3D	Adtran	
206274	Microsoft	Computer
206296	Shenzhen Malio	
20635F	Abeeway	
206432	Samsung Electro	Phone
2064CB	Guangdong Oppo Mobile	Phone
2064DE	Sunitec Enterprise	
20658E	Huawei	Phone
2066CF	Freebox Sas	
2066FD	Constell8 Nv	
20677C	Hewlett Packard	Computer
2067B1	Pluto	
2067E0	Shenzhen iComm	
20689D	Liteon	
2068AA	Potron	
206980	Apple	Phone
206A8A	Wistron Infocomm	
206A94	Hitron	
206AFF	Atlas Elektronik UK	
206BD5	vivo Mobile	Phone
206BE7	Tp-Link	Router
206BF4	Huawei Device	Phone
206C8A	Extreme	Switch
206D31	Firewalla	
206E9C	Samsung	Phone
206EF1	Espressif	IoT
206FEC	Braemac CA	
20719E	SF	
2072A9	Beijing Xiaomi	Phone
207355	Commscope	
207454	vivo Mobile	Phone
2074CF	Shenzhen Voxtech	
207600	Actiontec	
20768F	Apple	Phone
207693	Lenovo (Beijing) Limited	Computer
207759	Optical Network Video	
20780B	Delta Faucet	
207852	Nokia Solutions and	
2078CD	Apple	Phone
2078F0	Apple	Phone
207918	Intel Corporate	Computer
207BD2	ASIX	
207C14	Qotom	
207C8F	Quanta Microsystems	Server
207D74	Apple	Phone
208058	Ciena	
208097	Shenzhen OXO Technology	
20826A	Guangdong Oppo Mobile	Phone
2082C0	Xiaomi	Phone
2083F8	Advanced Digital	
20845F	Apple	Phone
2084F5	Yufei Innovation	
20858C	Assa	
208593	IEEE Registration	
208756	Siemens	Industrial
2087AC	AES motomation	
2087EC	Huawei	Phone
208810	Dell	Computer
20896F	Fiberhome	
208984	Compal Information	
208986	zte	Phone
20898A	Shenzhen Skyworth	
208B37	Skyworth Digital	
208BD1	NXP Semiconductor	IoT
208C47	Tenstorrent	
208C86	Huawei	Phone
20906F	Shenzhen Tencent	
209148	Texas Instruments	IoT
20918A	Profalux	
2091D9	I'M Spa	
2091DF	Apple	Phone
209339	Juniper	Router
20934D	Fujian Star-Net	
209395	nVent	
20968A	China Mobile (Hangzhou)	
209727	Teltonika Networks Uab	
20988E	Shenzhen Feasycom	
2098D8	Shenzhen Yingdakang	
2098ED	AltoBeam	
209952	Xiaomi	Phone
209A7D	Sagemcom Broadband SAS	Storage
209AE9	Volacomm	
209BA5	JIAXING GLEAD	
209BA9	Espressif	IoT
209BCD	Apple	Phone
209BDD	Huawei	Phone
209BE6	Guangzhou Shiyuan	
209CB4	Hewlett Packard	Computer
209E79	Universal	
209EF7	Extreme	Switch
20A171	Amazon	
20A200	Huawei	Phone
20A2E4	Apple	Phone
20A2E7	Lee-Dickens	
20A366	vivo Mobile	Phone
20A5CB	Apple	Phone
20A60C	Xiaomi	Phone
20A680	Huawei	Phone
20A6CD	Hewlett Packard	Computer
20A716	Silicon Laboratories	
20A766	Huawei	Phone
20A783	miControl	
20A787	Bointec Taiwan	
20A7F9	Shenzhen Olanboa	
20A8B9	Siemens	Industrial
20A8BF	Huawei	Phone
20A90E	TCT mobile	
20A99B	Microsoft	Computer
20AA25	Ip-Net	
20AA4B	Cisco-Linksys	Router
20AB37	Apple	Phone
20AB48	Huawei	Phone
20AB53	Motorola Mobility LLC,	Phone
20AC9C	China Telecom	
20AD56	AUMOVIO	
20AEB6	Huawei Device	Phone
20AF1B	SteelSeries ApS	Gaming
20B001	Vantiva Technologies	
20B0F7	Enclustra	
20B37F	IEEE Registration	
20B399	Enterasys	Switch
20B5C6	Mimosa	
20B730	TeconGroup	
20B780	Toshiba Visual Solutions	TV
20B7C0	OMICRON	
20B82B	Sagemcom Broadband SAS	Storage
20B83D	Unionman	
20B868	Motorola Mobility LLC,	Phone
20BA36	u-blox	
20BB76	COL GIOVANNI PAOLO SpA	
20BBBC	Hangzhou Ezviz Software	
20BBC0	Cisco	Router
20BBC6	Jabil Circuit Hungary	
20BD1D	Intel Corporate	Computer
20BEB4	Hisense broadband	TV
20BEB8	Amazon	
20BECD	eero	
20BFDB	Dvl	
20C047	Verizon	
20C06D	Shenzhen Spacetek	
20C19B	Intel Corporate	Computer
20C1AF	i Wit Digital Co.,	
20C2B0	Huawei	Phone
20C38F	Texas Instruments	IoT
20C3A4	RetailNext	
20C60D	Shanghai annijie	
20C6EB	Panasonic Corporation	
20C74F	SensorPush	
20C792	Wuhan Maiwe	
20C8B3	Shenzhen Bul-Tech	
20C9D0	Apple	Phone
20CBCC	GridVisibility	
20CC27	Cisco	Router
20CD39	Texas Instruments	IoT
20CD6E	Realme Chongqing Mobile	Phone
20CE2A	IEEE Registration	
20CEC4	Peraso	
20CF30	ASUSTek COMPUTER	Computer
20CFAE	Cisco	Router
20D160	Private	
20D21F	Wincal	
20D25F	SmartCap	
20D276	Itel Mobile Limited	
20D390	Samsung	Phone
20D5AB	Korea Infocom	
20D5BF	Samsung	Phone
20D5C2	Espressif Systems	IoT
20D607	Nokia	
20D75A	Posh Mobile Limited	
20D778	Texas Instruments	IoT
20D80B	Juniper	Router
20D906	Iota	
20DA22	Huawei	Phone
20DBAB	Samsung	Phone
20DBEA	Cisco	Router
20DC93	Cheetah Hi-Tech	
20DCE6	Tp-Link	Router
20DCFD	Huawei Device	Phone
20DE1E	Nokia	
20DE88	IC Realtime	
20DF3F	Nanjing SAC Power Grid	
20DF73	Huawei	Phone
20DFB9	Google	
20E09C	Nokia	
20E15D	TP-Link	Router
20E2A8	Apple	Phone
20E407	Spark	
20E46F	vivo Mobile	Phone
20E525	Huawei Device	Phone
20E52A	Netgear	Router
20E564	Commscope	
20E59B	Panasonic Automotive	
20E6DF	eero	
20E791	Siemens Healthcare	Industrial
20E7B6	Universal	
20E7C8	Espressif	IoT
20E874	Apple	Phone
20E882	zte	Phone
20EAC7	Shenzhen Riopine	
20ED47	Juniper	Router
20ED74	Ability enterprise	
20EE28	Apple	Phone
20EEC6	Elefirst Science &	
20EFBD	Roku	TV
20F002	MTData Developments	
20F094	Google	
20F120	Cisco	Router
20F17C	Huawei	Phone
20F19E	Commscope	
20F1B2	Tuya Smart	Smart Home
20F307	zte	Phone
20F375	Commscope	
20F3A3	Huawei	Phone
20F41B	Shenzhen Bilian	
20F44F	Nokia	
20F452	Shanghai IUV Software	
20F478	Xiaomi	Phone
20F4D4	Apple	Phone
20F510	Codex Digital Limited	
20F543	Hui Zhou Gaoshengda	
20F597	Maasiv	
20F77C	vivo Mobile	Phone
20F83B	Nabu Casa	
20F85E	Delta	
20FA85	Apple	Phone
20FABB	Cambridge Executive	
20FADB	Huahao Kunpeng	
20FDF1	3Com Europe	Switch
20FE00	Amazon	
20FECD	System In Frontier	
20FEDB	M2M Solution S.A.S	
20FF36	Iflytek	
2400BA	Huawei	Phone
2400FA	China Mobile (Hangzhou)	
24016F	Huawei Device	Phone
2401C7	Cisco	Router
240462	Siemens Energy Global	
24050F	MTN Electronic	
240588	Google	
2405F5	Integrated Device	
2406AA	Guangdong Oppo Mobile	Phone
2406F2	Sichuan Tianyi Comheart	
24085D	AUMOVIO Aftermarket	
240917	Devlin Electronics	
240935	Samsung	Phone
240995	Huawei	Phone
240A11	TCT mobile	
240A3F	Samsung	Phone
240A63	Commscope	
240A64	AzureWave	
240AC4	Espressif	IoT
240B0A	Palo Alto	Router
240B2A	Viettel	
240B88	Taicang T&W	
240BB1	KOSTAL Industrie	
240D65	Shenzhen Vsun	
240D6C	Smnd	
240DC2	TCT mobile	
240F5E	Shenzhen z-router	
240F9B	Hangzhou Hikvision	Camera
241064	Shenzhen Ecsino Tecnical	
241125	Hutek	
241145	Xiaomi	Phone
241148	Entropix	
241153	Samsung	Phone
2411D0	Chongqing Ehs Science	
241281	China Mobile Group	
241407	Xiamen Sigmastar	
241510	IEEE Registration	
241551	Huawei Device	Phone
24161B	Cisco	Router
241651	Chipsea Technologies	
24166D	Huawei	Phone
24169D	Cisco	Router
24181D	Samsung	Phone
2418C0	E. Wehrle	
2418C6	Hunan Fn-Link	
241972	Quectel Wireless	
2419A5	New H3C	
241A8C	Squarehead Technology AS	
241AE6	Huawei Device	Phone
241AF7	Sichuan Tianyi Comheart	
241B13	Shanghai Nutshell	
241B44	Hangzhou Tuners	
241B7A	Apple	Phone
241C04	Shenzhen Jehe	
241D48	Sichuan Tianyi Comheart	
241E2B	Zhejiang Cainiao Supply	
241EEB	Apple	Phone
241F2C	Calsys	
241F49	NXP Semiconductors	IoT
241FA0	Huawei	Phone
241FBD	Extreme	Switch
2420C7	Sagemcom Broadband SAS	Storage
242124	Nokia	
24215E	Quectel Wireless	
2421AB	Sony	
242361	vivo Mobile	Phone
24240E	Apple	Phone
2424B7	Samsung	Phone
242642	SHARP	TV
2426BA	Shenzhen Toptel	
2426D6	Huawei	Phone
242730	GD Midea	Appliance
2427E5	Huawei Device	Phone
242856	Beijing Gctech	
2428FD	Hangzhou Hikvision	Camera
242934	Google	
2429B0	Huawei	Phone
2429FE	KYOCERA	Printer
242A04	Cisco	Router
242AEA	Apple	Phone
242BD6	Ring	Smart Home
242CFE	Zhejiang Tmall	
242D4B	F5	
242D6C	eero	
242E02	Huawei	Phone
242E90	Palit Microsystems	
242FD0	TP-Link	Router
242FFA	Toshiba Global Commerce	
2430F8	Huawei Device	Phone
243154	Huawei	Phone
243184	SHARP	TV
2432AE	Hangzhou Hikvision	Camera
24336C	Private	
243408	Edgecore Americas	
2435CC	Zhongshan Scinan	
243672	AMPAK	
2436DA	Cisco	Router
24374C	Cisco SPVTG	Router
2437EF	EMC Electronic Media	Storage
243A82	Irts	
243C20	Dynamode	
243CB0	Dongguan Mentech	
243F30	Oxygen Broadband	
243F75	Hui Zhou Gaoshengda	
243FAA	Huawei Device	Phone
2440AE	NIIC	
24418C	Intel Corporate	Computer
2441FE	WNC	
2442BC	Alinco,incorporated	
2442E3	Shenzhen Ai-Thinker	
2443E2	DASAN Network Solutions	
244427	Huawei	Phone
24456B	Huawei Device	Phone
244597	GEMUE Gebr. Mueller	
2446C8	Motorola Mobility LLC,	Phone
2446E4	Huawei	Phone
24470E	PentronicAB	
244750	Sagemcom Broadband SAS	Storage
244845	Hangzhou Hikvision	Camera
244885	Huawei Device	Phone
24497B	Innovative Converged	
244AF8	Silicon Laboratories	
244B03	Samsung	Phone
244B81	Samsung	Phone
244BF1	Huawei	Phone
244BFE	ASUSTek COMPUTER	Computer
244C07	Huawei	Phone
244CAB	Espressif	IoT
244CE3	Amazon	
244E7B	IEEE Registration	
244ECD	Sagemcom Broadband SAS	Storage
244F1D	iRule	
24506F	Thinkcar	
24526A	Zhejiang Dahua	Camera
2453BF	Enernet	
2453ED	Dell	Computer
24559A	Apple	Phone
24586E	zte	Phone
24587C	Espressif	IoT
245880	Vizeo	
24590B	White Sky Inc. Limited	
2459E5	GD Midea	Appliance
245A4C	Ubiquiti	Router
245A5F	Tp-Link	Router
245AB5	Samsung	Phone
245B83	Renesas Electronics	
245BA7	Apple	Phone
245BF0	Liteon	
245CBF	Ncse	
245CC5	Huawei Device	Phone
245CCB	AXIe Consortium	
245D92	Juniper	Router
245DFC	IEEE Registration	
245E48	Apple	Phone
245EBE	QNAP	Storage
245EE1	United Automotive	
245F9F	Huawei Device	Phone
245FDF	Kyocera	Printer
246078	Huawei	Phone
246081	razberi	
2460B3	Samsung	Phone
24615A	China Mobile Group	
246278	sysmocom - s.f.m.c	
2462AB	Espressif	IoT
2462C6	Huawei Device	Phone
2462CE	Hewlett Packard	Computer
246404	Gsd Viet Nam Technology	
246477	Beijing Xiaomi Mobile	Phone
24649F	Huawei Device	Phone
2464EF	Cyg Sunri	
246511	AVM	
2465E1	Ciena	
246800	Samsung	Phone
246830	Shenzhen Shokzhear	
246880	Braveridge.co	
2468B0	Samsung	Phone
24693E	innodisk	
24694A	Jasmine	
246968	Tp-Link	Router
24698E	Shenzhen Mercury	
2469A5	Huawei	Phone
246A0E	HP	Computer
246AAB	IT-IS	
246C60	Huawei Device	Phone
246C84	Cisco	Router
246C8A	YUKAI Engineering	Smart Home
246D10	Apple	Phone
246E96	Dell	Computer
246F28	Espressif	IoT
246F8C	Huawei Device	Phone
247121	Cisco	Router
247152	Dell	Computer
247189	Texas Instruments	IoT
24724A	Nile Global	
247260	IOTTECH	
2474F7	GoPro	Camera
24753A	Guangdong Oppo Mobile	Phone
2475B3	Guangdong Oppo Mobile	Phone
2475FC	zte	Phone
247625	Texas Instruments	IoT
247645	Huawei Device	Phone
247656	Shanghai Net Miles	
24767D	Cisco SPVTG	Router
247703	Intel Corporate	Computer
247823	Panasonic Entertainment	
2478EF	Nokia	
24792A	Ruckus Wireless	Router
2479EF	Greenpacket Berhad,	
2479F3	Guangdong Oppo Mobile	Phone
2479F8	KUPSON spol. s r.o	
247BA4	China Mobile Group	
247C46	Flextronics	
247C4C	Herman Miller	
247D4D	Texas Instruments	IoT
247E12	Cisco	Router
247E51	zte	Phone
247E7F	D-Fend Solutions A.D	
247F20	Sagemcom Broadband SAS	Storage
247F3C	Huawei	Phone
248000	Westcontrol AS	
24813B	Cisco	Router
24814E	Amd	Computer
248185	Extreme	Switch
2481AA	KSH	
2481C7	Huawei Device	Phone
24828A	Prowave	
2482CA	vivo Mobile	Phone
248498	Beijing Jiaoda	
248602	Bouffalo Lab (Nanjing)	
248625	IEEE Registration	
2486F4	Ctek	
248707	SEnergy	
248894	shenzhen lensun	
248A07	Mellanox	Switch
248AB3	ICTK	
248BE0	Sichuan Tianyi Comheart	
249038	Universal Biosensors	
2491BB	Huawei	Phone
24920E	Samsung	Phone
2493CA	Voxtronic Austria	
249442	Open Road Solutions	
249493	FibRSol Global Network	
249494	Hong Kong Bouffalo Lab	
2494CB	Commscope	
249504	Sfr	
24952F	Google	
2496D5	NEXCON	
249745	Huawei	Phone
2497ED	Techvision Intelligent	
249900	FRITZ!	
249AC8	Shenzhen Skyworth	
249AD8	Yealink(Xiamen)	VoIP
249D2A	LinkData Technology	
249E7D	Beijing Roborock	Appliance
249EAB	Huawei	Phone
249F89	Texas Instruments	IoT
24A02D	shenzhen worldelite	
24A074	Apple	Phone
24A10D	IEEE Registration	
24A160	Espressif	IoT
24A186	Commscope	
24A2E1	Apple	Phone
24A3F0	IEEE Registration	
24A42C	NETIO products a.s	
24A43C	Ubiquiti	Router
24A452	Samsung	Phone
24A487	Huawei Device	Phone
24A495	Thales Canada	
24A52C	Huawei	Phone
24A534	SynTrust	
24A5FF	Fairbanks Scales	
24A65E	zte	Phone
24A6FA	Weifang Goertek	
24A799	Huawei Device	Phone
24A7DC	Sky Uk Limited	
24A87D	Panasonic Automotive	
24A937	Everpure	Storage
24AB81	Apple	Phone
24ACAC	Polar Electro Oy	Wearable
24AECC	Honor Device	Phone
24AF4A	Alcatel-Lucent IPD	VoIP
24AF54	NEXGEN Mediatech	
24AFCC	Chiun Mai Communication	
24B0A9	Shanghai Mobiletek	
24B105	Prama Hikvision India	Camera
24B209	Avaya	VoIP
24B231	Dongguan Liesheng	
24B2B9	Liteon	
24B2DE	Espressif	IoT
24B339	Apple	Phone
24B5B9	Motorola Mobility LLC,	Phone
24B5F2	Shanghai Ingeek	
24B657	Cisco	Router
24B6B8	Friem Spa	
24B6FD	Dell	Computer
24B72A	China Dragon Technology	
24B7DA	Fiberhome	
24B88C	Crenus	
24B8D2	Opzoon	
24BA13	Riso Kagaku	
24BA23	Cisco	Router
24BA30	Technical Consumer	
24BA79	New H3C	
24BBC1	Absolute Analysis	
24BBC9	Shenzhen SuperElectron	
24BC82	Dali Wireless	
24BCF8	Huawei	Phone
24BE05	Hewlett Packard	Computer
24BE18	Dadoutek Company Limited	
24BF74	Hamamatsu Photonics K.K	
24C013	zte	Phone
24C0B3	Rsf	
24C17A	Beijing Iactive	
24C1BD	Crrc Dalian R&D	
24C35D	Duke University	
24C3F9	Securitas Direct AB	
24C406	Sunitec Technology	
24C42F	Philips Lifeline	
24C44A	zte	Phone
24C613	Samsung	Phone
24C696	Samsung	Phone
24C848	mywerk Portal	
24C86E	Chaney Instrument Co	
24C8D3	McWane India Pvt	
24C9A1	Ruckus Wireless	Router
24C9DE	Genoray	
24CACB	Fiberhome	
24CBE1	Ericsson AB	
24CBE7	MYK	
24CD8D	Murata Manufacturing	Smart Home
24CE33	Amazon	
24CF21	Shenzhen State Micro	
24CF24	Beijing Xiaomi Mobile	Phone
24D0DF	Apple	Phone
24D13F	Mexus	
24D1A1	Shenzhen Cultraview	
24D208	Sensata	
24D2CC	SmartDrive	
24D337	Xiaomi	Phone
24D3F2	zte	Phone
24D51C	Zhongtian broadband	
24D53B	Motorola Mobility LLC,	Phone
24D5E4	Cisco	Router
24D660	Silicon Laboratories	
24D76B	Syntronic AB	
24D79C	Cisco	Router
24D7EB	Espressif	IoT
24D81E	MirWifi,Joint-Stock	
24D904	Sichuan Changhong	
24D921	Avaya	VoIP
24DA11	NO NDA	
24DA33	Huawei	Phone
24DA9B	Motorola Mobility LLC,	Phone
24DAB6	Sistemas de Gestión	
24DB94	Juniper	Router
24DBAC	Huawei	Phone
24DBAD	ShopperTrak RCT	
24DBED	Samsung	Phone
24DC0F	Phytium	
24DCC3	Espressif	IoT
24DD1B	Qingdao Hi-image	
24DE8A	Nokia Solutions and	
24DEC6	Hewlett Packard	Computer
24DEEB	Huawei	Phone
24DF17	Shenzhen Sande Dacom	
24DF6A	Huawei	Phone
24DFA7	Hangzhou BroadLink	Router
24E124	Xiamen Milesight IoT	
24E271	Qingdao Hisense	TV
24E29D	Huawei Device	Phone
24E314	Apple	Phone
24E3A4	Fiberhome	
24E3DE	China Telecom Fufu	
24E43F	Wenzhou Kunmei	
24E4C8	Fiberhome	
24E4CE	Kaon	
24E50F	Google	
24E5AA	Philips Oral Healthcare	Medical
24E6BA	JSC Zavod im. Kozitsky	
24E853	LG Innotek	
24E8CE	Qingdao Haier	Appliance
24E8E5	Shenzhen Skyworth	
24E927	TomTom	
24E9B3	Cisco	Router
24E9CA	Huawei Device	Phone
24EA40	Helmholz GmbH & Co	
24EB16	Intel Corporate	Computer
24EB65	SAET I.S. S.r.l	
24EBED	Huawei	Phone
24EC4A	Espressif	IoT
24EC51	ADF Technologies Sdn Bhd	
24EC99	Askey Computer	
24ECD6	CSG Science &	
24EDFD	Siemens Canada Limited	
24EE3A	Chengdu Yingji	
24EE5D	Vizio	TV
24EE9A	Intel Corporate	Computer
24EFB4	Shanghai Neardi	
24F094	Apple	Phone
24F0D3	Samsung	Phone
24F0FF	GHT	
24F128	Telstra	
24F150	Guangzhou Qi'an	
24F27F	Hewlett Packard	Computer
24F2DD	Radiant Vision	
24F306	Itel Mobile Limited	
24F3E3	eero	
24F40A	Samsung	Phone
24F57E	Hwh	
24F5A2	Belkin	
24F5AA	Samsung	Phone
24F603	Huawei	Phone
24F677	Apple	Phone
24F68D	Nokia	
24FAD4	ShenZhen More Star	
24FAD6	Emstone	
24FAF3	Shanghai Flexem	
24FB65	Huawei	Phone
24FBE3	HP	Computer
24FC4E	Juniper	Router
24FCE5	Samsung	Phone
24FD0D	Intelbras	
24FD52	Liteon	
24FD5B	SmartThings	Smart Home
24FDFA	Private	
24FE9A	CyberTAN	
2800AF	Dell	Computer
28011C	zte	Phone
2801CD	Mellanox	Switch
28022E	Apple	Phone
280244	Apple	Phone
280245	Konze System	
2802D8	Samsung	Phone
28047A	WNC	
2804C6	Wanan Hongsheng	
2804E0	Fermax Electronica S.A.U	
28052E	Dematic	
2805A5	Espressif	IoT
28061E	Ningbo Global Useful	
28068D	Itl	
280708	Samsung	Phone
28070D	Guangzhou Winsound	
280AEE	Renesas Electronics	
280B5C	Apple	Phone
280C28	Unigen DataStorage	
280C2D	Qualvision	
280C50	Intel Corporate	Computer
280CB8	Mikrosay Yazilim ve	
280DFC	Sony Interactive	Gaming
280E8B	Beijing Spirit	
280FC5	Beijing Leadsec	
280FEB	LG Innotek	
28101B	MagnaCom	
28107B	D-Link	Router
2811A5	Bose	Audio
2811A8	Intel Corporate	Computer
2811EC	Huawei	Phone
281293	Honor Device	Phone
2812D0	Motorola Mobility LLC,	Phone
281471	Lantis	
2815A4	Shenzhen Pinsu Zhilian	
28162E	2Wire	
28167F	Xiaomi	Phone
2816A8	Microsoft	Computer
2816AD	Intel Corporate	Computer
281709	Huawei	Phone
28172E	Fiberhome	
2817CB	Software Freedom	
2817CE	Omnisense	
281878	Microsoft	Computer
2818FD	Aditya Infotech	
281B04	Zalliant	
281D21	In One Smart	
281DAA	ASTI India Private	
281DFB	Huawei	Phone
28221E	Huawei	Phone
282246	Beijing Sinoix	
282373	Digita	
2823F5	China Mobile (Hangzhou)	
2824C9	Amazon	
2824FF	WNC	
282536	Shenzhen Holatek	
28255F	Humax	
2826A6	PBR	
2827BF	Samsung	Phone
28285D	Zyxel	Router
282947	Chipsea Technologies	
282986	APC by Schneider	Industrial
2829CC	Corsa Technology	
2829D9	GlobalBeiMing	
282A87	Itel Mobile Limited	
282B96	Huawei Device	Phone
282BB9	Shenzhen Xiongxin	
282C02	IEEE Registration	
282CB2	Tp-Link	Router
282CC4	Huawei	Phone
282D06	AMPAK	
282D7F	Apple	Phone
282E30	Mechatronics Innovation	
282E89	WNC	
282FC2	Automotive Data	
2830AC	Frontiir	
283152	Huawei	Phone
283166	vivo Mobile	Phone
28317E	Hongkong Nano IC	
2831F8	Huawei	Phone
2832C5	HUMAX	
283334	Huawei Device	Phone
283410	Enigma Diagnostics	
2834A2	Cisco	Router
2834FF	Apple	Phone
28353A	Huawei	Phone
283545	Shenzhen Chuangwei-Rgb	
283613	IEEE Registration	
283638	IEEE Registration	
2836F0	Huawei Device	Phone
283713	Shenzhen 3Nod Digital	
28372F	Espressif	IoT
283737	Apple	Phone
28385C	Flextronics	
2838CF	Gen2wave	
283926	CyberTAN	
28395E	Samsung	Phone
283984	Qidi Technology	
2839E7	Preceno	
283A4D	Cloud Network	
283B82	D-Link	Router
283B96	Cool Control	
283C90	Texas Instruments	IoT
283CE4	Huawei	Phone
283DC2	Samsung	Phone
283DE8	Guangzhou Shiyuan	
283E0C	Preferred Robotics	
283E76	Common	
283F69	Sony	
28401A	C8 MediSensors	
2840DD	Sony Interactive	Gaming
284121	OptiSense	
2841C6	Huawei	Phone
2841EC	Huawei	Phone
2843DC	United Memory	
284430	Arcade	
2844F4	Honor Device	Phone
2845AC	Huawei Device	Phone
2847AA	Nokia	
284846	GridCentric	
2848E7	Huawei Device	Phone
284992	Luminator Technology	
2849E9	Apple	Phone
284B54	Apple	Phone
284C53	Intune	
284D7D	zte	Phone
284D92	Luminator Technology	
284E44	Huawei	Phone
284ED7	OutSmart Power	
284EE9	mercury corperation	
284FCE	Liaoning Wontel Science	
285132	Shenzhen Prayfly	
285261	Cisco	Router
2852E0	Layon international	
2852F9	Zhongxin Intelligent	
28534E	Huawei	Phone
2853E0	Sintela	
285471	Huawei Device	Phone
28562F	Espressif	IoT
28563A	Fiberhome	
28565A	Hon Hai Precision Ind	
2856C1	Harman/Becker Automotive	Automotive
28575D	Apple	Phone
285767	Dish	
2857BE	Hangzhou Hikvision	Camera
285923	Xiaomi	Phone
285AEB	Apple	Phone
285B0C	Sichuan Jiuzhou	
285F2F	RNware	
285FDB	Huawei	Phone
286046	Lantech Communications	
286094	Capelec	
286336	Siemens	Industrial
2863BD	Aptiv Services Us	Automotive
2864B0	Huawei Device	Phone
2864EF	Shenzhen Fsan	
28656B	Keystone Microtech	
2866E3	AzureWave	
286847	Silicon Laboratories	
2868D2	Huawei	Phone
286926	OPTOKON, a.s	
286AB8	Apple	Phone
286ABA	Apple	Phone
286B35	Intel Corporate	Computer
286B5C	Cisco	Router
286BB4	SJIT	
286C07	XIAOMI	Phone
286D97	SAMJIN	
286DCD	Beijing Winner	
286DDA	Fiberhome	
286ED4	Huawei	Phone
286F40	Tonly	
286F7F	Cisco	Router
286FB9	Nokia Shanghai Bell	
28704E	Ubiquiti	Router
287184	Spire Payments	
2872C5	Smartmatic	
2872C6	Samsung	Phone
2872F0	Athena	
2873F6	Amazon	
2874F5	Nokia Solutions and	
2875D8	Fujian Star-Net	
287610	IgniteNet	
287681	Silicon Laboratories	
2876CD	Funshion Online	
287777	zte	Phone
2877B1	Tri plus grupa d.o.o	
2877F1	Apple	Phone
287994	Realplay Digital	
287AB4	Huawei	Phone
287AEE	Commscope	
287B09	zte	Phone
287B11	Hui Zhou Gaoshengda	
287CDB	Hefei Toycloud	
287E80	Hui Zhou Gaoshengda	
287FCF	Intel Corporate	Computer
288023	Hewlett Packard	Computer
28806E	Pirelli Tyre S.p.A	
288088	Netgear	Router
28808A	Huawei	Phone
2880A2	Inseego Wireless	
28827C	Bosch Automative	Automotive
288328	Emaldo	
288335	Samsung	Phone
2883C9	Apple	Phone
28840E	silicon valley	
288485	Espressif	IoT
2884FA	SHARP	TV
28852D	Touch	
2885BB	Zen Exim Pvt	
28875F	Annapurna	
288761	LG Innotek	
2887AF	Advantech Technology	Industrial
2887BA	TP-Link	Router
288915	CashGuard Sverige AB	
288A1C	Juniper	Router
288CB8	zte	Phone
288EB9	Wacom	
288EEC	Apple	Phone
288FF6	Apple	Phone
289104	TP-Link	Router
289176	Indyme Solutions	
2891D0	Stage Tec	Automotive
289200	Intel Corporate	Computer
28924A	Hewlett Packard	Computer
28937D	Sichuan Tianyi Comheart	
2893FE	Cisco	Router
289401	Netgear	Router
28940F	Cisco	Router
2894AF	Samhwa Telecom	
289529	Intel Corporate	Computer
2896B0	Huawei	Phone
2897B8	myenergi	
28987B	Samsung	Phone
28993A	Arista	Switch
2899C7	Lindsay Broadband	
289A4B	SteelSeries ApS	Gaming
289AF7	ADVA Optical Networking	
289AFA	TCT mobile	
289C6E	Shanghai High-Flying	
289E1E	Texas Instruments	IoT
289E97	Huawei	Phone
289EDF	Danfoss Turbocor	
289EFC	Sagemcom Broadband SAS	Storage
289F04	Samsung	Phone
28A02B	Apple	Phone
28A06B	Intel Corporate	Computer
28A183	Alpsalpine Co,.Ltd	
28A186	enblink	Camera
28A192	GERP Solution	
28A1EB	Etek Technology	
28A241	exlar	
28A24B	Juniper	Router
28A331	Sierra Wireless, ULC	
28A44A	Intel Corporate	Computer
28A53F	vivo Mobile	Phone
28A574	Miller Electric Mfg. Co	
28A5EE	Shenzhen SDGI CATV	
28A6AC	seca gmbh & co	
28A6DB	Huawei	Phone
28A915	Servercom (India)	
28AC67	Mach Power,	
28AC9E	Cisco	Router
28AD18	Hui Zhou Gaoshengda	
28AD3E	Shenzhen TONG BO WEI	
28ADEA	Mallow SAS	
28AF0A	Sirius XM Radio	
28AF21	zte	Phone
28AF42	Samsung	Phone
28AFE5	Shenzhen C-Data	
28AFFD	Cisco	Router
28B0CC	Xenya d.o.o	
28B133	SHINEMAN(SHENZHEN)	
28B20B	NXP USA	IoT
28B221	Sienda Multimedia	
28B27C	Sailing Northern	
28B2BD	Intel Corporate	Computer
28B371	Ruckus Wireless	Router
28B3AB	Genmark Automation	
28B3AF	Qualynxus	
28B446	Shenzhen Chuangwei-Rgb	
28B448	Huawei	Phone
28B4FB	Sprocomm	
28B591	Cisco	Router
28B5E8	Texas Instruments	IoT
28B67C	KEBODA Intelligent	
28B77C	IEEE Registration	
28B829	Juniper	Router
28B9D9	Radisys	
28BA18	NextNav	
28BAB5	Samsung	Phone
28BAB9	Acme Lighting	
28BB59	RNET	
28BBB2	Infinix mobility limited	
28BBED	Bouffalo Lab (Nanjing)	
28BC05	BLU Products	
28BC18	SourcingOverseas	
28BC56	EMAC	
28BD89	Google	
28BE03	TCT mobile	
28BE43	vivo Mobile	Phone
28BE9B	Vantiva USA	
28BEF3	Fujian Star-Net	
28BF89	Fiberhome	
28C01B	Shenzhen Skyworth	
28C039	Huawei	Phone
28C0DA	Juniper	Router
28C13C	Hon Hai Precision	
28C1A0	Apple	Phone
28C21F	Samsung	Phone
28C2DD	AzureWave	
28C538	Apple	Phone
28C5C8	HP	Computer
28C5D2	Intel Corporate	Computer
28C63F	Intel Corporate	Computer
28C671	Yota Devices OY	
28C68E	Netgear	Router
28C709	Apple	Phone
28C718	Altierre	
28C7CE	Cisco	Router
28C825	DellKing Industrial	Computer
28C87A	Commscope	
28C87C	zte	Phone
28C914	Taimag	
28C97A	New H3C	
28CA09	ThyssenKrupp Elevators	
28CB5C	Shenzhen CPETEK	
28CBEB	One	
28CC01	Samsung	Phone
28CCFF	Corporacion Empresarial	
28CD1C	Espotel Oy	
28CD4C	Individual Computers	
28CD9C	Shenzhen Dynamax	
28CDC1	Raspberry Pi Trading	IoT
28CDC4	Chongqing Fugui	
28CE15	Shenzhen Xinwei	
28CF08	Essys	
28CF51	Nintendo	Gaming
28CFDA	Apple	Phone
28CFE9	Apple	Phone
28D043	AzureWave	
28D044	Shenzhen Xinyin	
28D0CB	Adtran	
28D0EA	Intel Corporate	Computer
28D0F5	Ruijie	
28D127	Beijing Xiaomi Mobile	Phone
28D1AF	Nokia	
28D1B7	Shenzhen YOUHUA	
28D244	LCFC(Hefei)	
28D25A	Infinix mobility limited	
28D3EA	Huawei Device	Phone
28D41E	Barrot	
28D436	Jiangsu dewosi electric	
28D576	Premier Wireless	
28D5B1	Apple	Phone
28D6EC	Huawei	Phone
28D93E	Telecor	
28D98A	Hangzhou Konke	
28D997	Yuduan Mobile	
28DB02	zte	Phone
28DB81	Shanghai Guao Electronic	
28DBA7	Silicon Laboratories	
28DCC3	Huawei	Phone
28DE1C	Samsung	Phone
28DE59	Domus NTW	
28DE65	Hewlett Packard	Computer
28DEA8	zte	Phone
28DEE5	Huawei	Phone
28DEF6	bioMerieux	
28DFEB	Intel Corporate	Computer
28E02C	Apple	Phone
28E14C	Apple	Phone
28E297	Shanghai InfoTM	
28E31F	Xiaomi	Phone
28E347	Liteon	
28E34E	Huawei	Phone
28E424	New H3C	
28E476	Pi-Coral	
28E5B0	Huawei	Phone
28E608	Tokheim	
28E6A9	Samsung	Phone
28E6E9	SIS Sat Internet	
28E71D	Arista	Switch
28E794	Microtime Computer	
28E7CF	Apple	Phone
28E971	EM Microelectronic	
28E98E	Mitsubishi Electric	
28EA0B	Microsoft	Computer
28EA2D	Apple	Phone
28EA5B	Samsara	
28EB0A	Rolling Wireless	
28EBA6	Nex-T	
28EBB7	ambie	
28EC22	eero	
28EC95	Apple	Phone
28EC9A	Texas Instruments	IoT
28ED58	JAG Jakob	
28ED6A	Apple	Phone
28EDE0	AMPAK	
28EE2C	Frontline Test Equipment	
28EE52	Tp-Link	Router
28EED3	Shenzhen Super D	
28EF01	Amazon	
28F033	Apple	Phone
28F076	Apple	Phone
28F10E	Dell	Computer
28F358	2C - Trifonov & Co	
28F366	Shenzhen Bilian	
28F49B	Leetek	
28F52B	FN-LINK	
28F532	ADD-Engineering	Smart Home
28F537	IEEE Registration	
28F5D1	Commscope	
28F606	Syes	
28F79A	LX Semicon	
28F7D6	Fiberhome	
28F8C6	IEEE Registration	
28FA19	Shenzhen Jingxun	
28FA7A	Zhejiang Tmall	
28FAA0	vivo Mobile	Phone
28FBAE	Huawei	Phone
28FBD3	Ragentek	
28FC51	The Electric Controller	Smart Home
28FCF6	Shenzhen Xin KingBrand	
28FD80	IEEE Registration	
28FE65	DongGuan Siyoto	
28FECD	Lemobile Information	
28FEDE	COMESTA	
28FF3C	Apple	Phone
28FF3E	zte	Phone
28FF5F	HG Genuine Intelligent	
28FFB2	Toshiba	
2A0BB8	xFusion Digital	
2A1597	Cotsworks	
2A2F83	Uplink	
2A2FE2	onway	
2A47C9	Code Construct	
2A7F76	Wireless Broadband	
2A9FEB	AVnu Alliance	
2AA139	Pointguard	
2AA147	Distribuciones	
2AAC53	Wolfspyre	
2ABF3F	Linkplay	
2ADBD7	Vesper	
2AEA15	Tibit	
2AFD6A	Charter	
2C002A	Shenzhen TINNO Mobile	
2C002C	Unowhy	
2C0033	EControls	
2C00AB	Commscope	
2C00F7	Xos	
2C010B	NASCENT Technology, LLC	
2C01B5	Cisco	Router
2C029F	3ALogics	
2C0369	Accton	
2C0547	Shenzhen Phaten	
2C0613	China Mobile Group	
2C0623	Win Leader	
2C073C	Devline Limited	
2C0786	Huawei Device	Phone
2C07F6	SKG Health	
2C081C	Ovh	
2C0823	Sercomm France Sarl	
2C088C	HUMAX	
2C08B4	Huawei Device	Phone
2C094D	Raptor Engineering	Smart Home
2C09CB	Cobs Ab	
2C0B97	Xiaomi	Phone
2C0BAB	Huawei	Phone
2C0BE9	Cisco	Router
2C0D27	Huawei Device	Phone
2C0DA7	Intel Corporate	Computer
2C0DCF	Xiaomi	Phone
2C0E3D	Samsung	Phone
2C10C1	Nintendo	Gaming
2C1165	Silicon Laboratories	
2C157E	RADIODATA	
2C15BF	Samsung	Phone
2C15D9	Huawei	Phone
2C15E1	Phicomm (Shanghai)	
2C16BD	IEEE Registration	
2C17E0	SYSTEMES ET	
2C1809	Apple	Phone
2C1875	Skyworth Digital	
2C18AE	Trend	
2C195C	Beijing Xiaomi Mobile	Phone
2C1984	IDN Telecom	
2C1A01	Huawei	Phone
2C1A05	Cisco	Router
2C1A31	Electronics Company	
2C1B3A	Hui Zhou Gaoshengda	
2C1BC8	Hunan Topview Network	
2C1CF6	Alien Green	
2C1CF7	Apple	Phone
2C1DB8	Commscope	
2C1E4F	Chengdu Qianli	
2C1EEA	Aerodev	
2C1F23	Apple	Phone
2C200B	Apple	Phone
2C2080	Huawei Device	Phone
2C2131	Juniper	Router
2C2172	Juniper	Router
2C21D7	IMAX	
2C228B	Ctr	
2C233A	Hewlett Packard	Computer
2C245F	Babolat VS	
2C2617	Oculus VR	
2C265F	IEEE Registration	
2C26C5	zte	Phone
2C2768	Huawei	Phone
2C279E	IEEE Registration	
2C27D7	Hewlett Packard	Computer
2C27E4	Luxshare Precision	
2C282D	Bbk Educational	
2C28B7	Hangzhou Ruiying	
2C2997	Microsoft	Computer
2C2B86	Sagemcom Broadband SAS	Storage
2C2BDB	eero	
2C2BF9	LG Innotek	
2C2D48	Commend	
2C2FF4	eero	
2C301A	Technicolor CH USA Inc	Modem
2C3033	Netgear	Router
2C3068	Pantech	
2C3124	Cisco	Router
2C326A	Apple	Phone
2C3311	Cisco	Router
2C3341	China Mobile IOT	
2C3358	Intel Corporate	Computer
2C3361	Apple	Phone
2C337A	Hon Hai Precision Ind	
2C3427	Erco & Gener	
2C347B	Shenzhen Junge	
2C3557	ELIIY Power	
2C36A0	Capisco Limited	
2C36F2	Huawei	Phone
2C36F8	Cisco	Router
2C3731	Shenzhen Yifang Digital	
2C3796	Cybo	
2C37C5	Qingdao Haier	Appliance
2C3996	Sagemcom Broadband SAS	Storage
2C39C1	Ciena	
2C3A28	Fagor Electrónica	
2C3A91	Huawei Device	Phone
2C3AB1	Huawei Device	Phone
2C3AE8	Espressif	IoT
2C3AFD	AVM Audiovisuelles	Automotive
2C3B70	AzureWave	
2C3BFD	Netstor	
2C3C05	Marinesync	
2C3EBF	HOSIN Global	
2C3ECF	Cisco	Router
2C3F0B	Cisco Meraki	Router
2C3F38	Cisco	Router
2C3F3E	Alge-Timing	
2C3F87	Private	
2C402B	Smart iBlue Technology	
2C4053	Samsung	Phone
2C4138	Hewlett Packard	Computer
2C41A1	Bose	Audio
2C4205	Lytx	
2C431A	Shenzhen YOUHUA	
2C43BE	Sunnovo International	
2C4401	Samsung	Phone
2C441B	Spectrum Medical Limited	Medical
2C44FD	Hewlett Packard	Computer
2C459A	Dixon Technologies	
2C4759	Beijing MEGA	
2C4835	IEEE Registration	
2C4881	vivo Mobile	Phone
2C4A11	Ciena	
2C4B14	Sichuan Tianyi Comheart	
2C4C15	Juniper	Router
2C4C7D	New H3C	
2C4CC6	Murata Manufacturing	Smart Home
2C4D54	ASUSTek COMPUTER	Computer
2C4D79	Weifang Goertek	
2C4DDE	Tecno Mobile Limited	
2C4E7D	Chunghua Intelligent	
2C4F52	Cisco	Router
2C5089	Shenzhen Kaixuan Visual	
2C52AF	Huawei	Phone
2C532B	TCT mobile	
2C534A	Shenzhen Winyao	
2C53D7	Sonova	
2C542D	Cisco	Router
2C5491	Microsoft	Computer
2C54CF	LG Electronics (Mobile	Phone
2C553C	Vecima	
2C557C	Shenzhen YOUHUA	
2C55D3	Huawei	Phone
2C5683	China Mobile Group	
2C56DC	ASUSTek COMPUTER	Computer
2C572C	Allwinner	
2C5731	Wingtech Group	
2C5741	Cisco	Router
2C57CE	Apple	Phone
2C584F	Commscope	
2C58B9	HP	Computer
2C58E8	Huawei	Phone
2C5917	Arcadyan	
2C598A	LG Electronics (Mobile	Phone
2C59E5	Hewlett Packard	Computer
2C5A05	Nokia	
2C5A0F	Cisco	Router
2C5A8D	SYSTRONIK Elektronik u.	
2C5AA3	Promate Electronic	
2C5BB8	Guangdong Oppo Mobile	Phone
2C5BE1	Centripetal	
2C5D34	Guangdong Oppo Mobile	Phone
2C5D93	Ruckus Wireless	Router
2C5EAB	Mellanox	Switch
2C5FF3	Pertronic	
2C600C	Quanta Computer	Server
2C60CD	Nr Electric	
2C6104	Shenzhen Fenglian	
2C61F6	Apple	Phone
2C625A	Finest Security	Smart Home
2C6289	Regenersis (Glenrothes)	
2C6373	Sichuan Tianyi Comheart	
2C63A1	Huawei Device	Phone
2C641F	Vizio	TV
2C64F6	Wu Qi	
2C658D	Cisco	Router
2C66AD	NimbleTech Digital	
2C66F5	Shenzhen Electrical	
2C6798	InTalTech	
2C67AB	Ezelink Telecom	
2C67BE	DWnet	
2C67FB	ShenZhen Zhengjili	
2C691D	IEEE Registration	
2C693E	Huawei	Phone
2C69BA	RF Controls	
2C69CC	Valeo Detection	
2C6A6F	IEEE Registration	
2C6B7D	Texas Instruments	IoT
2C6BF5	Juniper	Router
2C6DC1	Intel Corporate	Computer
2C6E85	Intel Corporate	Computer
2C6F37	Nokia	
2C6F4E	Hubei Yuan Times	
2C6F51	Herospeed Digital	
2C6FC9	Hon Hai Precision Ind	
2C704F	zte	Phone
2C7155	HiveMotion	
2C71FF	Amazon	
2C72C3	Soundmatters	
2C7360	Earda	
2C73A0	Cisco	Router
2C750F	Shanghai	
2C75CB	Novitec	
2C7600	Apple	Phone
2C768A	Hewlett Packard	Computer
2C780E	Huawei Device	Phone
2C784C	Iton	
2C793D	Boditech Med	
2C79BE	Tp-Link	Router
2C79D7	Sagemcom Broadband SAS	Storage
2C7AF4	IEEE Registration	
2C7B5A	Milper	
2C7B84	OOO Petr Telegin	
2C7BA0	Intel Corporate	Computer
2C7CE4	Wuhan Tianyu	
2C7CF2	Apple	Phone
2C7E81	Commscope	
2C7ECF	Onzo	
2C8065	HARTING Inc. of North	
2C8158	Hon Hai Precision Ind	
2C81BF	Apple	Phone
2C8217	Apple	Phone
2C86D2	Cisco	Router
2C8A72	HTC	
2C8AC7	Ubee Interactive Co.,	
2C8BF2	Hitachi Metals America	
2C8D37	Virtium	
2C8D48	Smart Innovation	
2C8DB1	Intel Corporate	Computer
2C9127	Eintechno	
2C91AB	AVM Audiovisuelles	Automotive
2C922C	Kishu Giken Kogyou	
2C93FB	Sercomm France Sarl	
2C9452	Huawei	Phone
2C9464	Cincoze	
2C9520	Apple	Phone
2C9569	Commscope	
2C957F	zte	Phone
2C9662	Invenit	
2C9682	MitraStar	
2C9717	I.C.Y	
2C97B1	Huawei	Phone
2C97ED	Sony Imaging Products &	Camera
2C9811	Cloud Network	
2C9924	Commscope	
2C9975	Samsung	Phone
2C9AA4	Eolo SpA	
2C9C58	Cloud Network	
2C9D1E	Huawei	Phone
2C9D4B	Lavelle Networks	
2C9D5A	Flaircomm	
2C9D65	vivo Mobile	Phone
2C9D90	Mellanox	Switch
2C9E00	Sony Interactive	Gaming
2C9E5F	Commscope	
2C9EE0	Cavli	
2C9EEC	Jabil Circuit Penang	
2C9EFC	Canon	Camera
2C9FFB	WNC	
2CA02F	Veroguard	
2CA042	Huawei Device	Phone
2CA157	acromate	
2CA17D	Commscope	
2CA2B4	Fortify	
2CA30E	Power Dragon	
2CA327	Oraimo Technology	
2CA539	Parallel Wireless	
2CA59C	Hangzhou Hikvision	Camera
2CA774	Texas Instruments	IoT
2CA780	True	
2CA797	Huawei	Phone
2CA79E	Huawei	Phone
2CA7EF	OnePlus Technology	Phone
2CA835	Rim	
2CA89C	Creatz	
2CA9F0	Guangdong Oppo Mobile	Phone
2CAA8E	Wyze	Camera
2CAB00	Huawei	Phone
2CAB25	Shenzhen Gongjin	
2CAB33	Texas Instruments	IoT
2CAB46	Ruckus Wireless	Router
2CABA4	Cisco SPVTG	Router
2CABEB	Cisco	Router
2CABEE	EM Microelectronic	
2CAC44	Conextop	
2CAD13	Shenzhen Zhilu	
2CAE2B	Samsung	Phone
2CAE46	Cloud Network	
2CAFC4	Private	
2CB05D	Netgear	Router
2CB0DF	Soliton Technologies Pvt	
2CB0FD	Shenzhen MiaoMing	
2CB115	Integrated Device	
2CB1B7	Mellanox	Switch
2CB21A	Phicomm (Shanghai)	
2CB301	Honor Device	Phone
2CB43A	Apple	Phone
2CB471	Tuya Smart	Smart Home
2CB68F	Huawei	Phone
2CB693	Radware	
2CB69D	RED Digital Cinema	
2CB6C2	zte	Phone
2CB6C8	Raisecom	
2CB7A1	Huawei Device	Phone
2CB8ED	SonicWall	Router
2CBABA	Samsung	Phone
2CBACA	Cosonic Electroacoustic	
2CBC87	Apple	Phone
2CBCBB	Espressif	IoT
2CBE08	Apple	Phone
2CBE97	Ingenieurbuero Bickele	
2CBEEB	Nothing Technology	
2CBEEE	Nothing Technology	
2CC1F4	Nokia Solutions and	
2CC253	Apple	Phone
2CC260	Oracle	
2CC3E6	Shenzhen Bilian	
2CC407	machineQ	
2CC44F	IEEE Registration	
2CC546	Huawei Device	Phone
2CC548	IAdea	
2CC5D3	Ruckus Wireless	Router
2CC682	Quectel Wireless	
2CC6A0	Lumacron	
2CC81B	Routerboard.com	
2CC8F5	Huawei Device	Phone
2CCA0C	Withus Planet	
2CCA16	Apple	Phone
2CCA75	Robert Bosch GmbH AnP	
2CCC15	Nokia	
2CCC44	Sony Interactive	Gaming
2CCC7A	AltoBeam	
2CCCE6	Skyworth Digital	
2CCD27	Precor	
2CCD43	Summit	
2CCD69	Aqavi.com	
2CCE1E	Cloudtronics	
2CCF58	Huawei	Phone
2CCF67	Raspberry Pi (Trading)	IoT
2CD02D	Cisco	Router
2CD05A	Liteon	
2CD066	Xiaomi	Phone
2CD141	IEEE Registration	
2CD1C6	Murata Manufacturing	Smart Home
2CD1DA	Keysight	
2CD26B	Fn-Link Technology	
2CD2E3	Guangzhou Aoshi	
2CD2E7	Nokia	
2CD3AD	Texas Instruments	IoT
2CD444	Fujitsu Limited	
2CD7FF	LANCOM	
2CD8AE	Shenzhen SEI Robotics	Appliance
2CD8DE	AltoBeam	
2CD974	Hui Zhou Gaoshengda	
2CDA3F	DongGuan Ramaxel Memory	
2CDA46	Samsung	Phone
2CDB07	Intel Corporate	Computer
2CDC78	Descartes Systems (USA)	
2CDCAD	WNC	
2CDCC1	EM Microelectronic	
2CDCD7	AzureWave	
2CDD0C	Discovergy	
2CDD5F	Shenzhen iComm	
2CDD95	Taicang T&W	
2CDDA3	Point Grey Research	
2CDDE9	Arista	Switch
2CDEDF	Guangxi Konaixin	
2CDEF5	TVS REGZA	
2CDF68	Apple	Phone
2CDFE6	Raisecom	
2CE032	TCL King Electrical	Phone
2CE099	Fujian Star-Net	
2CE187	New H3C	
2CE2A8	DeviceDesign	
2CE2D9	Huawei Device	Phone
2CE310	Stratacache	
2CE38E	Cisco	Router
2CE412	Sagemcom Broadband SAS	Storage
2CE5BD	Ubiquiti	Router
2CE64D	GD Midea	Appliance
2CE6CC	Ruckus Wireless	Router
2CE7A7	SJIT	
2CE871	Alert Metalguard ApS	
2CEA7F	Dell	Computer
2CEADA	ICC Intelligent	
2CEADC	Askey Computer	
2CEAFC	Intel Corporate	Computer
2CECA6	Huawei	Phone
2CECF7	Shenzhen SDMC	
2CED89	Huawei	Phone
2CEDB0	Huawei	Phone
2CEDEB	Alpheus Digital Company	
2CEE26	Petroleum Geo-Services	
2CF05D	Micro-Star INTL	
2CF0A2	Apple	Phone
2CF0EE	Apple	Phone
2CF1BB	zte	Phone
2CF203	Emko Elektronik San Ve	
2CF295	Huawei Device	Phone
2CF2A5	Sagemcom Broadband SAS	Storage
2CF432	Espressif	IoT
2CF4C5	Avaya	VoIP
2CF7F1	Seeed	IoT
2CF814	Cisco	Router
2CF89B	Cisco	Router
2CF8EC	Quectel Wireless	
2CFAA2	Alcatel-Lucent	VoIP
2CFB0F	Sagemcom Broadband SAS	Storage
2CFC8B	Guangdong Oppo Mobile	Phone
2CFCE4	CTEK Sweden AB	
2CFD37	Blue Calypso	
2CFDA1	ASUSTek COMPUTER	Computer
2CFDAB	Motorola (Wuhan)	Phone
2CFDB3	Tonly	
2CFDB4	Shenzhen Jingxun	
2CFE4F	Xiaomi	Phone
2CFE8B	Microchip	IoT
2CFEE2	Qingdao Hisense	TV
2CFF65	Oki Electric Industry	
2CFFEE	vivo Mobile	Phone
3000FC	Nokia	
3001AF	Cisco	Router
3003C8	Cloud Network	
30045C	Shenzhen SuperElectron	
300475	Qbic Communications Dmcc	
300505	Intel Corporate	Computer
30053F	JTI	
30055C	Brother	Printer
30074D	Samsung	Phone
30075C	Netis	
3007A3	Shenzhen Skyworth	
30084D	Trumpf Hüttinger	
300916	Apple	Phone
3009C0	Motorola Mobility LLC,	Phone
3009F9	IEEE Registration	
300A60	IEEE Registration	
300A9D	Axino Solutions	
300AC5	Ruio telecommunication	
300B9C	Delta Mobile	
300C23	zte	Phone
300D2A	Zhejiang Wellcom	
300D43	Microsoft Mobile Oy	
300D9E	Ruijie	
300E43	Apple	Phone
300EB8	LG	Phone
300ED5	Hon Hai Precision Ind	
300EE3	Aquantia	
3010B3	Liteon	
3010E4	Apple	Phone
301389	Siemens AG, Automations	Industrial
30138B	HP	Computer
30142D	Piciorgros	
30144A	WNC	
301518	Ubiquitous Communication	
301577	Zyxel	Router
30168D	ProLon	
30169D	Mercusys	
3017C8	Sony	
3018CF	DEOS control	
301966	Samsung	Phone
301984	Huawei	Phone
301A28	Mako	
301A30	Mako	
301ABA	Guangdong Oppo Mobile	Phone
301B97	Lierda Science &	
301C22	Hewlett Packard	Computer
301D49	Firmus	
301F48	zte	Phone
301F9A	IEEE Registration	
30215B	Shenzhen Ostar Display	
302303	Belkin	
302364	Nokia Shanghai Bell	
3023BA	Accelerated Memory	
3023CD	Fujian Star-Net	
302432	Intel Corporate	Computer
302450	Hangzhou Huacheng	
302478	Sagemcom Broadband SAS	Storage
3024A9	HP	Computer
3027CF	Canopy Growth	
30292B	eero	
30294B	Huawei	Phone
302952	Hillstone	
3029BE	Shanghai MRDcom	
302BDC	Top-Unum	
302DE8	JDA, LLC (JDA Systems)	
302F1E	Siemens	Industrial
302FAC	Zhejiang HuaRay	
30305F	Valeo Schalter und	
3030D0	Texas Instruments	IoT
3030F9	Espressif	IoT
30317D	Hosiden	
303180	Shenzhen Skyworth	
303235	Qingdao	
303294	W-IE-NE-R Plein & Baus	
3032D4	Hanilstm	
303335	Boosty	
303422	eero	
3034D2	Availink	
3034DB	LG Innotek	
3034F6	Vantiva Connected Home	
3035AD	Apple	Phone
3035C5	Huawei Device	Phone
3037A6	Cisco	Router
3037B3	Huawei	Phone
303855	Nokia	
303926	Sony	
303955	Shenzhen Jinhengjia	
3039A9	Hongshan Information	
3039F2	ADB Broadband Italia	
303A4A	eero	
303A64	Intel Corporate	Computer
303ABA	Guangzhou BaoLun	
303B49	Cisco Meraki	Router
303B7C	Apple	Phone
303D08	Glintt Tes	
303D51	IEEE Registration	
303EA7	Intel Corporate	Computer
303EAD	Sonavox Canada	
303F5D	Pt Han Sung	
303F7B	Shenzhen YOUHUA	
303FBB	Hewlett Packard	Computer
304074	zte	Phone
304174	Altec Lansing	
3041DB	vivo Mobile	Phone
304225	Burg-Wächter	
304240	zte	Phone
3042A1	ilumisys Inc. DBA	
3043D7	IEEE Registration	
304449	PLATH Signal Products	
304487	Hefei Radio	
3044A1	Shanghai Nanchao	
304511	Texas Instruments	IoT
304596	Huawei	Phone
30469A	Netgear	Router
30487D	Tuya Smart	Smart Home
30493B	Nanjing Z-Com Wireless	
304950	IEEE Registration	
30499E	Huawei	Phone
304A26	Shenzhen Trolink	
304AC4	Barrot	
304B07	Motorola Mobility LLC,	Phone
304C7E	Panasonic Electric	
304D1F	Amazon	
304E1B	Huawei Device	Phone
304EC3	Tianjin Techua	
304F00	Guangdong Oppo Mobile	Phone
304F75	Zhone	
305075	GN Audio A/S	Automotive
3050CE	Xiaomi	Phone
3050F1	Ennoconn	
3050FD	Skyworth Digital	
3051F8	BYK-Gardner	
305223	GD Midea	Appliance
305253	BuildJet	
30525A	NST	
3052CB	Liteon	
30535B	Shenzhen Comnect	
3053C1	Cresyn	
3055ED	Trex	
30560F	GIGA-BYTE TECHNOLOGY CO	Computer
305684	Shenzhen Yunji	
305696	Infinix mobility limited	
305714	Apple	Phone
30578E	eero	
3057AC	Irlab	
305890	Frontier Silicon	
3058EB	zte	Phone
30595B	streamnow	
3059B7	Microsoft	
305A3A	ASUSTek COMPUTER	Computer
305A99	Sichuan Tianyi Comheart	
305D38	Beissbarth	
305DA6	ADVALY SYSTEM	
305F77	New H3C	
30600A	Cig Shanghai	
306023	Commscope	
306112	PAV	
306118	Paradom	
3061A2	Huawei	Phone
306222	Samsung	Phone
30636B	Apple	Phone
306371	Shenzhenshi Xinzhongxin	
3063CF	Zhejiang Cainiao Supply	
3063EA	Juniper	Router
3065EC	Wistron (ChongQing)	
3066D0	Huawei Device	Phone
3067A1	Sagemcom Broadband SAS	Storage
30688C	Reach	
306893	TP-Link	Router
30694B	Rim	
306A85	Samsung	Phone
306CBE	Skymotion Technology	
306D34	Wu Qi	
306DF9	Guangdong Oppo Mobile	Phone
306E5C	Validus	
306F07	Nations	
3071B2	Hangzhou Prevail	
307350	Inpeco	
307467	Samsung	Phone
307496	Huawei	Phone
307512	Sony	
30766F	LG Electronics (Mobile	Phone
3076F5	Espressif	IoT
3077CB	Maike	
3077DF	Terex	
30785C	Partow Tamas Novin	
30786B	TIANJIN Golden Pentagon	
3078C2	Innowireless / QUCELL	
3078D3	Virgilant	
307A05	Huawei	Phone
307A57	Accuenergy (CANADA)	
307AD2	Apple	Phone
307BAC	New H3C	
307BC9	Shenzhen Bilian	
307C30	Rim	
307C4A	Huawei Device	Phone
307C5E	Juniper	Router
307CB2	Anov France	
307ECB	Sfr	
307F10	Guangdong Oppo Mobile	Phone
30809B	New H3C	
308216	Apple	Phone
30836B	SteeRetail	
308398	Espressif	IoT
3083D2	Motorola Mobility LLC,	Phone
308454	Guangdong Oppo Mobile	Phone
3085A9	ASUSTek COMPUTER	Computer
3085EB	Fiberhome	
30862D	Arista	Switch
3086F1	Fiberhome	
308730	Huawei	Phone
3087D9	Ruckus Wireless	Router
308841	Sichuan AI-Link	
308944	DEVA Broadcast	
30894A	Intel Corporate	Computer
308976	Dalian Lamba	
308999	Guangdong East Power Co	
3089A6	Huawei	Phone
3089D3	Hongkong Ucloudlink	Router
3089EC	Nintendo	Gaming
308AF7	Huawei Device	Phone
308B23	Annapurna	
308BB2	Cisco	Router
308CFB	Dropcam	
308D99	Hewlett Packard	Computer
308DD4	Huawei	Phone
308E7A	Shenzhen iComm	
308ECF	Huawei	Phone
309048	Apple	Phone
3090AB	Apple	Phone
309176	Skyworth Digital	
30918F	Vantiva Technologies	
3092F6	Shanghai Sunmon	
3093BC	Sagemcom Broadband SAS	Storage
309435	vivo Mobile	Phone
309587	Hunan Fn-Link	
3095E3	Shanghai Simcom Limited	
309610	Huawei Device	Phone
30963B	Huawei Device	Phone
3096FB	Samsung	Phone
309935	zte	Phone
309BAD	Bbk Educational	
309C23	Micro-Star INTL	
309E1D	Ohsung	
309E62	Huawei	Phone
309FFB	Ardomus	
30A023	Rock Path S.R.L	
30A033	Apple	Phone
30A176	Fiberhome	
30A1FA	Huawei	Phone
30A220	ARG Telecom	
30A243	Shenzhen Prifox	
30A2C2	Huawei Device	Phone
30A30F	Huawei	Phone
30A3B5	Jiangsu Best Tone	
30A452	Arrival Elements	
30A612	ShenZhen Hugsun	
30A771	Jiang Su Fulian	
30A889	Decimator Design	
30A8DB	Sony	
30A998	Huawei Device	Phone
30A9DE	LG Innotek	
30AABD	Shanghai Reallytek	
30AAE4	Huawei Device	Phone
30AB6A	Samsung	Phone
30ACED	Packet Clearing House	Smart Home
30AE7B	Deqing Dusun Electron	
30AEA4	Espressif	IoT
30AEF6	Radio Mobile Access	
30AF7E	Texas Instruments	IoT
30AFCE	vivo Mobile	Phone
30B037	New H3C	
30B0EA	Shenzhen Chuangxin	
30B164	Power	
30B1B5	Arcadyan	
30B216	Hitachi Energy Germany	
30B237	GD Midea	Appliance
30B29F	Evident	
30B346	Cjsc Norsi-Trans	
30B3A2	Shenzhen Heguang	
30B49E	Tp-Link	Router
30B4B8	LG	Phone
30B5C2	Tp-Link	Router
30B5F1	Aitexin	
30B62D	Mojo	Access Point
30B64F	Juniper	Router
30B7D4	Hitron	
30B851	Siemens	Industrial
30B89A	Kryon Technology	
30B930	zte	Phone
30B9B0	Intracom Asia	
30BB28	IEEE Registration	
30BB43	Sixi	
30BB7D	OnePlus Technology	Phone
30BC4F	Beijing Jianguo Bite	
30BD13	Zyxel	Router
30BDFE	Sichuan Tianyi Comheart	
30BE29	AltoBeam	
30BE3B	Mitsubishi Electric	
30C01B	Shenzhen Jingxun	
30C0AE	Apple	Phone
30C3D9	Alpsalpine Co,.Ltd	
30C507	ECI Telecom	
30C50F	Huawei	Phone
30C599	ASUSTek COMPUTER	Computer
30C6AB	zte	Phone
30C6D7	New H3C	
30C6F7	Espressif	IoT
30C750	MIC	
30C7AE	Samsung	Phone
30C82A	WI-BIZ	
30C8A2	Shenzhen Transchan	
30C91B	Zhen Shi Information	
30C922	Espressif	IoT
30C9AB	Cloud Network	
30C9CC	Samsung	Phone
30CB36	Belden Singapore	
30CB89	OnLogic	
30CBC7	Cambium Networks Limited	Access Point
30CBF8	Samsung	Phone
30CC21	zte	Phone
30CDA7	Samsung	Phone
30D042	Dell	Computer
30D16B	Liteon	
30D17E	Huawei	Phone
30D32D	devolo	
30D357	Logosol	
30D386	zte	Phone
30D46A	Autosales Incorporated	
30D4E2	Huawei	Phone
30D51F	Prolights	
30D53E	Apple	Phone
30D587	Samsung	Phone
30D659	Merging	
30D6C9	Samsung	Phone
30D7A1	Apple	Phone
30D875	Apple	Phone
30D941	Raydium Semiconductor	
30D959	Shanghai Longcheer	
30D97F	Tech4home, Lda	
30D9D9	Apple	Phone
30DCE7	zte	Phone
30DDAA	Zhejiang Dahua	Camera
30DE4B	TP-Link	Router
30DE86	Cedac Software S.r.l	
30DF17	Alpsalpine Co,.Ltd	
30DF8D	Shenzhen Gongjin	
30E044	Google	
30E04F	Apple	Phone
30E090	Genevisio	
30E171	Hewlett Packard	Computer
30E1F1	Intelbras	
30E226	Apple	Phone
30E271	Fsas	
30E283	Texas Instruments	IoT
30E37A	Intel Corporate	Computer
30E396	Huawei Device	Phone
30E3A4	Intel Corporate	Computer
30E3D6	Spotify USA	Audio
30E48E	Vodafone UK	
30E4D8	Huawei Device	Phone
30E4DB	Cisco	Router
30E7BC	Guangdong Oppo Mobile	Phone
30E8E4	Qorvo	
30E98E	Huawei	Phone
30EA26	Sycada	
30EB15	Huawei Device	Phone
30EB1F	Skylab M&C	
30EB25	Intek Digital	
30EB5A	Landis+Gyr	
30EC7C	Shenzhen Along	
30ECA3	Alfatron	
30ED96	LS Mecapion	
30EDA0	Espressif	IoT
30EFD1	Alstom Strongwish	
30F028	Bosch Sicherheitssysteme	
30F03A	UEI Electronics Private	
30F23C	Tecno Mobile Limited	
30F31D	zte	Phone
30F335	Huawei	Phone
30F33A	+plugg	
30F42F	Esp	
30F527	New H3C	
30F600	Sagemcom Broadband SAS	Storage
30F65D	Hewlett Packard	Computer
30F6B9	Ecocentric Energy	
30F6EF	Intel Corporate	Computer
30F70D	Cisco	Router
30F772	Hon Hai Precision Ind	
30F77F	S Mobile Devices Limited	
30F7C5	Apple	Phone
30F7D7	Thread	
30F856	Extreme	Switch
30F947	Shenzhen Skyworth	
30F94B	Universal	
30F9ED	Sony	
30FAB7	Tunai Creative	
30FB10	Silicon Laboratories	
30FB68	Wuhan Zmvision	
30FB94	Shanghai Fangzhiwei	
30FBB8	Huawei	Phone
30FC68	Tp-Link	Router
30FC8C	Vantiva - Connected Home	
30FCEB	LG Electronics (Mobile	Phone
30FD11	Macrotech (Usa)	
30FD34	COMMANDO Networks Pvt	
30FD38	Google	
30FD65	Huawei	Phone
30FE31	Nokia	
30FE6C	Apple	Phone
30FEFA	Cisco	Router
30FFF6	HangZhou KuoHeng	
30FFFD	Huawei	Phone
34008A	IEEE Registration	
3400A3	Huawei	Phone
340286	Intel Corporate	Computer
34029B	Plexonics Technologies	Media Player
34029C	D-Link	Router
34033D	HP	Computer
3403DE	Texas Instruments	IoT
34049E	IEEE Registration	
340557	vivo Mobile	Phone
34074F	AccelStor	
3407AC	Pronyx Trading	
3407FB	Ericsson AB	
340804	D-Link	Router
3408BC	Apple	Phone
3408E1	Texas Instruments	IoT
340962	Hangzhou Hikvision	Camera
3409C9	Dongguan Huayin	
3409E9	Harman/Becker Automotive	Automotive
340A22	Top-Access	
340A33	D-Link	Router
340A98	Huawei	Phone
340AFF	Qingdao Hisense	TV
340B40	Mios Elettronica	
340CED	Moduel AB	
340E22	Apple	Phone
340F66	Web Sensing	
34105D	Texas Instruments	IoT
3410BE	Apple	Phone
3410D0	Huawei	Phone
3410F4	Silicon Laboratories	
341290	Treeview	
341298	Apple	Phone
3412DC	Qingdao HaierTechnology	Appliance
3412F9	Huawei	Phone
341343	GE Lighting	
3413A8	Mediplan Limited	
3413E8	Intel Corporate	Computer
341453	Gantner Electronic	
34145F	Samsung	Phone
3414B5	Texas Instruments	IoT
341513	Texas Instruments	IoT
341530	vivo Mobile	Phone
341593	Ruckus Wireless	Router
34159E	Apple	Phone
341736	Shenzhen iComm	
3417DD	Sercomm France Sarl	
3417EB	Dell	Computer
34194D	Arcadyan	
341A35	Fiberhome	
341A4C	Shenzhen Weibu	
341B22	Grandbeing	
341B2D	Cisco	Router
341CF0	Xiaomi	Phone
341E6B	Huawei	Phone
341FC4	Shenzhen V-Link	
341FE4	Commscope	
342003	Shenzhen Feitengyun	
3420D3	Shenzhen Ip-Com	
3420E3	Ruckus Wireless	Router
342109	Jensen Scandinavia AS	
3422CF	AUMOVIO	
342387	Hon Hai Precision Ind	
3423BA	Samsung	Phone
34243E	zte	Phone
34255D	Shenzhen Loadcom	
3425B4	Silicon Laboratories	
3425BE	Amazon	
342601	Huawei	Phone
342606	CarePredict	
3426E6	Cig Shanghai	
342792	Freebox Sas	
342840	Apple	Phone
342844	Kyung In	
342865	Juniper	Router
3428F0	ATN International	
342912	Huawei	Phone
34298F	IEEE Registration	
3429EA	Mcd Electronics Sp. Z	
3429EF	Qingdao Haier	Appliance
342AF1	Texas Instruments	IoT
342B6E	Apple	Phone
342B70	Arris	Modem
342C8E	Ufispace	
342CC4	Compal Broadband	
342D0D	Samsung	Phone
342DA3	Fiberhome	
342EB6	Huawei	Phone
342EB7	Intel Corporate	Computer
342F6E	Anywire	
342FBD	Nintendo	Gaming
343111	Samsung	Phone
34317F	Panasonic Appliances	
34318F	Apple	Phone
3431C4	AVM	
3432E6	Panasonic Industrial	
343607	Pinewave	
343638	Huawei	Phone
34363B	Apple	Phone
343654	zte	Phone
343759	zte	Phone
343794	Hamee	
343839	NEC Platforms	
3438AF	Inlab	
3438B7	HUMAX	
343916	Google	
343A20	Hewlett Packard	Computer
343C30	NXP Semiconductor	IoT
343D7F	Klipsch	
343D98	JinQianMao	
343DA9	Huawei	Phone
343DC4	Buffalo.Inc	Storage
343E25	Ohsung	
343EA4	Ring	Smart Home
3440B5	Ibm	
34415D	Intel Corporate	Computer
3441A8	ER-Telecom	
344262	Apple	Phone
344663	IEEE Registration	
34466F	HiTEM Engineering	Smart Home
3446EC	Huawei Device	Phone
344763	Comtrend	
34479A	Guangdong Oppo Mobile	Phone
3447D4	Chengdu Quanjing	
3448ED	Dell	Computer
344951	Eliyan	
34495B	Sagemcom Broadband SAS	Storage
344A1B	zte	Phone
344A86	Honor Device	Phone
344AC3	HuNan ZiKun Information	
344B3D	Fiberhome	
344B50	zte	Phone
344CA4	amazipoint	
344CC8	Echodyne	Smart Home
344DEA	zte	Phone
344DF7	LG Electronics (Mobile	Phone
344E2F	Lear	
344EE2	Huawei Device	Phone
344F3F	IO-Power	
344F5C	R&M	
344F69	Ekinops Sas	
34516F	Skychers Creations	
345180	TCL King Electrical	Phone
345184	Huawei Device	Phone
3451AA	Jid Global	
3451C9	Apple	Phone
3453D2	Sagemcom Broadband SAS	Storage
34543C	Takaoka Toko	
3454EF	Cisco	Router
345506	Guangdong Genius	
345594	Fujian Star-Net	
3455E5	SJIT	
3456ED	Goerdyna	
3456FE	Cisco Meraki	Router
345760	MitraStar	
345840	Huawei	Phone
34587C	Mirae Information	
34588A	Cisco	Router
345A06	SHARP	TV
345A18	Alignment Engine	
345A60	Micro-Star INTL	
345ABA	tcloud intelligence	Phone
345B11	Evi Heat Ab	
345B98	EM Microelectronic	
345BBB	GD Midea	Appliance
345C40	Cargt	
345CF3	Chipsea Technologies	
345D10	Wytek	
345D9E	Sagemcom Broadband SAS	Storage
345DA8	Cisco	Router
345E08	Roku	TV
345EE7	Hangzhou ChengFengErLai	
345F45	Espressif	IoT
3460F9	TP-Link	Router
346178	The Boeing	
346288	Cisco	Router
3462B4	Renesas Electronics	
3463D4	Bionix Supplychain	
3464A9	Hewlett Packard	Computer
346679	Huawei	Phone
346691	Apple	Phone
3466EA	Vertu International	
34684A	Teraworks	
346893	Tecnovideo	
346895	Hon Hai Precision Ind	
3468B5	Texas Instruments	IoT
346987	zte	Phone
346AC2	Huawei	Phone
346B46	Sagemcom Broadband SAS	Storage
346B5B	New H3C	
346BD3	Huawei	Phone
346C0F	Pramod Telecom Pvt	
346D9C	Carrier	Thermostat
346E68	Huawei	Phone
346E8A	Ecosense	
346E9D	Ericsson AB	
346F11	Qingdao Zhipai	
346F24	AzureWave	
346F3F	Hon Hai Precision	
346F71	TenaFe	
346F90	Cisco	Router
346F92	White Rodgers Division	
346FED	Enovation Controls	
347069	Cisco	Router
347146	Huawei Device	Phone
34732D	Cisco	Router
34735A	Dell	Computer
347379	xFusion Digital	
347563	Shenzhen Rf-Link	
3475C7	Avaya	VoIP
3476C5	I-O Data	
347839	zte	Phone
347877	O-Net Communications	
3478D7	Gionee Communication	
347916	Huawei	Phone
347A60	Commscope	
347C25	Apple	Phone
347DE4	Shenzhen Bilian	
347DF6	Intel Corporate	Computer
347E00	Huawei Device	Phone
347E39	Nokia Danmark A/S	
347E5C	Sonos	Smart Home
347ECA	Nextwill	
34800D	Cavium	
3480B3	Xiaomi	Phone
348137	Unicard	
3481C4	AVM	
3481F4	SST Taiwan	
3482C5	Samsung	Phone
3482DE	Kiio	
348302	iFORCOM	
3483D5	Huawei	Phone
348446	Ericsson AB	
3484E4	Texas Instruments	IoT
348511	Shenzhen Skyworth	
348518	Espressif	IoT
348584	Extreme	Switch
34862A	Heinz Lackmann GmbH & Co	
34865D	Espressif	IoT
3486DA	Honor Device	Phone
34873D	Quectel Wireless	
3487FB	Gtai	
348818	Cisco	Router
34885D	Logitech Far East	
348A12	Hewlett Packard	Computer
348A3B	Huawei Device	Phone
348A7B	Samsung	Phone
348AAE	Sagemcom Broadband SAS	Storage
348B75	Lava International(H.K)	
348C5E	Apple	Phone
348D13	Silicon Laboratories	
348D52	Sichuan Tianyi Comheart	
348E89	Hangzhou BroadLink	Router
348F27	Ruckus Wireless	Router
3490EA	Murata Manufacturing	Smart Home
34916F	UserGate	
3491F0	Dji Baiwang	
3492C2	Square Route	
349342	TTE	
34936F	Juniper	Router
349454	Espressif	IoT
3495DB	Logitec	
349671	Huawei	Phone
349672	Tp-Link	Router
349677	zte	Phone
34976F	Rootech	
3497D7	Yealink(Xiamen)	VoIP
3497F6	ASUSTek COMPUTER	Computer
3497FB	Advanced Rf	
34987A	Espressif	IoT
3498B5	Netgear	Router
34996F	VPI Engineering	Smart Home
349971	Quanta Storage	Server
3499D7	Universal Flow Monitors	
349A0D	ZBD Displays	
349B5B	Maquet	
349D90	Heinzmann GmbH & CO	
349E34	Evervictory Electronic	
349F7B	Canon	Camera
34A137	Huawei	Phone
34A183	AWare	
34A27D	Unisyue Technologies	
34A2A2	Huawei	Phone
34A34E	NevadaNano	
34A395	Apple	Phone
34A3BF	Terewave	
34A55D	Technosoft	
34A5B4	Navtech	
34A5E1	Sensorist ApS	
34A68C	Shine Profit	
34A6EF	Shenzhen Phaten	
34A709	Trevil	
34A7BA	Fischer	
34A843	KYOCERA Display	Printer
34A84E	Cisco	Router
34A8A0	Huawei	Phone
34A8DB	SenArch ApS	
34A8EB	Apple	Phone
34AA31	Shenzhen Skyworth	
34AA8B	Samsung	Phone
34AA99	Nokia	
34AAEE	Mikrovisatos Servisas	
34AB37	Apple	Phone
34AB95	Espressif	IoT
34AC11	China Mobile Group	
34AC2F	zte	Phone
34AD61	Celestica	
34ADE4	Shanghai Chint Power	
34AF2C	Nintendo	Gaming
34AFA3	Recogni	
34AFB3	Amazon	
34B1EB	Apple	Phone
34B1F7	Texas Instruments	IoT
34B20A	Huawei Device	Phone
34B354	Huawei	Phone
34B472	Espressif	IoT
34B4F0	Hasselblad (Shenzhen)	
34B571	Plds	
34B5A3	Cig Shanghai	
34B5F3	IEEE Registration	
34B7DA	Espressif	IoT
34B7FD	Guangzhou Younghead	
34B883	Cisco	Router
34B98D	Xiaomi	Phone
34BA38	Pal Mohan Electronics	
34BA51	Se-Kure Controls	
34BA75	Everest	
34BA9A	Asiatelco Technologies	
34BB1F	BlackBerry RTS	
34BB26	Motorola Mobility LLC,	Phone
34BC5E	eero	
34BCA6	Beijing Ding Qing	
34BD20	Hangzhou Hikrobot	
34BDC8	Cisco	Router
34BDF9	Shanghai WDK Industrial	
34BDFA	Cisco SPVTG	Router
34BE00	Samsung	Phone
34BF90	Fiberhome	
34C059	Apple	Phone
34C0F9	Rockwell Automation	Industrial
34C103	Hangzhou Huamu	
34C1E9	Ulak	
34C232	Samsung	Phone
34C386	Apple	Phone
34C3AC	Samsung	Phone
34C3D2	Fn-Link Technology	
34C3FD	Cisco	Router
34C459	Texas Instruments	IoT
34C515	Hewlett Packard	Computer
34C5D0	Hagleitner Hygiene	
34C69A	Enecsys	
34C6DD	Hangzhou Ezviz Software	
34C731	Alpsalpine Co,.Ltd	
34C7E9	Google	
34C803	Nokia	
34C8D6	IEEE Registration	
34C93D	Intel Corporate	Computer
34C99D	Eidolon	
34C9F0	LM	
34CA81	New H3C Intelligence	
34CB1A	Procter & Gamble	
34CC28	Nexpring	Smart Home
34CD6D	CommSky	
34CDB0	Espressif	IoT
34CDBE	Huawei	Phone
34CE00	XIAOMI	Phone
34CE69	Nokia Solutions and	
34CE94	Parsec (Pty)	
34CF6C	Hangzhou Taili wireless	
34CFB5	Robotic d.o.o	
34CFF6	Intel Corporate	Computer
34D09B	MobilMAX	
34D0B8	IEEE Registration	
34D262	Sz Dji	
34D270	Amazon	
34D2C4	RENA GmbH Print Systeme	
34D4E3	Atom Power	
34D509	Genexis	
34D693	Huawei Device	Phone
34D712	Smartisan Digital	
34D72F	Shenzhen SuperElectron	
34D737	IBG	
34D772	Xiamen Yudian Automation	
34D7B4	Tributary	
34D7F5	IEEE Registration	
34D856	Shenzhen Skyworth	
34D868	Broadcom Limited	
34D954	WiBotic	
34DAA1	Apple	Phone
34DAB7	zte	Phone
34DAC1	SAE Technologies	
34DB9C	Sagemcom Broadband SAS	Storage
34DBFD	Cisco	Router
34DC99	New H3C	
34DD04	Minut AB	
34DD7E	Umeox Innovations	
34DDCC	Google	
34DE1A	Intel Corporate	Computer
34DE34	zte	Phone
34DF20	Shenzhen	
34DF2A	Fujikon Industrial	
34E0CF	zte	Phone
34E0D7	Dongguan Qisheng	
34E12D	Intel Corporate	Computer
34E1A9	AVM Audiovisuelles	Automotive
34E1D1	IEEE Registration	
34E1D7	NXP Semiconductors	IoT
34E2FD	Apple	Phone
34E380	Genexis	
34E3DA	Hoval Aktiengesellschaft	
34E3FB	Samsung	Phone
34E42A	Automatic Bar Controls	
34E5EC	Palo Alto	Router
34E6AD	Intel Corporate	Computer
34E6D7	Dell	Computer
34E6E6	LG Innotek	
34E70B	HAN	
34E71C	Shenzhen YOUHUA	
34E894	Tp-Link	Router
34E911	vivo Mobile	Phone
34E9FE	Metis	
34EA10	Orbic North America	
34EA34	HangZhou Gubei	
34EAE7	Shanghai High-Flying	
34ECB6	Phyplus	
34ED0B	Shanghai XZ-COM.CO	
34ED1B	Cisco	Router
34EE16	Apple	Phone
34EE2A	ConMet	
34EF44	2Wire	
34EF8B	NTT DOCOMO BUSINESS	
34EFB6	Edgecore	
34EFD7	Huawei	Phone
34F015	Beijing Xiaomi Mobile	Phone
34F043	Samsung	Phone
34F084	Samsung	Phone
34F0CA	Shenzhen Linghangyuan	
34F150	Hui Zhou Gaoshengda	
34F223	Fujian Newland	
34F39A	Intel Corporate	Computer
34F39B	WizLAN	
34F5D7	Huawei Device	Phone
34F62D	SHARP	TV
34F64B	Intel Corporate	Computer
34F68D	Apple	Phone
34F6D2	Panasonic Taiwan	
34F716	Tp-Link	Router
34F86E	Parker Hannifin	
34F8DD	Apple	Phone
34F8E7	Cisco	Router
34F968	ATEK Products	
34FA1C	Beijing Xiaomi Mobile	Phone
34FA40	Guangzhou Robustel	
34FA9F	Ruckus Wireless	Router
34FC6F	Alcea	
34FC99	SJIT	
34FCA1	Micronet union	
34FCB9	Hewlett Packard	Computer
34FCEF	LG Electronics (Mobile	Phone
34FD6A	Apple	Phone
34FD70	Intel Corporate	Computer
34FE1C	Choung Hwa	
34FE77	Apple	Phone
34FE9E	Fujitsu Limited	
34FEC5	Shenzhen Sunwoda	
34FFF3	Huawei	Phone
380025	Intel Corporate	Computer
380118	ULVAC	
380146	Shenzhen Bilian	
380195	Samsung	Phone
380197	TSST Global	
38019F	Shenzhen Fast	
3802DE	Sercomm	
3802E3	Yichen (Shenzhen)	
380484	Apple	Phone
380525	IEEE Registration	
380546	Foctek Photonics	
3805AC	Piller	
3806B4	A.D.C	
3806E6	Arcadyan	
380716	Freebox Sas	
3807D4	Zeppelin	
3808FD	Silca Spa	
3809A4	Firefly Integrations	
3809FB	Apple	Phone
380A0A	Sky-City Communication	
380A4F	Prachi Enterprises	
380A94	Samsung	Phone
380AAB	Formlabs	
380B26	Mindray	
380B3C	Texas Instruments	IoT
380B40	Samsung	Phone
380DD4	Primax	
380E4D	Cisco	Router
380E7B	V.P.S. Thai	
380F4A	Apple	Phone
380FAD	Huawei	Phone
380FE4	Dedicated Network	
3810D5	AVM Audiovisuelles	Automotive
3810F0	Hewlett Packard	Computer
38127B	Crenet	
38141B	Secure Letter	
381428	Dell	Computer
38144E	Fiberhome	
3814A1	LG Innotek	
38165A	zte	Phone
381672	Shenzhen SuperElectron	
3816B3	HP	Computer
3816D1	Samsung	Phone
381730	Ulrich Lippert GmbH & Co	
381766	Promzakaz	
3817B1	Sagemcom Broadband SAS	Storage
3817C3	Hewlett Packard	Computer
3817E1	Vantiva USA	
38182B	Espressif	IoT
38184C	Sony Home	
381868	Intel Corporate	Computer
38192F	Nokia	
381A52	Seiko Epson	Printer
381B9E	Qingdao	
381C1A	Cisco	Router
381C23	Hilan	
381C4A	SIMCom Wireless	
381D14	Skydio	
381DD9	Fn-Link Technology	
381EC7	Chipsea	
381F26	IEEE Registration	
381F8D	Tuya Smart	Smart Home
382028	Huawei	Phone
382056	Cisco	Router
3820A8	ColorTokens	
382187	Midea	Appliance
3821C7	Hewlett Packard	Computer
382228	Telink Micro	
38229D	ADB Broadband Italia	
3822D6	Hangzhou H3C	
3822E2	HP	Computer
3822F4	Huawei Device	Phone
3824F1	Private	
38256B	Microsoft Mobile Oy	
3825F3	Mellanox	Switch
38262B	UTran	
382656	TCL King Electrical	Phone
3826CD	Andtek	
382835	zte	Phone
3828EA	Fujian Netcom	
38295A	Guangdong Oppo Mobile	Phone
3829DD	ONvocal	
382A19	Technica Engineering	Smart Home
382A8B	nFore	
382A8C	ALL Winner (Hong Kong)	
382B78	Eco Plugs Enterprise	
382C4A	ASUSTek COMPUTER	Computer
382CDB	Arista	Switch
382CE5	Tuya Smart	Smart Home
382DD1	Samsung	Phone
382DE8	Samsung	Phone
382FB0	GD Midea	Appliance
3830F9	LG Electronics (Mobile	Phone
38315A	Rinnai	
3831AC	Weg	
38327A	Routerboard.com	
3833C5	Microsoft	Computer
3835FB	Sagemcom Broadband SAS	Storage
38378B	Huawei	Phone
38384B	vivo Mobile	Phone
3838A6	Arista	Switch
383904	ittim	
38396C	Huawei Device	Phone
38398F	Silicon Laboratories	
3839CD	vivo Mobile	Phone
3839DD	Nokia	
383A21	IEEE Registration	
383B26	Jiangsu Qinheng	
383BC8	2Wire	
383C9C	Fujian Newland Payment	
383D5B	Fiberhome	
383E51	Espressif	IoT
383F10	DBL	
383FB3	Vantiva USA	
383FE8	Huawei	Phone
38420B	Sonos	Smart Home
384233	Wildeboer Bauteile	
3842A6	Ingenieurbuero Stahlkopf	
384369	Patrol Products	
38437D	Compal Broadband	
3843E5	Grotech	
3844BE	Espressif	IoT
38453B	Ruckus Wireless	Router
38454C	Light	
384554	Harman/Becker Automotive	Automotive
38458C	MyCloud	
384608	zte	Phone
384712	Luxottica Tristar	
3847BC	Huawei	Phone
3847F2	Recogni	
38484C	Apple	Phone
384A80	Samsung	Phone
384B24	Siemens	Industrial
384B5B	Ztron Technology Limited	
384B76	AIRTAME ApS	
384C4F	Huawei	Phone
384C90	Commscope	
384DD2	Huawei Device	Phone
384E56	Texas Instruments	IoT
384F49	Juniper	Router
384FF0	AzureWave	
38521A	Nokia	
385247	Huawei Device	Phone
385319	34ED LLC DBA Centegix	
38539C	Apple	Phone
385439	Guangzhou Shiyuan	
38549B	zte	Phone
3854F5	AltoBeam	
385610	CANDY HOUSE	
38563D	Microsoft	Computer
3856B5	Peerbridge Health	
38580C	Panaccess	
3859F8	MindMade Sp. z o.o	
3859F9	Hon Hai Precision Ind	
385AA8	Beijing Zhongdun	
385B44	Silicon Laboratories	
385C76	Plantronics	
385CFB	Silicon Laboratories	
385F66	Cisco SPVTG	Router
385FC3	Yu Jeong System	
386077	Pegatron	
3861A5	Grabango Co	
386233	Apple	Phone
38637F	Fiberhome	
3863BB	Hewlett Packard	Computer
3863F6	3Nod	
386407	Qingdao	
386504	Honor Device	Phone
3865B2	Apple	Phone
386645	OOSIC	
3866F0	Apple	Phone
386793	Asia Optical Co	
386893	Intel Corporate	Computer
3868A4	Samsung	Phone
3868BE	Sichuan Tianyi Comheart	
3868DD	Inventec	
386A77	Samsung	Phone
386B1C	Shenzhen Mercury	
386BBB	Commscope	
386C9B	Ivy Biomedical	Medical
386DED	Juniper	Router
386E21	Wasion	
386E88	zte	Phone
386EA2	vivo Mobile	Phone
386EB2	Huawei	Phone
386F6B	Guangdong Oppo Mobile	Phone
386FF4	Amazon	
38700C	Commscope	
387035	Nintendo	Gaming
3870F2	Huawei	Phone
3871DE	Apple	Phone
3872C0	Comtrend	
38736E	Huawei Device	Phone
3873EA	IEEE Registration	
387605	Inogeni	
3876CA	Shenzhen Smart	
3876D1	Euronda SpA	
387707	AltoBeam	
3877CD	Kokusai Electric	
387862	Sony	
387A0E	Intel Corporate	Computer
387A3C	Fiberhome	
387ACC	Shenzhen Bilian	
387B01	Shenzhen MiaoMing	
387B47	AKELA	
387C76	Universal Global	
387F8B	Apple	Phone
3880DF	Motorola Mobility LLC,	Phone
3881D7	Texas Instruments	IoT
388345	Tp-Link	Router
38839A	Shenzhen Rf-Link	
388479	Cisco Meraki	Router
388602	Flexoptix	
3886F7	Google	
38879C	Ei	
3887D5	Intel Corporate	Computer
38881E	Huawei	Phone
388871	Askey Computer	
3888A4	Apple	Phone
38892C	Apple	Phone
3889DC	Opticon Sensors Europe	
388A06	Samsung	Phone
388A21	UAB "Teltonika	
388AB7	ITC	
388ABE	Guangdong Oppo Mobile	Phone
388B59	Google	
388C50	LG	Phone
388CEF	Samsung	Phone
388D3D	WNC	
388E7A	Autoit	
388EE7	Fanhattan	
388F30	Samsung	Phone
389052	Huawei	Phone
3890A5	Cisco	Router
3890AF	zte	Phone
389148	zte	Phone
3891B7	Cisco	Router
3891D5	Hangzhou H3C	
3891FB	Xenox	
389201	Tianyi Telecom	
38922E	ArrayComm	
389231	Tecno Mobile Limited	
389461	Renesas Electronics	
389496	Samsung	Phone
3894E0	Syrotech	
3894ED	Netgear	Router
389592	Tendyron	
3897A4	Elecom	
3897D6	Hangzhou H3C	
3898D8	Meritech	
3898E9	Huawei Device	Phone
389AF6	Samsung	Phone
389B73	Gsd Viet Nam Technology	
389CB2	Apple	Phone
389D92	Seiko Epson	Printer
389E4C	Hewlett Packard	Computer
389E80	zte	Phone
389F5A	C-Kur TV	TV
389F77	Suzhou Retronic	
389F83	OTN Systems N.V	
38A067	Nokia Solutions and	
38A28C	Shenzhen Rf-Link	
38A3E0	1Finity	
38A44B	Huawei Device	Phone
38A4ED	Xiaomi	Phone
38A53C	COMECER Netherlands	
38A5B6	Shenzhen Megmeet	
38A5C9	Tuya Smart	Smart Home
38A659	Sagemcom Broadband SAS	Storage
38A6CE	Sky Uk Limited	
38A746	Compal Information	
38A851	Quickset Defense	
38A86B	Orga	
38A89B	Fiberhome	
38A8CD	IEEE Registration	
38A91C	New H3C	
38A95F	Actifio	
38A9EA	Hk Dapu Electronic	
38AA09	Cisco	Router
38AA20	zte	Phone
38AA3C	Samsung Electro	Phone
38AB16	Npo Rtt	
38AB41	Texas Instruments	IoT
38AC3D	Nephos	
38ACDD	Valenco	
38AD2B	Hitron	
38AD8E	New H3C	
38ADBE	New H3C	
38AF29	Zhejiang Dahua	Camera
38AFD0	Nevro	
38AFD7	Fujitsu Limited	
38B12D	Sonotronic Nagel	
38B14E	IEEE Registration	
38B19E	IEEE Registration	
38B1DB	Hon Hai Precision Ind	
38B3F7	Huawei Device	Phone
38B4D3	BSH Hausgeräte	
38B54D	Apple	Phone
38B5BD	E.G.O. Elektro-Ger	
38B5C9	Ingram Micro Services	
38B5D3	SecuWorks	
38B725	Wistron Infocomm	
38B74D	Fijowave Limited	
38B800	WNC	
38B8EB	IEEE Registration	
38B9AF	NXP Semiconductors	IoT
38BAB0	Broadcom	
38BAF8	Intel Corporate	Computer
38BB23	OzVision America	
38BB3C	Avaya	VoIP
38BC01	Huawei	Phone
38BC1A	MEIZU	
38BC61	Starkoff	
38BD7A	Hewlett Packard	Computer
38BEAB	AltoBeam	
38BF2F	Espec	
38BF33	NEC CASIO Mobile	
38C096	Alpsalpine Co,.Ltd	
38C0EA	Fortinet	Router
38C22D	Mellanox	Switch
38C2BA	Cctv Neotech	
38C43A	Apple	Phone
38C4E8	NSS Sp. z o.o	
38C6BD	Xiaomi	Phone
38C6CE	Nintendo	Gaming
38C70A	WiFiSong	
38C7BA	CS Services	
38C804	Hui Zhou Gaoshengda	
38C85C	Cisco SPVTG	Router
38C986	Apple	Phone
38C9A9	SMART High Reliability	
38C9B1	zte	Phone
38CA73	Shenzhen MiaoMing	
38CA84	HP	Computer
38CA97	Contour Design	
38CADA	Apple	Phone
38CD07	Beijing FaceCam	
38D09C	Huawei	Phone
38D135	EasyIO Corporation Sdn.	
38D269	Texas Instruments	IoT
38D2CA	Zhejiang Tmall	
38D40B	Samsung	Phone
38D518	GooWi Wireless	
38D547	ASUSTek COMPUTER	Computer
38D57A	Cloud Network	
38D620	Limidea Concept	Appliance
38D6E0	TOPDON	
38D7CA	7Hugs	
38D82F	zte	Phone
38D9A5	Mikotek Information	
38DBBB	Sunbow Telecom	
38DE35	Guangzhou Yuandianhe	
38DE60	Mohlenhoff	
38DEAD	Intel Corporate	Computer
38E054	Security Design	
38E08E	Mitsubishi Electric	
38E13D	Apple	Phone
38E158	Flaircomm	
38E1AA	zte	Phone
38E1F4	Sagemcom Broadband SAS	Storage
38E26E	ShenZhen Sweet Rain	
38E2C4	Texas Instruments	IoT
38E2CA	Katun	
38E2DD	zte	Phone
38E39F	Motorola Mobility LLC,	Phone
38E3C5	Taicang T&W	
38E563	Guangdong Oppo Mobile	Phone
38E595	Shenzhen Gongjin	
38E60A	Xiaomi	Phone
38E7C0	Hui Zhou Gaoshengda	
38E7D8	HTC	
38E8DF	b gmbh medien +	
38E8EE	Nanjing Youkuo Electric	
38E98C	Reco S.p.A	
38EAA7	Hewlett Packard	Computer
38EB47	Huawei	Phone
38EC07	Motorola Mobility LLC,	Phone
38EC0D	Apple	Phone
38EC11	Novatek Microelectronics	
38ECE4	Samsung	Phone
38ED18	Cisco	Router
38EE9D	Anedo	
38EFE3	Ingenico Terminals Sas	
38F098	Vapor Stone Rail	
38F0BB	CompuSoft A/S	
38F0C8	Logitech	
38F135	SensorTec-Canada	
38F18F	Technicolor (China)	Modem
38F195	Huawei	Phone
38F20D	Juniper	Router
38F23E	Microsoft Mobile Oy	
38F32E	Skullcandy	
38F33F	Tatsuno	
38F3AB	LCFC(Hefei)	
38F3FB	Asperiq	
38F406	Jinan USR IOT	
38F45E	H1-Radio	
38F554	Hisense Electric	TV
38F557	Jolata	
38F597	home2net	
38F601	Solid State Storage	
38F6CF	zte	Phone
38F6ED	EVK DI Kerschhaggl	
38F708	National Resource	
38F73D	Amazon	
38F7B2	Seojun Electric	
38F7CD	IEEE Registration	
38F7F1	Huawei Device	Phone
38F85E	HUMAX	
38F889	Huawei	Phone
38F8B7	V2Com Participacoes	
38F8CA	OWIN	
38F8F6	Adtran	
38F9D3	Apple	Phone
38F9F5	Garmin	Wearable
38FACA	Skyworth Digital	
38FB14	Huawei	Phone
38FBA0	Shenzhen Baseus	
38FC34	Huawei Device	Phone
38FC98	Intel Corporate	Computer
38FDF5	Renesas Electronics	
38FDF8	Cisco	Router
38FDFE	IEEE Registration	
38FEC5	Ellips	
38FF13	Joint Stock Company	
38FF36	Ruckus Wireless	Router
38FF59	Dell	Computer
3A0292	Video Electronics	
3A0E75	Kevcom	
3A1EC0	Genesis	
3A27A5	Wootware Computers (Pty)	
3A3541	Raspberry Pi (Trading)	IoT
3A5A27	Shenzhen Longsys	
3A5E03	Cirrus Data Solutions	
3A72C2	Huawei	Phone
3A765D	NewCoSemi(Beijing)	
3A78CA	SoundTalks NV	
3A796E	LX Semicon	
3AA3F8	IEEE 802.1 Chair	
3ABA37	Cirrent	
3AC6CF	Parakey AB	
3ACFC5	Quickline	
3AF521	Single Digits	
3C01EF	Sony	
3C0268	Infinera	
3C02B1	Creation Technologies LP	
3C0461	Commscope	
3C04BF	PRAVIS	
3C0518	Samsung	Phone
3C058E	Huawei	Phone
3C05AB	Product Creation Studio	
3C0630	Apple	Phone
3C0664	Beijing Leagrid	
3C06A7	Tp-Link	Router
3C0754	Apple	Phone
3C0771	Sony	
3C07D7	Apple	Phone
3C081E	Beijing Yupont Electric	
3C0868	Power Plus	
3C08CD	Juniper	Router
3C08F6	Cisco	Router
3C096D	Powerhouse Dynamics	
3C0A7A	Samsung	Phone
3C0AF3	Cloud Network	
3C0B4F	Intertech Services	
3C0B59	Tuya Smart	Smart Home
3C0C48	Servergy	
3C0C7D	Tiny Mesh AS	
3C0CDB	Union Man	
3C0D2C	Liquid-Markets	
3C0E23	Cisco	Router
3C0F02	Espressif	IoT
3C0FC1	KBC	
3C1040	daesung	
3C1060	Fiberhome	
3C106F	Albahith	
3C10E6	PHAZR	
3C11B2	Fraunhofer FIT	
3C135A	Xiaomi	Phone
3C13BB	Huawei	Phone
3C13CC	Cisco	Router
3C1512	Shenzhen Huanhu	
3C155A	Nokia	
3C15C2	Apple	Phone
3C15EA	Tescom	
3C15FB	Huawei	Phone
3C1640	Qingdao Haier	Appliance
3C1710	Sagemcom Broadband SAS	Storage
3C189F	Nokia	
3C18A0	Luxshare Precision	
3C1915	GFI Chrono Time	
3C195E	Samsung	Phone
3C197D	Ericsson AB	
3C19CB	Tecno Mobile Limited	
3C1A0F	ClearSky Data	
3C1A57	Cardiopulmonary	
3C1A65	Nokia	
3C1A79	Huayuan	
3C1A9E	VitalThings AS	
3C1ACC	Quectel Wireless	
3C1BF8	Hangzhou Hikvision	Camera
3C1CBE	Jadak	
3C1E04	D-Link	Router
3C1E13	Hangzhou Sunrise	
3C1EB5	Apple	Phone
3C2093	GD Midea	Appliance
3C20F6	Samsung	Phone
3C219C	Intel Corporate	Computer
3C227F	Quectel Wireless	
3C22FB	Apple	Phone
3C240A	Huawei Device	Phone
3C24F0	IEEE Registration	
3C25D7	Nokia	
3C25F8	Dell	Computer
3C26D5	Sotera Wireless	
3C26E4	Cisco	Router
3C2763	SLE quality engineering	Smart Home
3C286D	Google	
3C28A6	ALE	
3C2983	Samsung	Phone
3C2AB3	Telesystem	Storage
3C2AF4	Brother	Printer
3C2C30	Dell	Computer
3C2C94	杭州德澜科技有限公司（HangZhou	
3C2C99	Edgecore	
3C2CA6	Beijing Xiaomi	Phone
3C2D9E	Vantiva - Connected Home	
3C2DB7	Texas Instruments	IoT
3C2EF5	Silicon Laboratories	
3C2EF9	Apple	Phone
3C2EFF	Apple	Phone
3C2F3A	SFORZATO	
3C300C	Dewar	
3C306F	Huawei	Phone
3C3174	Google	
3C3178	Qolsys	
3C318A	Samsung	Phone
3C32B9	Guangdong Oppo Mobile	Phone
3C3300	Shenzhen Bilian	
3C3332	D-Link	Router
3C3464	Apple	Phone
3C3556	Cognitec	
3C3558	Cloud Network	
3C3576	Itel Mobile Limited	
3C363D	Nokia	
3C366A	Huawei	Phone
3C36E4	Commscope	
3C3712	AVM Audiovisuelles	Automotive
3C3786	Netgear	Router
3C381F	Huawei Device	Phone
3C3824	Xiaomi	Phone
3C3888	ConnectQuest	
3C38F4	Sony	
3C39A8	Shenzhen Taichi	
3C39C3	JW	
3C39C8	Apple	Phone
3C39E7	IEEE Registration	
3C3A73	Avaya	VoIP
3C3B4D	Toyo Seisakusho Kaisha,	
3C3B77	Apple	Phone
3C3B99	Itel Mobile Limited	
3C3BAD	China Dragon Technology	
3C3F51	2Crsi	
3C4015	12mm Health Technology	
3C404F	Guangdong Pisen	
3C410E	Cisco	Router
3C427E	IEEE Registration	
3C438E	Commscope	
3C450B	Sentry Equipment	
3C457A	Sky Uk Limited	
3C4645	Shanghai Infinity	
3C46A1	Ruckus Wireless	Router
3C46D8	Tp-Link	Router
3C4711	Huawei	Phone
3C479B	Theissen Training	
3C4937	ASSMANN Electronic	
3C49FF	Unionman	
3C4A92	Hewlett Packard	Computer
3C4AC9	Huawei Device	Phone
3C4C69	Infinity System S.L	
3C4CD0	Ceragon	
3C4DBE	Apple	Phone
3C4E47	Etronic A/S	
3C4E56	Shenzhen Chuangwei-Rgb	
3C5002	Apple	Phone
3C510E	Cisco	Router
3C5282	Hewlett Packard	Computer
3C52A1	TP-Link	Router
3C53D7	Cedes	
3C5447	Huawei	Phone
3C5576	Cloud Network	
3C55DB	Shenzhen Skyworth	
3C566E	Infinix mobility limited	
3C5731	Cisco	Router
3C574F	China Mobile Group	
3C5765	Unionman	
3C576C	Samsung	Phone
3C57BD	Kessler Crane	
3C57D5	FiveCo	
3C5836	Sagemcom Broadband SAS	Storage
3C585D	Sagemcom Broadband SAS	Storage
3C58C2	Intel Corporate	Computer
3C591E	TCL King Electrical	Phone
3C59C0	Huawei	Phone
3C5A37	Samsung	Phone
3C5AB4	Google	
3C5CC3	Shenzhen First Blue Chip	
3C5CC4	Amazon	
3C5CF1	eero	
3C5D29	Zhejiang Tmall	
3C5EC3	Cisco	Router
3C5F01	Synerchip	
3C6104	Juniper	Router
3C6105	Espressif	IoT
3C6200	Samsung	Phone
3C6278	Shenzhen Jetnet	
3C62F0	Sercomm	
3C64CF	TP-Link	Router
3C65D1	Huawei	Phone
3C6716	Lily Robotics	
3C672C	Sciovid	
3C678C	Huawei	Phone
3C6816	VXi	
3C69D1	ADC Automotive Distance	
3C6A2C	IEEE Registration	
3C6A48	Tp-Link	Router
3C6A7D	Niigata Power	
3C6A9D	Dexatek	
3C6AA7	Intel Corporate	Computer
3C6AD2	TP-Link	Router
3C6D66	NVIDIA	Computer
3C6D89	Apple	Phone
3C6E63	Mitron OY	
3C6F45	Fiberpro	
3C6F9B	zte	Phone
3C6FEA	Panasonic India Pvt	
3C6FF7	EnTek	
3C7059	MakerBot	
3C714B	Humax	
3C71BF	Espressif	IoT
3C7437	Rim	
3C754A	Commscope	
3C75DE	Guangdong Oppo Mobile	Phone
3C7625	zte	Phone
3C7787	Huawei Device	Phone
3C77E6	Hon Hai Precision Ind	
3C7843	Huawei	Phone
3C7873	Airsonics	
3C7895	TP-Link	Router
3C792B	Dongguan Auklink	
3C7A8A	Commscope	
3C7AAA	China Dragon Technology	
3C7AC4	Chemtronics	
3C7AF0	Itel Mobile Limited	
3C7C3F	ASUSTek COMPUTER	Computer
3C7D0A	Apple	Phone
3C7DB1	Texas Instruments	IoT
3C7F6E	Xiaomi	Phone
3C7F6F	Telechips	
3C806B	Hunan Voc Acoustics	
3C80AA	Ransnet Singapore	
3C8129	Inheco Industrial	
3C81D8	Sagemcom Broadband SAS	Storage
3C82C0	Vantiva USA	
3C831E	CKD	
3C8375	Microsoft	Computer
3C83B5	Advance Vision	
3C8427	Espressif	IoT
3C846A	Tp-Link	Router
3C869A	Huawei	Phone
3C86A8	Sangshin elecom.co	
3C86D1	vivo Mobile	Phone
3C894D	Dr. Ing. h.c. F. Porsche	Smart Home
3C8970	Neosfar	
3C8994	Sky Uk Limited	
3C89A6	Kapelse	
3C8A1F	Espressif	IoT
3C8AB0	Juniper	Router
3C8AE5	Tensun Information	
3C8B6E	Mellanox	Switch
3C8B7F	Cisco	Router
3C8BCD	Alcatel-Lucent Shanghai	VoIP
3C8BFE	Samsung	Phone
3C8C40	Hangzhou H3C	
3C8C93	Juniper	Router
3C8CF8	TRENDnet	
3C8D20	Google	
3C8F06	Shenzhen Libtor	
3C9066	SmartRG	
3C90E0	Huawei	Phone
3C912B	Vexata	
3C9157	Yulong Computer	
3C9174	Along Communication	
3C9180	Liteon	
3C92DC	Octopod	
3C93F4	Huawei	Phone
3C94D5	Juniper	Router
3C94FD	Mist	Access Point
3C9509	Liteon	
3C970E	Wistron	
3C9722	shenzhen worldelite	
3C977E	IPS Technology Limited	
3C9872	Sercomm	
3C98BF	Quest Controls	
3C996D	Marelli Europe s.p.a	
3C998C	Houwa System Design	
3C99F7	Lansentechnology AB	
3C9A77	Vantiva USA	
3C9BC6	Huawei Device	Phone
3C9BD6	Vizio	TV
3C9C0F	Intel Corporate	Computer
3C9D56	Huawei	Phone
3C9EC7	Sky Uk Limited	
3C9F81	Shenzhen CATIC Bit	
3C9FC3	Beijing Sinead	
3C9FCD	Shenzhen Neoway	
3CA00E	Shenzhen Skyworth	
3CA067	Liteon	
3CA070	Blink by Amazon	Camera
3CA10D	Samsung	Phone
3CA161	Huawei	Phone
3CA239	DGSQ	
3CA2C3	vivo Mobile	Phone
3CA308	Texas Instruments	IoT
3CA315	Bless Information &	
3CA31A	Oilfind	
3CA348	vivo Mobile	Phone
3CA37E	Huawei	Phone
3CA581	vivo Mobile	Phone
3CA616	vivo Mobile	Phone
3CA62F	AVM Audiovisuelles	Automotive
3CA6F6	Apple	Phone
3CA72B	MRV Communications	
3CA7AE	zte	Phone
3CA80A	vivo Mobile	Phone
3CA82A	Hewlett Packard	Computer
3CA8ED	smart light	
3CA916	Huawei Device	Phone
3CA9AB	Nintendo	Gaming
3CA9F4	Intel Corporate	Computer
3CAA3F	iKey	
3CAB72	Nanjing Qinheng	
3CAB8E	Apple	Phone
3CAE69	ESA	
3CAFB7	Xiaomi	Phone
3CB07E	Arounds Intelligent	
3CB0ED	Nothing Technology	
3CB15B	Avaya	VoIP
3CB17F	Wattwatchers Pty Ld	
3CB233	Huawei Device	Phone
3CB43D	SZ Tenveo video	Phone
3CB53D	Hunan Goke	
3CB6B7	vivo Mobile	Phone
3CB6E7	Handheld Scientific	
3CB72B	PLUMgrid	
3CB74B	Vantiva USA	
3CB792	Hitachi Maxell, Ltd.,	
3CB87A	Private	
3CB8D6	Bluebank Communication	
3CB922	Huawei	Phone
3CB9A6	Belden Deutschland	
3CBB73	Shenzhen Xinguodu	
3CBBFD	Samsung	Phone
3CBCD0	zte	Phone
3CBD14	Diebold Nixdorf	
3CBD3E	Beijing Xiaomi	Phone
3CBD69	Nokia Shanghai Bell	
3CBDC5	Arcadyan	
3CBDD8	Lg	Phone
3CBE8E	Guangzhou Shiyuan	
3CBEE1	Nikon	Camera
3CBF60	Apple	Phone
3CBFD7	Apple	Phone
3CC03E	Huawei	Phone
3CC079	Shenzhen One-Nine	
3CC0C6	d&b audiotechnik	Automotive
3CC12C	AES	
3CC1F6	Melange Systems Pvt	
3CC243	Nokia	
3CC2E1	Xinhua Control	Smart Home
3CC5C7	Huawei	Phone
3CC5DD	Hui Zhou Gaoshengda	
3CC683	Sichuan AI-Link	
3CC786	Dongguan Huarong	
3CC801	Shenzhen Sundray	
3CC99E	Huiyang	
3CCA61	Tecno Mobile Limited	
3CCA87	Iders Incorporated	
3CCB01	Beijing Lingji	
3CCB4D	Avikus	
3CCB7C	TCT mobile	
3CCD36	Apple	Phone
3CCD40	Apple	Phone
3CCD57	Beijing Xiaomi Mobile	Phone
3CCD5A	Technische Alternative	
3CCD5D	Huawei	Phone
3CCD73	Nebula Electronic	
3CCD93	Lg	Phone
3CCE0D	Shenzhen juduoping	
3CCE15	Mercedes-Benz USA	Automotive
3CCE73	Cisco	Router
3CCF5B	Icomm Hk Limited	
3CCFB4	Telink Semiconductor	
3CD0F8	Apple	Phone
3CD16E	Telepower Communication	
3CD1C9	Groupe SEB	
3CD2E5	New H3C	
3CD35C	Luna Innovations	
3CD4D6	WirelessWERX	
3CD7DA	SK Mtek	
3CD92B	Hewlett Packard	Computer
3CD9CE	Eclipse WiFi	
3CDA2A	zte	Phone
3CDA6D	Tiandy	
3CDC03	IEEE Registration	
3CDC75	Espressif	IoT
3CDCBC	Samsung	Phone
3CDD57	Apple	Phone
3CDD89	Somo Holdings &	
3CDF1E	Cisco	Router
3CDFA9	Commscope	
3CDFBD	Huawei	Phone
3CE002	Texas Instruments	IoT
3CE038	Omnifi	
3CE064	Texas Instruments	IoT
3CE072	Apple	Phone
3CE1A1	Universal Global	
3CE36B	Zhejiang Dahua	Camera
3CE3E7	China Mobile Group	
3CE441	Amazon	
3CE4B0	Texas Instruments	IoT
3CE5A6	Hangzhou H3C	
3CE5B4	Kidasen Industria E	
3CE624	LG Display	TV
3CE824	Huawei	Phone
3CE86E	Hewlett Packard	Computer
3CE90E	Espressif	IoT
3CE9F7	Intel Corporate	Computer
3CEA4F	2Wire	
3CEAF9	Jubixcoltd	
3CEAFB	Nse	
3CECDE	Fujian Star-Net	
3CECEF	Super Micro Computer	Server
3CEF42	TCT mobile	
3CEF8C	Zhejiang Dahua	Camera
3CEFA5	Cloud Network	
3CF011	Intel Corporate	Computer
3CF083	Arcadyan	
3CF341	Hosenso GmbH & Co	
3CF392	Virtualtek	
3CF4F9	Moda-InnoChips	
3CF52C	DSPECIALISTS	
3CF591	Guangdong Oppo Mobile	Phone
3CF5CC	New H3C	
3CF652	zte	Phone
3CF692	Huawei Device	Phone
3CF72A	Nokia	
3CF748	Shenzhen Linsn	
3CF75D	Zyxel	Router
3CF7A4	Samsung	Phone
3CF7D1	OMRON	Industrial
3CF808	Huawei	Phone
3CF862	Intel Corporate	Computer
3CF9F0	zte	Phone
3CFA06	Microsoft	Computer
3CFA30	Palo Alto	Router
3CFA43	Huawei	Phone
3CFA80	Huawei	Phone
3CFAD3	IEEE Registration	
3CFB02	Apple	Phone
3CFB5C	Fiberhome	
3CFB96	Emcraft	Storage
3CFDFE	Intel Corporate	Computer
3CFEAC	Cisco	Router
3CFFD8	Huawei	Phone
4000E0	Derek(Shaoguan)Limited	
400107	Arista	Switch
40017A	Cisco	Router
4001C6	3Com Europe	Switch
400326	NXP Semiconductor	IoT
40040C	A&T	
400589	T-Mobile, USA	
400634	Huawei Device	Phone
4006A0	Texas Instruments	IoT
4006D5	Cisco	Router
4007C0	Railtec	
400877	Xiaomi	Phone
400AE7	BSH Hausgeräte	
400D10	Commscope	
400E67	Tremol	
400E85	Samsung	Phone
400EB9	Huawei	Phone
400EF3	zte	Phone
400FC1	Vantiva USA	
4010ED	G.Tech	
401175	IEEE Registration	
4011C3	Samsung	Phone
4011DC	Sonance	
401277	Microsoft	Computer
4012E4	Compass-EOS	
4013D9	Global ES	
401482	Cisco	Router
4014AD	Huawei Device	Phone
401597	Protect America	
40163B	Samsung	Phone
40167E	ASUSTek COMPUTER	Computer
40169F	Tp-Link	Router
4016FA	EKM Metering	Smart Home
4017E2	Intai	
4017F6	Tkh Security,S.L.U	
4018B1	Extreme	Switch
4018D7	Smartronix	
401920	Movon	
401A58	WNC	
401B5F	Weifang Goertek	
401C83	Intel Corporate	Computer
401CD4	Huawei Device	Phone
401D59	Biometric Associates, LP	
402230	Shenzhen SuperElectron	
4022D8	Espressif	IoT
4022ED	Digital Projection	
402343	Chongqing Fugui	
4024B2	Sichuan AI-Link	
4024D2	Huawei Device	Phone
402508	Highway 9	
4025C2	Intel Corporate	Computer
402619	Apple	Phone
402641	Huawei	Phone
40268E	Shenzhen Photon Leap	
40270B	Mobileeco	
4027A8	Cisco Meraki	Router
402814	RFI Engineering	Smart Home
402A6C	Zhejiang Hyxi	
402A8F	Shanghai High-Flying	
402B50	Commscope	
402B69	Kumho Electric	
402BA1	Sony	
402C76	IEEE Registration	
402CF4	Universal Global	
402E28	MiXTelematics	
402E71	Texas Instruments	IoT
402F51	Maxtek Optoelectronics	
402F86	LG Innotek	
403004	Apple	Phone
403059	Silicon Laboratories	
403067	Conlog (Pty)	
40311B	Genbyte	
40313C	XIAOMI	Phone
40329D	Union Image	
403306	Taicang T&W	
40331A	Apple	Phone
40336C	Godrej & Boyce Mfg	
4035E6	Samsung	Phone
403668	E&B Telecom	
4036B7	Juniper	Router
4037AD	Macro Image	
403802	Silicon Laboratories	
403B7B	Huawei Device	Phone
403CFC	Apple	Phone
403DEC	HUMAX	
403E22	VusionGroup	
403F43	Extreme	Switch
403F8C	Tp-Link	Router
404022	Ziv	
404028	Ziv	
40406B	Icomera	
40406C	Icomera	
4040A7	Sony	
404101	Rockwell Automation	Industrial
40410D	Huawei	Phone
404229	Layer3TV	
404244	Cisco	Router
4044CE	Huawei	Phone
4044F7	Nintendo	Gaming
4044FD	Realme Chongqing Mobile	Phone
4045A0	vivo Mobile	Phone
4045C4	Huawei	Phone
4045DA	Spreadtrum	
40475E	eero	
40476A	Astro Gaming	
40486E	Nokia Solutions and	
4048FD	IEEE Registration	
40490F	Hon Hai Precision Ind	
40497C	eero	
40498A	Synapticon	
404A03	Zyxel	Router
404A18	Addrek Smart Solutions	
404AD4	Widex A/S	
404C77	Commscope	
404CCA	Espressif	IoT
404D7F	Apple	Phone
404D8E	Huawei	Phone
404E36	HTC	
404EEB	Higher Way Electronic	
404F42	Huawei	Phone
4050B5	Shenzhen New Species	
4050E0	Milton Security	
40516C	Grandex	
40520D	Pico	
405493	zte	Phone
4054E4	Wearsafe	
405539	Cisco	Router
405548	Quectel Wireless	
405582	Nokia	
40560C	In Home Displays	
40562D	Smartron India Pvt	
405662	GuoTengShengHua	
405846	vivo Mobile	Phone
405899	Logitech Far East	
405925	Kaon Broadband	
405A9B	Anovo	
405ADD	Actions Microelectronics	
405B7F	Broadcom Limited	
405BD8	Chongqing Fugui	
405CFD	Dell	Computer
405D82	Netgear	Router
405ECF	Esconet Technologies	
405EE1	Shenzhen H&T	
405EF6	Samsung	Phone
405F7D	TCT mobile	
405FBE	Rim	
405FC2	Texas Instruments	IoT
40605A	Hawkeye	
406186	Micro-Star Int'L	
40618E	Stella-Green Co	
406231	Gifa	
406234	Telink Semiconductor	
4062B6	Tele system	Storage
4062EA	China Mobile Group	
4062EE	Chicony	
4064A4	The Furukawa Electric	
4064DC	X-speed lnformation	
4065A3	Sagemcom Broadband SAS	Storage
40667A	mediola - connected	
406768	Huawei Device	Phone
40679B	Shenzhen Skyworth	
406826	Thales UK Limited	
4068F9	Shenzhen SuperElectron	
406918	EM Microelectronic	
406A8E	Hangzhou Puwell OE	
406AAB	Rim	
406C8F	Apple	Phone
406E0F	Skyastar	
406F27	Huawei	Phone
406F2A	BlackBerry RTS	
407009	Commscope	
40704A	Power Idea Technology	
407074	Life Technology (China)	
4070A5	Sichuan Tianyi Comheart	
4070F5	Apple	Phone
407183	Juniper	Router
407218	Tonly	
40734D	New H3C	
407496	aFUN	
4074E0	Intel Corporate	Computer
4075C3	Vantiva USA	
4076A9	Huawei Device	Phone
4077A9	New H3C	
40786A	Motorola Mobility LLC,	Phone
407875	IMBEL - Industria de	
407911	Apple	Phone
407912	Texas Instruments	IoT
407955	Datacolor	
407A80	Nokia	
407AA4	Zhejiang Dahua	Camera
407B1B	Mettle	
407C7D	Nokia	
407D0F	Huawei	Phone
407F5F	Juniper	Router
407FE0	Glory Star Technics	
4080E1	FN-LINK	
408256	AUMOVIO Germany	
40827B	STMicroelectronics	IoT
40831D	Apple	Phone
4083DE	Zebra	Printer
408432	Microchip	IoT
408493	Clavister AB	
408556	AUMOVIO Technologies	
40862E	Jdm Mobile Internet	
4086CB	D-Link	Router
4087E5	Wu Qi	
408805	Motorola Mobility LLC,	Phone
40882F	Extreme	Switch
4088E0	Beijing Ereneben	
4089A8	WiredIQ	
4089C2	Apple	Phone
4089C6	Amazon	
408A9A	TITENG	
408B07	Actiontec	
408BF6	Shenzhen TCL New	Phone
408C1F	Guangdong Oppo Mobile	Phone
408C4C	Shenzhen MiaoMing	
408D5C	Giga-Byte	Computer
408E2C	Microsoft	Computer
408EDF	Huawei Device	Phone
408EF6	Infinix mobility limited	
408F9A	KanEL Sweden AB	
408F9D	Juniper	Router
409151	Espressif	IoT
40921A	Apple	Phone
409249	Shanghai Baud Data	
409505	Acoinfo	
409558	Aisino	
409595	TP-Link	Router
4095BD	NTmore.Co	
4097D1	BK Electronics cc	
40984C	Casacom Solutions	
40984E	Texas Instruments	IoT
40987B	Aisino	
4098AD	Apple	Phone
409922	AzureWave	
4099E3	Guangzhou Mudi	
4099F6	Telink	
409A30	Tecno Mobile Limited	
409B0D	Shenzhen Yourf Kwan	
409B21	Nokia	
409BCD	D-Link	Router
409C28	Apple	Phone
409CA6	Curvalux	
409CA7	China Dragon Technology	
409EA4	Juniper	Router
409F38	AzureWave	
409F87	Jide Technology (Hong	
409FC7	BAEKCHUN I&C	
40A108	Motorola (Wuhan)	Phone
40A2DB	Amazon	
40A2E5	3onedata	
40A3CC	Intel Corporate	Computer
40A44A	Google	
40A53B	Nokia	
40A5EF	Shenzhen Four Seas	
40A63D	SignalFire Telemetry	
40A654	Huawei	Phone
40A677	Juniper	Router
40A6A4	PassivSystems	
40A6B7	Intel Corporate	Computer
40A6D9	Apple	Phone
40A6E8	Cisco	Router
40A786	Tecno Mobile Limited	
40A8F0	Hewlett Packard	Computer
40A93F	Pivotal Commware	
40A9CF	Amazon	
40AA56	China Dragon Technology	
40AC8D	Data Management	
40ACBF	Hangzhou Hikvision	Camera
40AE30	TP-Link	Router
40B02F	Miele & Cie	Appliance
40B034	Hewlett Packard	Computer
40B076	ASUSTek COMPUTER	Computer
40B0A1	Valcom	
40B0FA	LG Electronics (Mobile	Phone
40B15C	Huawei	Phone
40B215	Extreme	Switch
40B2C8	Nortel	
40B30E	Integrated Device	
40B31E	Universal	
40B395	Apple	Phone
40B3CD	Chiyoda	
40B3FA	Apple	Phone
40B3FC	Logital Co. Limited	
40B4CD	Amazon	
40B4F0	Juniper	Router
40B570	Hangzhou Hikvision	Camera
40B5C1	Cisco	Router
40B607	Guangdong Oppo Mobile	Phone
40B688	LEGIC Identsystems	
40B6B1	SUNGSAM CO,.Ltd	
40B6E7	Huawei Device	Phone
40B70E	Huawei Device	Phone
40B7F3	Commscope	
40B7FC	Phyplus	
40B82D	Ruckus Wireless	Router
40B837	Sony	
40B89A	Hon Hai Precision Ind	
40B8C2	Osmozis	
40B93C	Hewlett Packard	Computer
40BA09	Dell	Computer
40BA61	ARIMA	
40BB56	TeraNXT Global India Pvt	
40BC60	Apple	Phone
40BC68	Funshion Online	
40BC73	Cronoplast S.L	
40BC8B	itelio	
40BD32	Texas Instruments	IoT
40BD9E	Physio-Control	
40BEEE	Shenzhen Yunding	
40BF17	Digistar Telecom	
40C02F	Actiontec	
40C0EE	365mesh	
40C1F6	Shenzhen Jingxun	
40C245	Shenzhen Hexicom	
40C2BA	Compal Information	
40C3BC	Huawei Device	Phone
40C3C6	SnapRoute	
40C48C	N-iTUS	
40C4D6	ChongQing Camyu	
40C62A	Shanghai Jing Ren	
40C711	Apple	Phone
40C729	Sagemcom Broadband SAS	Storage
40C73C	Intel Corporate	Computer
40C7C9	Naviit	
40C81F	Shenzhen Xinguodu	
40C8CB	AM Telecom	
40CA63	Seongji Industry	
40CBA8	Huawei	Phone
40CBC0	Apple	Phone
40CD3A	Z3	
40CD7A	Qingdao Hisense	TV
40CE24	Cisco	Router
40D133	Intel Corporate	Computer
40D160	Apple	Phone
40D25F	Itel Mobile Limited	
40D28A	Nintendo	Gaming
40D32D	Apple	Phone
40D357	Ison	
40D3AE	Samsung	Phone
40D40E	Biodata	
40D4BD	SK Networks Service	
40D4F6	Honor Device	Phone
40D521	LG Innotek	
40D559	Micro S.E.R.I	
40D563	HANA	
40D63C	Equitech	
40D855	IEEE Registration	
40D95A	AMPAK	
40DA5C	Apple	Phone
40DC9D	Hajen	
40DCA5	Huawei Device	Phone
40DDD1	Beautiful Card	
40DE17	Shenzhen Lanfeng Times	
40DE24	Samsung	Phone
40DEAD	Juniper	Router
40DF02	LINE BIZ Plus	
40E11C	shenzhen Cloud High	
40E171	Jiangsu Huitong	
40E1E4	Nokia Solutions and	
40E230	AzureWave	
40E317	Extreme	Switch
40E3D6	Hewlett Packard	Computer
40E64B	Apple	Phone
40E730	DEY Storage	
40E762	Calix	
40E793	Shenzhen Siviton	
40E99B	Samsung	Phone
40EACE	Founder Broadband	
40EB21	Huawei	Phone
40EC99	Intel Corporate	Computer
40ECBD	Intel Corporate	Computer
40ECF8	Siemens	Industrial
40ED00	TP-Link	Router
40ED7B	Zscaler	
40ED98	IEEE Registration	
40EDCF	Apple	Phone
40EE15	Zioncom Electronics	
40EEBE	NXP Semiconductor	IoT
40EEDD	Huawei	Phone
40EF4C	Fihonest communication	Smart Home
40F02F	Liteon	
40F04E	Integrated Device	
40F078	Cisco	Router
40F14C	ISE Europe SPRL	
40F201	Sagemcom Broadband SAS	Storage
40F21C	Zhone	
40F2E9	Ibm	
40F308	Murata Manufacturing	Smart Home
40F385	IEEE Registration	
40F3B0	Texas Instruments	IoT
40F407	Nintendo	Gaming
40F413	Rubezh	
40F420	Sichuan Tianyi Comheart	
40F49F	Cisco	Router
40F4C9	FN-LINK	
40F4EC	Cisco	Router
40F4FD	Union Man	
40F520	Espressif	IoT
40F52E	Leica Microsystems	
40F6BC	Amazon	
40F8DF	Canon	Camera
40F946	Apple	Phone
40F9D5	Tecore	
40FA7F	Preh Car Connect	
40FAFE	Motorola Mobility LLC,	Phone
40FC89	Commscope	
40FDF3	AMPAK	
40FE0D	Maxio	
40FE95	New H3C	
40FF40	GloquadTech	
440010	Apple	Phone
440049	Amazon	
44004D	Huawei	Phone
4401BB	Shenzhen Bilian	
44032C	Intel Corporate	Computer
440377	IEEE Registration	
4403A7	Cisco	Router
440444	Guangdong Oppo Mobile	Phone
44053F	Sagemcom Broadband SAS	Storage
4405B8	Huawei Device	Phone
4405E8	twareLAB	
44070B	Google	
4409B8	Salcomp (Shenzhen)	
4409C6	Huawei	Phone
4409DA	Apple	Phone
440BAB	Positivo Tecnologia	
440C4B	Huawei	Phone
440CEE	Robert Bosch	
440CFD	NetMan	
440FB4	Gsd Viet Nam Technology	
441030	Google	
4410FE	Huizhou Foryou General	
441102	EDMI Europe	
441146	The Chamberlain	
4411C2	Telegartner Karl Gartner	
441244	Hewlett Packard	Computer
441319	Wkk	
4413D0	zte	Phone
441441	AudioControl	Automotive
441524	Sagemcom Broadband SAS	Storage
441622	Microsoft	Computer
441690	Wuxi Ranke	
4416FA	Samsung	Phone
441793	Espressif	IoT
441847	Hunan Scrown Electronic	
44184F	Fitview	
4418FD	Apple	Phone
4419B6	Hangzhou Hikvision	Camera
441A4C	xFusion Digital	
441A5C	Cisco	Router
441A84	Quectel Wireless	
441AAC	Elektrik Uretim AS EOS	
441AFA	New H3C	
441B88	Apple	Phone
441BF6	Espressif	IoT
441C12	Vantiva USA	
441C7F	Motorola Mobility LLC,	Phone
441CA8	Hon Hai Precision Ind	
441D64	Espressif	IoT
441DB1	Aptiv Services Us	Automotive
441DE5	XCENA	
441E91	ARVIDA Intelligent	
441E98	Ruckus Wireless	Router
441EA1	Hewlett Packard	Computer
442063	AUMOVIO Germany	
44227C	Huawei	Phone
442295	China Mobile Iot Limited	
4422F1	S.Fac	
44237C	Beijing Xiaomi Mobile	Phone
4423AA	Farmage	
442538	WNC	
4425BB	Bamboo Entertainment	
44272E	Huawei Device	Phone
442745	LG Innotek	
4427F3	70mai	
4428A3	Jiangsu fulian	
44291E	AltoBeam	
442938	NietZsche enterprise	
442A60	Apple	Phone
442AFF	E3	
442B03	Cisco	Router
442C05	AMPAK	
442D49	Extreme	Switch
44303F	Huawei	Phone
443192	Hewlett Packard	Computer
44321D	Huawei	Phone
44322A	Avaya	VoIP
443262	zte	Phone
4432C2	GOAL	
4432C8	Vantiva USA	
44334C	Shenzhen Bilian	
44348F	Mxt Industrial Ltda	
4434A7	Commscope	
44356F	Neterix	
443583	Apple	Phone
4435B9	NetComm Wireless	
4435D3	GD Midea	Appliance
443659	Robert Bosch	
44365D	Shenzhen HippStor	
443708	MRV Comunications	
44370B	Guangzhou Shiyuan	
443719	2 Save Energy	
44376F	Young Electric Sign Co	
4437E6	Hon Hai Precision Ind	
443839	Cumulus	
44388C	Sumitomo Electric	
4438E8	Intel Corporate	Computer
4438F3	EM Microelectronic	
4439AA	G.Tech	
4439C4	Universal Global	
443B14	MitraStar	
443B32	Intelbras	
443C88	Ficosa Maroc	
443C9C	Pintsch	
443D21	Nuvolt	
443D54	Amazon	
443E07	Electrolux	Appliance
443E8A	Texas Instruments	IoT
443EB2	DEOTRON	
4441F0	zte	Phone
444201	Amazon	
44422F	Testop	
444450	OttoQ	
444520	EM Microelectronic	
44456F	Shenzhen Onega	
4445BA	Edgecore Americas	
444648	Hon Hai Precision	
444687	Realme Chongqing	Phone
4447CC	Hangzhou Hikvision	Camera
444891	HDMI Licensing	
4448B9	MitraStar	
4448C1	Hewlett Packard	Computer
4448FF	Qingdao Haier	Appliance
444963	Woven By Toyota U.S	Automotive
444988	Intel Corporate	Computer
4449C0	NVIDIA	Computer
444A37	Xiaomi	Phone
444A4C	vivo Mobile	Phone
444A65	Silverflare	
444AB0	Zhejiang Moorgen	
444AD6	Shenzhen Rinocloud	
444ADB	Apple	Phone
444B5D	GE Healthcare	Medical
444B7E	Fiberhome	
444C0C	Apple	Phone
444CA8	Arista	Switch
444E1A	Samsung	Phone
444E6D	AVM Audiovisuelles	Automotive
444F5E	Pan Studios	
444F8E	WiZ	
4451DB	Raytheon BBN	
4454C0	Thompson Aerospace	
44552B	Samsung	Phone
4455B1	Huawei	Phone
4455C4	Huawei Device	Phone
44568D	PNC	
4456B7	Spawn	
4456E2	Sichuan Tianyi Comheart	
44579F	Beijing Xiaomi Mobile	Phone
445829	Cisco SPVTG	Router
445925	Square	
445943	zte	Phone
44599F	Criticare	
4459E3	Huawei	Phone
445ADF	Mikami &	
445BED	Hewlett Packard	Computer
445CE9	Samsung	Phone
445D5E	SHENZHEN Coolkit	
445E82	Zyxel	Router
445ECD	Razer	Computer
445EF3	Tonalite	
445F7A	Shihlin Electric &	Smart Home
445F8C	Intercel Group Limited	
446132	ecobee	Smart Home
44619C	FONsystem	
4461DF	Skyquad Electronics &	
446246	Comat	
446370	LCFC(Hefei)	
4463B6	Apple	Phone
4463C2	Zyxel	Router
44643C	Cisco	Router
44650D	Amazon	
44656A	Mega Video	
44657F	Calix	
44658A	Dukelana	
4465E0	Merlion Consulting	
44666E	Ip-Line	
446690	Tp-Link	Router
4466FC	Guangdong Oppo Mobile	Phone
446747	Huawei	Phone
446752	Wistron INFOCOMM	
446755	Orbit Irrigation	
44680C	Wacom	
4468AB	Juin Company, Limited	
446A2E	Huawei	Phone
446AB7	Commscope	
446B1F	Texas Instruments	IoT
446C24	Reallin Electronic	
446D05	NoTraffic	
446D57	Liteon	
446D6C	Samsung	Phone
446D7F	Amazon	
446EE5	Huawei	Phone
446FD8	IEEE Registration	
446FF8	Dyson Limited	Appliance
44700B	Iffu	
447098	Ming Hong Technology	
447147	Beijing Xiaomi	Phone
4471B3	Logitech Far East	
4472AC	AltoBeam	
4473D6	Logitech	
44746C	Sony	
447609	New H3C	
447654	Huawei	Phone
4476E7	Tecno Mobile Limited	
447831	Huawei	Phone
44783E	Samsung	Phone
447B45	Amazon	
447BBB	Shenzhen YOUHUA	
447BC4	DualShine	
447C7F	Innolight	
447CAC	Invictus-AV	
447DA5	Vtion Information	
447E76	Trek Technology (S)	
447E95	Alpha and Omega	
447F77	Connected Home	
4480EB	Motorola Mobility LLC,	Phone
4482E5	Huawei	Phone
448312	Star-Net	
448346	Texas Instruments	IoT
448500	Intel Corporate	Computer
448502	Shenzhen SuperElectron	
4485DA	Shenzhen Skyworth	
4486C1	Siemens Low Voltage &	Industrial
448723	Hoya Service	
448763	FN-LINK	
4487DB	Tymphany Acoustic	
4487FC	Elitegroup Computer	
448816	Cisco	Router
4488BE	Texas Instruments	IoT
4488CB	Camco Technologies NV	
44896D	Tellescom Industria E	
448A5B	Micro-Star INT'L	
448A7F	Murata Manufacturing	Smart Home
448C00	Realme Chongqing Mobile	Phone
448C52	KTIS	
448CAB	Beijing Flitlink	
448DBF	Rhino Mobility	
448DD5	Cisco	Router
448E12	DT Research	
448E81	Vig	
448EEC	China Mobile Group	
448F17	Samsung Electronics	Phone
449046	Honor Device	Phone
4490BA	China Dragon Technology	
4490BB	Apple	Phone
449160	Murata Manufacturing	Smart Home
44917C	HMD Global Oy	
4491DB	Shanghai Huaqin Telecom	
44938D	Innolux	
4494FC	Netgear	Router
44953B	RLTech India Private	
4495FA	Qingdao Santong Digital	
44962B	Aidon Oy	
44975A	Shenzhen Fast	
44995B	GX India Pvt	
449A52	zte	Phone
449B78	The Now Factory	
449BC1	Huawei	Phone
449BC6	EOSS s.r.l	
449CB5	Alcomp	
449E8B	Apple	Phone
449EF9	vivo Mobile	Phone
449F46	Huawei Device	Phone
449F79	onsemi	
449F7F	DataCore Software	
449FDA	Silicon Laboratories	
44A038	Huawei Device	Phone
44A10E	Apple	Phone
44A191	Huawei	Phone
44A3BB	Intel Corporate	Computer
44A3C7	zte	Phone
44A42D	TCT mobile	
44A466	Groupe Ldlc	
44A54E	Qorvo	
44A56E	Netgear	Router
44A61E	Ingram Micro Services	
44A642	Hangzhou Hikvision	Camera
44A689	Promax Electronica	
44A6E5	Thinking	
44A7CF	Murata Manufacturing	Smart Home
44A7F4	Apple	Phone
44A842	Dell	Computer
44A8C2	Sewoo	
44A8FC	Apple	Phone
44A92C	IEEE Registration	
44AA27	udworks	
44AA50	Juniper	Router
44AAE8	Nanotec Electronic GmbH	
44AAF5	Commscope	
44AC85	eero	
44AD19	Xingfei （H.K）Limited	
44ADB1	Sagemcom Broadband SAS	Storage
44ADD9	Cisco	Router
44AE25	Cisco	Router
44AE44	Huawei Device	Phone
44AEAB	Guangdong Oppo Mobile	Phone
44AF28	Intel Corporate	Computer
44B176	Espressif	IoT
44B295	Sichuan AI-Link	
44B32D	Tp-Link	Router
44B382	Kuang-chi Institute of	
44B3C5	Huawei Device	Phone
44B412	Sius	
44B423	Hanwha Vision Vietnam	Camera
44B433	tide.co	
44B462	Flextronics Tech.(Ind)	
44B4A0	Mellanox	Switch
44B4B2	Amazon	
44B59C	Tenet Networks Private	
44B6BE	Cisco	Router
44B7D0	Microchip	IoT
44B994	Douglas Lighting	
44BA46	Sichuan Tianyi Comheart	
44BB3B	Google	
44BD8D	Espressif	IoT
44BDC8	Xiaomi	Phone
44BDDE	BHTC	
44BE0B	Huawei	Phone
44BFE3	Shenzhen Longtech	
44C15C	Texas Instruments	IoT
44C20C	Cisco	Router
44C233	Guangzhou Comet	
44C306	SIFROM	
44C346	Huawei	Phone
44C39B	Ooo Rubezh Npo	
44C3B6	Huawei	Phone
44C4A9	Opticom Communication	
44C532	Huawei	Phone
44C56F	NGN Easy Satfinder	
44C63C	Samsung	Phone
44C65D	Apple	Phone
44C69B	Wuhan Feng Tian	
44C7FC	Huawei Device	Phone
44C874	China Mobile Group	
44C9A2	Greenwald	
44CB8B	LG Innotek	
44CBAD	Xiaomi	Phone
44CC6E	Rockwell Automation	Industrial
44CD0E	Flextronics	Smart Home
44CE1D	Nokia	
44CE3A	Jiangsu Huacun	
44CE7D	Sfr	
44D15E	Shanghai Kingto	
44D1FA	Shenzhen Yunlink	
44D244	Seiko Epson	Printer
44D267	Snorble	
44D2CA	Anvia TV Oy	TV
44D3AD	Shenzhen TINNO Mobile	
44D3CA	Cisco	Router
44D437	Inteno Broadband	
44D453	Sagemcom Broadband SAS	Storage
44D454	Sagemcom Broadband SAS	Storage
44D465	NXP Semiconductors	IoT
44D47F	Ingenico Terminals Sas	
44D4E0	Sony	
44D506	Sichuan Tianyi Comheart	
44D5A5	AddOn Computer	
44D5C1	EM Microelectronic	
44D5CC	Amazon	
44D5F2	IEEE Registration	
44D63D	Talari	
44D6E1	Snuza	
44D77E	Robert Bosch	
44D791	Huawei	Phone
44D7B7	eero	
44D832	AzureWave	
44D878	Hui Zhou Gaoshengda	
44D884	Apple	Phone
44D980	Everybot	
44D9E7	Ubiquiti	Router
44DA30	Apple	Phone
44DB60	Nanjing Baihezhengliu	
44DBBE	Huawei	Phone
44DBD2	Yealink(Xiamen)	VoIP
44DC4E	Itel Mobile Limited	
44DC91	Planex	
44DCCB	Semindia Systems Pvt	
44DF65	Beijing Xiaomi Mobile	Phone
44E08E	Cisco SPVTG	Router
44E137	Commscope	
44E213	Beijing Xiaomi Mobile	Phone
44E2F1	NewRadio Technologies Co	
44E2F8	Silicon Laboratories	
44E49A	Omnitronics	
44E4D9	Cisco	Router
44E4E6	Extreme	Switch
44E4EE	WNC	
44E517	Intel Corporate	Computer
44E59B	Huawei	Phone
44E64A	Shenzhen iComm	
44E66E	Apple	Phone
44E6B0	China Mobile IOT	
44E761	Infinix mobility limited	
44E853	Apple	Phone
44E8A5	Myreka Technologies	
44E968	Huawei	Phone
44E9DD	Sagemcom Broadband SAS	Storage
44EA30	Samsung	Phone
44EA4B	Actlas	
44EA54	Udisense Dba Nanit	
44EAD8	Texas Instruments	IoT
44EB2E	Alpsalpine Co,.Ltd	
44ECCE	Juniper	Router
44ED57	Longicorn	
44EE02	MTI	
44EE14	Texas Instruments	IoT
44EE30	Budelmann Elektronik	
44EF26	Qingdao	
44EFBF	China Dragon Technology	
44EFCF	UGENE SOLUTION	
44F034	Kaon	
44F09E	Apple	Phone
44F21B	Apple	Phone
44F436	zte	Phone
44F459	Samsung	Phone
44F477	Juniper	Router
44F4E7	Cohesity	
44F53E	Earda	
44F770	Beijing Xiaomi Mobile	Phone
44F79F	Cloud Network	
44F849	Union Pacific Railroad	
44F971	Shenzhen Mercury	
44FA66	Cloud Network	
44FB42	Apple	Phone
44FB5A	zte	Phone
44FB76	vivo Mobile	Phone
44FDA3	Everysight	
44FE3B	Arcadyan	
44FEEF	Guangdong Oppo Mobile	Phone
44FFBA	zte	Phone
480020	Hewlett Packard	Computer
480031	Huawei	Phone
480033	Vantiva USA	
48007D	Dts Elektronik San.	
4800B3	Cisco	Router
4801C5	OnePlus Technology	Phone
48022A	B-Link Electronic	Camera
480234	Huawei	Phone
480286	Realme Chongqing Mobile	Phone
4802AF	Telit Communication	
480362	Desay	
48049F	Elecom	
480560	Meta Platforms	
4805E2	Huawei Device	Phone
48062B	Private	
48066A	Tempered	
4808EB	IEEE Registration	
480951	Guangzhou Trustmo	
480A28	Apple	Phone
480BB2	IEEE Registration	
480C49	NAKAYO	
480E13	ittim	
480EEC	Tp-Link	Router
480FCF	Hewlett Packard	Computer
481063	NTT Innovation Institute	
481249	Luxcom	
481258	Huawei	Phone
48128F	Huawei	Phone
48137E	Samsung	Phone
481389	Mellanox	Switch
4813F3	Bbk Educational	
481693	Lear	
48174C	MicroPower	
481842	Shanghai Winaas Co.	
48188D	Weifang Goertek	
4818FA	Nocsys	
481A84	Pointer Telocation	
481B40	Vantiva USA	
481BA4	Cisco	Router
481BD2	Intron Scientific	
481CB9	Sz Dji	
481D70	Cisco SPVTG	Router
481F2D	Shenzhen Jie Shi Lian	
481F66	China Mobile Group	
48210B	Pegatron	
48216C	China Mobile IOT	
482218	Shenzhen Yipingfang	
482254	TP-Link	Router
482335	Dialog Semiconductor	
482567	Poly	
4825F3	Huawei Device	Phone
48262C	Apple	Phone
48264C	BSH Electrical	
4826E8	Tek-Air	
482759	Levven	
4827C5	Huawei	Phone
4827E2	Espressif	IoT
4827EA	Samsung	Phone
48282F	zte	Phone
482952	Sagemcom Broadband SAS	Storage
4829D6	Guangdong Oppo Mobile	Phone
4829E4	Ao	
482AE3	Wistron	
482CA0	Xiaomi	Phone
482CD0	Huawei	Phone
482CEA	Motorola Inc Business	Phone
482D63	Wavarts	
482E72	Cisco	Router
482F6B	Hewlett Packard	Computer
482FD7	Huawei	Phone
483106	NVIDIA	Computer
483133	Robert Bosch	
483177	Nintendo	Gaming
4831B7	Espressif	IoT
4831DB	Huawei Device	Phone
4833DD	Zennio Avance Y	
48343D	IEP	
48352B	Apple	Phone
48352E	Shenzhen Wolck Network	
483543	Guangdong Oppo Mobile	Phone
483584	Huawei Device	Phone
4835AB	Apple	Phone
48365F	Wintecronics	
483871	Huawei Device	Phone
4838B6	Auhui Taoyun	
483974	Proware	
483A02	Fortinet	Router
483B38	Apple	Phone
483C0C	Huawei	Phone
483D32	Syscor Controls &	
483E5E	Sernet (Suzhou)	
483F72	Samsung	Phone
483FDA	Espressif	IoT
483FE9	Huawei	Phone
4840D5	Intel Corporate	Computer
48417B	Nokia Solutions and	
48435A	Huawei	Phone
48437C	Apple	Phone
4843DD	Amazon	
484487	Cisco SPVTG	Router
4844F7	Samsung	Phone
484520	Intel Corporate	Computer
4845CF	LLC Proizvodstvennaya	
4845E6	Cloud Network	
48468D	Zepcam	
4846C1	Fn-Link Technology	
4846F1	Uros Oy	
4846FB	Huawei	Phone
48474B	Huawei Device	Phone
484982	Huawei Device	Phone
484996	Huawei Device	Phone
4849C7	Samsung	Phone
484A30	George Robotics Limited	
484AE9	Hewlett Packard	Computer
484BAA	Apple	Phone
484BD4	Vantiva USA	
484C29	Huawei	Phone
484C86	Huawei Device	Phone
484D7E	Dell	Computer
484EFC	Commscope	
485073	Microsoft	Computer
485169	Samsung	Phone
4851B7	Intel Corporate	Computer
4851C5	Intel Corporate	Computer
4851CF	Intelbras	
4851D0	Jiangsu Xinsheng	
485261	Soreel	
485415	Net Rules Tecnologia	
485519	Espressif	IoT
485541	Iskratel d.o.o	
48555C	Wu Qi	
48555E	Shenzhen Skyworth	
48555F	Fiberhome	
485702	Huawei	Phone
4857D2	Broadcom Limited	
4857DD	Facebook	
485929	LG Electronics (Mobile	Phone
4859A4	zte	Phone
485A0D	Juniper	Router
485A3F	Wisol	
485A67	Shaanxi Ruixun	
485AB6	Hon Hai Precision Ind	
485AEA	Fiberhome	
485B39	ASUSTek COMPUTER	Computer
485C2C	Earda	
485D35	AVM Audiovisuelles	Automotive
485D36	Verizon	
485D60	AzureWave	
485DEB	Just Add Power	
485DED	Sichuan Tianyi Comheart	
485E0E	IEEE Registration	
485F08	Tp-Link	Router
485F2D	Amazon	
485F99	Cloud Network	
485FDF	zte	Phone
48605F	LG Electronics (Mobile	Phone
4860BC	Apple	Phone
4861A3	Concern "Axion" JSC	
4861EE	Samsung	Phone
486264	Arlo	Camera
486276	Huawei	Phone
486345	Huawei Device	Phone
4865EE	IEEE Registration	
486834	Silicon Motion	
48684A	Intel Corporate	Computer
486B2C	Bbk Educational	
486B91	Fleetwood	
486DBB	Vestel Elektronik San	
486E70	Zhejiang Tmall	
486E73	Pica8	
486EFB	Davit System	
486F33	Kyungwoo.System	
486FD2	StorSimple	
48701E	Texas Instruments	IoT
48706F	Huawei	Phone
487119	Sgb	
487310	Juniper	Router
487397	New H3C	
4873CB	Tiinlab	
487410	Cisco	Router
487412	OnePlus Technology	Phone
48746E	Apple	Phone
487583	Intellion	
487604	Private	
487696	Huaan Zhongyun	
487706	NXP Semiconductor	IoT
487746	Calix	
4877BD	Guangdong Oppo Mobile	Phone
48785B	Hangzhou Hikvision	Camera
48785E	Amazon	
48794D	Samsung	Phone
487A55	ALE	
487ADA	Hangzhou H3C	
487AF6	Ncs Electrical Sdn Bhd	
487AFF	Essys	
487B2F	Microsoft	Computer
487B5E	Smt Telecomm Hk	
487B6B	Huawei	Phone
487D2E	Tp-Link	Router
487E48	Earda	
487F80	FRITZ!	
488002	Cisco	Router
48814E	E&M SOLUTION CO,.Ltd	
4881D4	Ruijie	
488244	Life Fitness / Div. of	
4882DF	Huawei Device	Phone
4882F2	Appel Elektronik	
48836F	EM Microelectronic	
4883B4	Guangdong Oppo Mobile	Phone
4883C7	Sagemcom Broadband SAS	Storage
48849D	Texas Instruments	IoT
4886E8	Microsoft	Computer
48872D	Shen Zhen Da Xia Long	
488759	Xiaomi	Phone
488764	vivo Mobile	Phone
4887B8	TCL King Electrical	Phone
488803	ManTechnology	
48881E	EthoSwitch	Switch
488899	Shenzhen SuperElectron	
4888CA	Motorola (Wuhan)	Phone
4889E7	Intel Corporate	Computer
488AD2	Mercury Communication	
488AE8	vivo Mobile	Phone
488B0A	Cisco	Router
488C63	Huawei Device	Phone
488C78	Alpha	
488D36	Arcadyan	
488E42	DIGALOG	
488EB7	Zebra	Printer
488EEF	Huawei	Phone
488F4C	shenzhen trolink	
488F5A	Routerboard.com	
48902F	LG Electronics (Mobile	Phone
4890F0	Dell	Computer
489153	Weinmann Geräte für	
4891D5	Cisco	Router
4891F6	Shenzhen Reach software	
4892C1	Ohsung	
4893DC	Uniway Infocom Pvt	
489507	Guangdong Oppo Mobile	Phone
4896D9	zte	Phone
4898AB	Wistron	
4898CA	Sichuan AI-Link	
489A42	Technomate	
489A58	Samsung	Phone
489A5B	Shenzhen iComm	
489BD5	Extreme	Switch
489BE0	Realme Chongqing Mobile	Phone
489BE2	SCI Innovations	
489D18	Flashbay Limited	
489D24	BlackBerry RTS	
489D31	Espressif	IoT
489DD1	Samsung	Phone
489E9D	Hui Zhou Gaoshengda	
489EBD	HP	Computer
489ECB	Hewlett Packard	Computer
48A0F8	Fiberhome	
48A170	Cisco	Router
48A195	Apple	Phone
48A22D	Shenzhen Huaxuchang	
48A2B7	Kodofon JSC	
48A2B8	Chengdu Vision-Zenith	
48A2E6	Resideo	
48A380	Gionee Communication	
48A3BD	Texas Instruments	IoT
48A472	Intel Corporate	Computer
48A48C	Shanghai Zenchant	
48A493	Taiyo Yuden	
48A4FD	AltoBeam	
48A516	Huawei Device	Phone
48A5E7	Nintendo	Gaming
48A6B8	Sonos	Smart Home
48A6D2	GJsun Optical Science	
48A73C	Sichuan tianyi kanghe	
48A74E	zte	Phone
48A91C	Apple	Phone
48A964	Apexsha Smarttech	
48A98A	Routerboard.com	
48A9D2	WNC	
48AA5D	Store Electronic	
48AABB	Sagemcom Broadband SAS	Storage
48AD08	Huawei	Phone
48AD9A	Intel Corporate	Computer
48AFF3	Espressif	IoT
48B02D	NVIDIA	Computer
48B253	Marketaxess	
48B25D	Huawei	Phone
48B313	Idesco Oy	
48B423	Amazon	
48B424	eero	
48B4C3	Hewlett Packard	Computer
48B5A7	Glory Horse	
48B620	ROLI	
48B8A3	Apple	Phone
48B8DE	Homewins	
48B977	PulseOn Oy	
48B9C2	Teletics	
48BA4E	Hewlett Packard	Computer
48BC0E	Sichuan AI-Link	
48BCA6	​ASUNG TECHNO	
48BCE1	Samsung	Phone
48BD0E	Quanta Storage	Server
48BD3D	New H3C	
48BD4A	Huawei	Phone
48BDA7	Honor Device	Phone
48BDCE	Vantiva USA	
48BE2D	Symanitron	
48BF6B	Apple	Phone
48BF74	Baicells	
48C030	Kogniza	
48C049	Broad Telecom	
48C093	Xirrus	Access Point
48C1AC	Plantronics	
48C1EE	Honor Device	Phone
48C35A	Lenovo(Beijing)Co	Computer
48C381	TP-Link	Router
48C3B0	Pharos	
48C461	Guangdong Oppo Mobile	Phone
48C58D	Lear	
48C663	GTO Access	
48C796	Samsung	Phone
48C862	Simo Wireless	
48C8B6	SysTec	
48CA43	Espressif	IoT
48CA68	Apple	Phone
48CAC6	Union Man	
48CB6E	Cello Electronics (UK)	
48CDD3	Huawei	Phone
48CFA9	Huawei	Phone
48D017	Telecom Infra Project	
48D01C	AltoBeam	
48D0CF	Universal	
48D18E	Metis Communication	
48D224	Liteon	
48D24F	Sagemcom Broadband SAS	Storage
48D343	Commscope	
48D35D	Private	
48D475	Lampuga	
48D539	Huawei	Phone
48D54C	Jeda	
48D682	zte	Phone
48D6D5	Google	
48D705	Apple	Phone
48D7FF	BLANKOM Antennentechnik	
48D845	Shenzhen Mainuoke	
48D855	Telvent	
48D875	China TransInfo	
48D890	Fn-Link Technology	
48D8FE	ClarIDy Solutions	
48DA35	IEEE Registration	
48DA96	Eddy Smart Home	
48DB50	Huawei	Phone
48DC2D	Huawei	Phone
48DC9D	Grandprint(Beijing)	
48DCFB	Nokia	
48DD0C	eero	
48DD9D	Itel Mobile Limited	
48DF1C	Wuhan NEC Fibre Optic	
48DF37	Hewlett Packard	Computer
48E150	Intel Corporate	Computer
48E15C	Apple	Phone
48E1AF	Vity	
48E1CA	Apple	Phone
48E1E9	Chengdu Meross	
48E244	Hon Hai Precision Ind	
48E27E	Sagemcom Broadband SAS	Storage
48E2AD	Humax	
48E3C3	JENOPTIK Advanced	
48E533	Sunnovo International	
48E663	IEEE Registration	
48E695	Insigma	
48E6C0	SIMCom Wireless	
48E6C6	IEEE Registration	
48E729	Espressif	IoT
48E7DA	AzureWave	
48E9CA	creoline	
48E9F1	Apple	Phone
48EA62	HP	Computer
48EA63	Zhejiang Uniview	Camera
48EAA9	ShenZhen C&D	
48EB30	Eterna	
48EB62	Murata Manufacturing	Smart Home
48EB65	Henan KunLun	
48EC5B	Nokia Solutions and	
48ED80	daesung eltec	
48EDE6	Zyxel	Router
48EE07	Silver Palm	
48EE0C	D-Link	Router
48EE86	UTStarcom (China)	
48EEE2	Roamwifi Technology(Hk)	
48EF1C	Samsung	Phone
48EF61	Huawei Device	Phone
48F027	Chengdu newifi	
48F07B	Alpsalpine Co,.Ltd	
48F17F	Intel Corporate	Computer
48F1EB	Nintendo	Gaming
48F230	Ubizcore	
48F317	Private	
48F3F3	Baidu Online Network	
48F47D	TechVision Holding	
48F6EE	Espressif	IoT
48F7BC	Huawei	Phone
48F7C0	Vantiva USA	
48F7F1	Nokia	
48F8B3	Cisco-Linksys	Router
48F8DB	Huawei	Phone
48F8E1	Nokia	
48F8FF	Chengdu Kt Electronic	
48F925	Maestronic	
48F97C	Fiberhome	
48FC07	Huawei Device	Phone
48FC7C	Shenzhen Huidu	
48FCB6	Lava International(H.K)	
48FCB8	Woodstream	
48FD8E	Huawei	Phone
48FDA3	Xiaomi	Phone
48FEEA	Homa	
4A07D6	IEEE 802.1 Chair	
4A1540	sas de la Halle aux	
4A191B	ZigBee Alliance	Smart Home
4A5909	Miwa Lock	
4A5A6F	Applied Materials	
4A5AA9	GoCodeIT	
4A6536	m3connect	
4A6704	Reliable Robotics	
4A688D	Shenzhen TCL New	Phone
4A7206	CAIRE	
4A7F74	INTEC	
4AADCE	Codan Argus	
4AB47B	faytech	
4AC03F	Wuhan Hikstorage	
4ACA3E	Zeus	
4ADA10	Emotiva Audio	Automotive
4AE03F	Chengdu Superxon	
4AE568	leapio	
4AED1D	Astera	
4AF57D	ASAM e.V	
4C0082	Cisco	Router
4C0143	eero	
4C01F7	Cisco	Router
4C0220	Xiaomi	Phone
4C022E	Cmr Korea	
4C0289	Lex Computech	
4C034F	Intel Corporate	Computer
4C0573	Moka Global Limited	
4C0617	Taicang T&W	
4C068A	Basler Electric	
4C06B7	ProDVX Europe	
4C07C9	COMPUTER OFFICE	
4C0997	Arista	Switch
4C09B4	zte	Phone
4C09D4	Arcadyan	
4C09FA	Frontier Smart	
4C0A3D	Adnacom	
4C0A4E	Extreme	Switch
4C0B3A	TCT mobile	
4C0BBE	Microsoft	
4C0DEE	Jabil Circuit (Shanghai)	
4C0F3E	Intel Corporate	Computer
4C0F6E	Hon Hai Precision Ind	
4C0FC7	Earda	
4C10D5	Tp-Link	Router
4C1154	Mobiwire Mobiles	
4C1159	Vision Information &	
4C11AE	Espressif	IoT
4C11BF	Zhejiang Dahua	Camera
4C1265	Commscope	
4C12E8	Vietnam Post And	
4C1365	Emplus	
4C1480	Noregon	
4C14A3	TCL Technoly	Phone
4C1694	shenzhen sibituo	
4C16F1	zte	Phone
4C16FC	Juniper	Router
4C1744	Amazon	
4C17EB	Sagemcom Broadband SAS	Storage
4C189A	Guangdong Oppo Mobile	Phone
4C195D	Sagemcom Broadband SAS	Storage
4C1A3A	PRIMA Research And	
4C1A3D	Guangdong Oppo Mobile	Phone
4C1A95	Novakon	
4C1B86	Arcadyan	
4C1D96	Intel Corporate	Computer
4C1F86	Hangzhou Hikvision	Camera
4C1FCC	Huawei	Phone
4C20B8	Apple	Phone
4C2113	Nokia Shanghai Bell	
4C218C	Panasonic India Private	
4C21D0	Sony	
4C2219	Yuanfudao Hk Limted	
4C2258	cozybit	
4C22C9	zte	Phone
4C22F3	Arcadyan	
4C231A	Extreme	Switch
4C2338	Cloud Network	
4C2498	Texas Instruments	IoT
4C24CE	Sichuan AI-Link	
4C2578	Nokia	
4C26E7	Welgate	
4C2B3B	Huawei Device	Phone
4C2C80	Beijing Skyway	
4C2C83	Zhejiang KaNong	
4C2E5E	Samsung	Phone
4C2EB4	Apple	Phone
4C2EFE	Shenzhen Comnect	
4C2F7B	AltoBeam	
4C2F9D	ICM Controls	
4C2FD7	Huawei Device	Phone
4C306A	Nintendo	Gaming
4C3089	Hitachi Rail GTS	
4C312D	Sichuan AI-Link	
4C322D	Teledata	
4C3275	Apple	Phone
4C32D9	M Rutty	
4C3329	Sweroam	
4C334E	Hightech	
4C3488	Intel Corporate	Computer
4C364E	Panasonic Connect	
4C37DE	AltoBeam	
4C38D5	Mitac Computing	
4C38D8	Commscope	
4C3909	HPL Electric & Power	
4C3910	Newtek	
4C3946	Samsung	Phone
4C3B6C	Garo Ab	
4C3B74	VOGTEC(H.K.)	
4C3BDF	Microsoft	Computer
4C3C16	Samsung	Phone
4C3C8F	Shenzhen Jingxun	
4C3CE2	Huawei Device	Phone
4C3FA7	uGrid	
4C3FD3	Texas Instruments	IoT
4C4088	Sanshin	
4C421E	Cisco	Router
4C4341	Calix	
4C43F6	Sz Dji	
4C445B	Intel Corporate	Computer
4C4553	Silicon Laboratories	
4C4576	China Mobile(Hangzhou)	
4C46D1	Guangzhou V-Solution	
4C48DA	Beijing Autelan	
4C4929	TCL King Electrical	Phone
4C494F	zte	Phone
4C4968	Ruijie	
4C496C	Intel Corporate	Computer
4C49E3	Xiaomi	Phone
4C4AB4	Juniper	Router
4C4B1F	Cloud Network	
4C4B68	Mobile Device	
4C4BF9	IEEE Registration	
4C4CD8	zte	Phone
4C4D66	Nanjing Jiahao	
4C4E03	TCT mobile	
4C4E35	Cisco	Router
4C4FEE	OnePlus Technology	Phone
4C5077	Huawei Device	Phone
4C50DD	Hui Zhou Gaoshengda	
4C50F1	Guangdong Oppo Mobile	Phone
4C5262	Fujitsu Technology	
4C52EC	SOLARWATT	
4C5369	YanFeng	
4C53FD	Amazon	
4C5427	Linepro Sp. z o.o	
4C548B	Cerebras System	
4C5499	Huawei	Phone
4C5585	Hamilton	
4C55B2	Xiaomi	Phone
4C55B8	Turkcell Teknoloji	
4C55CC	Zentri	
4C569D	Apple	Phone
4C56DF	Targus US	
4C5739	Samsung	Phone
4C57CA	Apple	Phone
4C5BB3	Silicon Laboratories	
4C5CDF	Itel Mobile Limited	
4C5D3C	Cisco	Router
4C5D6A	Apple	Phone
4C5DCD	Oy Finnish Electric	
4C5E0C	Routerboard.com	
4C5ED3	Unisyue Technologies Co;	
4C5F70	Intel Corporate	Computer
4C5FD2	Alcatel-Lucent	VoIP
4C60AD	Amazon	
4C60BA	AltoBeam	
4C60D5	airPointe of New	
4C60DE	Netgear	Router
4C617E	Huawei Device	Phone
4C6255	Sanmina-Sci System De	
4C627B	SmartCow AI	
4C62CD	Nokia	
4C62DF	Hangzhou Hikvision	Camera
4C6371	Xiaomi	Phone
4C63AD	Huawei Device	Phone
4C63EB	Application Solutions	
4C6460	Itel Mobile Limited	
4C64D9	Guangdong Leawin	
4C65A8	IEEE Registration	
4C6641	Samsung	Phone
4C66A6	Samsung	Phone
4C6AF6	HMD Global Oy	
4C6BB8	Hui Zhou Gaoshengda	
4C6BE8	Apple	Phone
4C6C13	IoT Company Solucoes	
4C6CA1	Chipsea Technologies	
4C6D58	Juniper	Router
4C6E44	IEEE Registration	
4C6E6E	Comnect	
4C6F9C	Guangdong Oppo Mobile	Phone
4C70CC	Blyott NV	
4C710C	Cisco	Router
4C710D	Cisco	Router
4C7167	PoLabs d.o.o	
4C7274	Shenzhenshi Xinzhongxin	
4C72B9	Pegatron	
4C734F	Juniper	Router
4C7367	Genius Bytes Software	
4C73A5	Kove	
4C7403	Bq	
4C7487	Leader Phone	
4C74A7	IEEE Registration	
4C74BF	Apple	Phone
4C7525	Espressif	IoT
4C7625	Dell	Computer
4C7713	Renesas Electronics	
4C774F	Embedded Wireless	
4C7766	Shenzhen Mercury	
4C776D	Cisco	Router
4C77CB	Intel Corporate	Computer
4C7872	Cav. Uff. Giacomo	
4C7897	Arrowhead Alarm Products	
4C796E	Intel Corporate	Computer
4C7975	Apple	Phone
4C79BA	Intel Corporate	Computer
4C7A48	Nippon Seiki (Europe)	
4C7A88	Cisco	Router
4C7B35	Unionman	
4C7C5F	Apple	Phone
4C7CD9	Apple	Phone
4C7F62	Nokia	
4C804F	Armstrong Monitoring	Smart Home
4C8093	Intel Corporate	Computer
4C80BA	Wuhan Tianyu	
4C80FB	Google	
4C8120	Taicang T&W	
4C8125	ZOWEE	
4C820C	Apple	Phone
4C8237	Telink Micro	
4C82A9	Cloud Network	
4C82CF	Dish	
4C83DE	Cisco SPVTG	Router
4C83FE	Shenzhen Mercury	
4C858A	Buffalo.Inc	Storage
4C875D	Bose	Audio
4C889E	Huawei Device	Phone
4C8B30	Actiontec	
4C8B55	Grupo Digicon	
4C8BEF	Huawei	Phone
4C8D53	Huawei	Phone
4C8D79	Apple	Phone
4C8E19	Xiaomi	Phone
4C8ECC	Silkan	
4C8FA5	Jastec	
4C90DB	JL Audio	Automotive
4C910C	Lanix Internacional,	
4C9157	Fujian LANDI Commercial	
4C917A	IEEE Registration	
4C92D2	Guangdong Oppo Mobile	Phone
4C93A6	IEEE Registration	
4C9614	Juniper	Router
4C962D	Fresh AB	
4C968A	Wacom	
4C97A1	Silicon Laboratories	
4C97CC	Apple	Phone
4C98EF	Zeo	
4C9992	vivo Mobile	Phone
4C99E8	Zhejiang Dahua	Camera
4C9B63	LG Innotek	
4C9D22	ACES	
4C9E6C	Broadex	
4C9E80	KYOKKO ELECTRIC	
4C9EE4	Hanyang Navicom	
4C9EFF	Zyxel	Router
4C9FF1	Apple	Phone
4CA003	Vitec	
4CA03D	Bouffalo Lab (Nanjing)	
4CA0D4	Telink Semiconductor	
4CA161	Rain Bird	
4CA38F	shenzhen trolink	
4CA3A7	Tecno Mobile Limited	
4CA515	Baikal Electronics JSC	
4CA56D	Samsung	Phone
4CA64D	Cisco	Router
4CA74B	Alcatel Lucent	VoIP
4CA919	Tuya Smart	Smart Home
4CA928	Insensi	
4CA954	Intel Corporate	Computer
4CAA16	AzureWave Technologies	
4CAB33	KST	
4CAB4F	Apple	Phone
4CABF3	Universal	
4CABF8	Askey Computer	
4CABFC	zte	Phone
4CAC0A	zte	Phone
4CAD35	Apple	Phone
4CADA8	Panoptics	
4CADDF	Công ty Cổ phần Thiết	
4CAE13	Huawei	Phone
4CAE1C	SaiNXT	
4CAE31	ShengHai Electronics	
4CAEA3	Hewlett Packard	Computer
4CAEEC	Guangzhou limee	
4CB008	Shenzhen Gwelltimes	
4CB04A	Intel Corporate	Computer
4CB087	Huawei	Phone
4CB0E8	Beijing RongZhi xinghua	
4CB16C	Huawei	Phone
4CB199	Apple	Phone
4CB1CD	Ruckus Wireless	Router
4CB21C	Maxphotonics	
4CB44A	NANOWAVE	
4CB4EA	Hrd (S) Pte	
4CB76D	Novi Security	
4CB7E0	Shenzhen Mercury	
4CB81C	SAM	
4CB82C	Cambridge Mobile	
4CB8B5	Shenzhen YOUHUA	
4CB910	Apple	Phone
4CB911	Raisecom	
4CB99B	Weifang Goertek	
4CB9C8	Conet	
4CB9EA	iRobot	Appliance
4CBA7D	Gemtek	
4CBAA3	Bison	
4CBAD7	LG Innotek	
4CBB47	NVIDIA	Computer
4CBB58	Chicony	
4CBB6F	Infinix mobility limited	
4CBC42	Shenzhen Hangsheng	
4CBC48	Cisco	Router
4CBC72	Primex Wireless	
4CBC98	IEEE Registration	
4CBCA5	Samsung	Phone
4CBCB4	ABB SpA - DIN Rail	Industrial
4CBCE9	LG Innotek	
4CBD8F	Hangzhou Hikvision	Camera
4CC00A	vivo Mobile	Phone
4CC096	Shenzhen SuperElectron	
4CC206	Somfy	
4CC382	Espressif	IoT
4CC449	Icotera A/S	
4CC452	Shang Hai Tyd. Electon	
4CC53E	Zyxel	Router
4CC5D9	Dell	Computer
4CC602	Radios	
4CC64C	Beijing Xiaomi Mobile	Phone
4CC681	Shenzhen Aisat	
4CC7D6	Flextronics	Smart Home
4CC844	Maipu Communication	
4CC8A1	Cisco Meraki	Router
4CC94F	Nokia	
4CC95E	Samsung	Phone
4CCA53	Skyera	
4CCA95	Huawei Device	Phone
4CCBF5	zte	Phone
4CCC34	Motorola Solutions	Phone
4CCC6A	Micro-Star INTL	
4CCDB6	Apple	Phone
4CCE2D	Danlaw	
4CCF7C	HP	Computer
4CD012	Apple	Phone
4CD08A	HUMAX	
4CD0CB	Huawei	Phone
4CD0DD	Huawei	Phone
4CD0F9	Cisco	Router
4CD1A1	Huawei	Phone
4CD2FB	Unionman	
4CD3AF	HMD Global Oy	
4CD4B1	NXP Semiconductor	IoT
4CD546	Hewlett Packard	Computer
4CD577	Chongqing Fugui	
4CD587	Hewlett Packard	Computer
4CD629	Huawei	Phone
4CD637	Qsono	
4CD717	Dell	Computer
4CD73A	ShenZhen XinZhongXin	
4CD74A	Vantiva USA	
4CD7B6	Helmer Scientific	
4CD7C8	Guangzhou V-Solution	
4CD98F	Dell	Computer
4CD9C4	Magneti Marelli	
4CDA38	Texas Instruments	IoT
4CDC0D	Coral Telecom Limited	
4CDD31	Samsung	Phone
4CDD7D	LHP Telematics	
4CDE48	Huawei Device	Phone
4CDF3D	Team Engineers Advance	
4CE0DB	Xiaomi	Phone
4CE136	Private	
4CE173	IEEE Registration	
4CE175	Cisco	Router
4CE176	Cisco	Router
4CE19E	Tecno Mobile Limited	
4CE1BB	Zhuhai HiFocus	
4CE20F	Xiaomi	Phone
4CE2F1	Udino	
4CE4B6	Motorola Mobility LLC,	Phone
4CE5AE	Tianjin Beebox	
4CE650	Apple	Phone
4CE65E	Huawei	Phone
4CE676	Buffalo.Inc	Storage
4CE6C0	Apple	Phone
4CE705	Siemens Industrial	
4CE933	RailComm	
4CE9E4	New H3C	
4CEA41	IEEE Registration	
4CEAAE	Guangdong Oppo Mobile	Phone
4CEB42	Intel Corporate	Computer
4CEB76	Murrelektronik	
4CEBB0	Samsung	Phone
4CEBBD	Chongqing Fugui	
4CEBD6	Espressif	IoT
4CEC0F	Cisco	Router
4CECEE	Samsung	Phone
4CECEF	Soraa	
4CEDDE	Askey Computer	
4CEDFB	ASUSTek COMPUTER	Computer
4CEEB0	SHC Netzwerktechnik	
4CEF56	Shenzhen Sundray	
4CEFC0	Amazon	
4CEFE1	Dynacon Sp. z o.o	
4CF02E	Vifa Denmark A/S	
4CF19E	Groupe Atlantic	
4CF202	Xiaomi	Phone
4CF2BF	Cambridge	
4CF45B	Blue Clover Devices	
4CF475	Huawei Device	Phone
4CF55B	Huawei	Phone
4CF5A0	Scalable	
4CF5DC	Hangzhou Hikvision	Camera
4CF737	SamJi	
4CF95D	Huawei	Phone
4CFA9A	Shenzhen Quanxing	
4CFAC9	BWS IoT	
4CFACA	Cambridge	
4CFB45	Huawei	Phone
4CFBF4	Optimal Audio	Automotive
4CFBFE	Sercomm Japan	
4CFC22	Shanghai Hi-Tech	
4CFCAA	Tesla	Automotive
4CFE2E	DongGuan Siyoto	
4CFF12	Fuze Entertainment	
500084	Siemens Canada	
50008C	Hong Kong	
5000E0	Cisco	Router
5000E6	Mellanox	Switch
50016B	Huawei	Phone
5001BB	Samsung	Phone
5001D9	Huawei	Phone
500238	Nokia Shanghai Bell	
500291	Espressif	IoT
5003CF	Canon	Camera
500401	TelHi	
5004B8	Huawei	Phone
50053D	CyWee	
50056E	Guangdong Oppo Mobile	Phone
500604	Cisco	Router
5006AB	Cisco	Router
5006F5	Roku	TV
5007C3	Amazon	
500959	Vantiva USA	
5009E5	Drimsys	
500A52	Huiwan	
500A9C	Extreme	Switch
500B23	Huawei	Phone
500B26	Huawei	Phone
500B32	Foxda Technology	
500B88	Moxa.Inc	Industrial
500B91	IEEE Registration	
500E5B	Quectel Wireless	
500E6D	TrafficCast	
500F59	STMicrolectronics	IoT
500F80	Cisco	Router
500FC6	solum	
500FF5	Tenda Technology	
5011EB	SilverNet	
50125C	Sony	
50131D	Motorola Mobility LLC,	Phone
501365	Vola	
501395	Sichuan AI-Link	
50139D	Sierra Wireless, ULC	
501408	AiNET	
501479	iRobot	Appliance
5014B5	Richfit Information	
5014C1	Huawei	Phone
5016F4	Motorola Mobility LLC,	Phone
5017FF	Cisco	Router
50184C	Platina	
501911	IEEE Registration	
501AA5	GN Netcom A/S	
501AC5	Microsoft	
501B32	Taicang T&W	
501B6A	Sunitec Technology	
501CB0	Cisco	Router
501CBF	Cisco	Router
501D93	Huawei	Phone
501E2D	StreamUnlimited	Smart Home
501FC6	Apple	Phone
502065	Quectel Wireless	
50206B	Copeland -	
5021EC	Huawei Device	Phone
502267	PixeLINK	
5022C9	Bel Power Solutions	
50236D	Nintendo	Gaming
5023A2	Apple	Phone
50252B	Nethra Imaging	
502690	Fujitsu Limited	
5026D2	AVIRE Trading Limited	
5026EF	Murata Manufacturing	Smart Home
5027A9	eero	
5027C7	TECHNART	
50284A	Intel Corporate	Computer
502873	Huawei Device	Phone
50294D	Nanjing Iot Sensor	
50297B	China Mobile Group	
5029F5	Guangdong Oppo Mobile	Phone
502A7E	Smart electronic	
502A8B	Telekom Research and	
502B73	Tenda Technology	
502B98	Es-tech	
502CC6	Gree Electric	
502D1D	Nokia	
502DA2	Intel Corporate	Computer
502DBB	GD Midea	Appliance
502DF4	Phytec Messtechnik	
502DFB	IGShare	
502E5C	HTC	
502E66	Cloud Network	
502E91	AzureWave	
502ECE	Asahi	
502F54	Cig Shanghai	
502F9B	Intel Corporate	Computer
502FA8	Cisco	Router
502FBB	Motorola Mobility LLC,	Phone
5030F4	Exascend	
503123	FN-LINK	
5031AD	ABB Global Industries	Industrial
503237	Apple	Phone
50325F	Silicon Laboratories	
503275	Samsung	Phone
50338B	Texas Instruments	IoT
5033F0	Yichen (Shenzhen)	
5037CD	Quectel Wireless	
50382F	ASE Group Chung-Li	
5038AB	Prove	
50392F	Ingram Micro Services	
503955	Cisco SPVTG	Router
503A0F	ALL Winner (Hong Kong)	
503A7D	AlphaTech PLC Int’l	
503AA0	Shenzhen Mercury	
503B70	Apple	Phone
503CC4	Lenovo Mobile	Computer
503CCA	Tecno Mobile Limited	
503CEA	Guangdong Oppo Mobile	Phone
503D7F	Nokia Shanghai Bell	
503DA1	Samsung	Phone
503DC6	Xiaomi	Phone
503DD1	TP-Link	Router
503DE5	Cisco	Router
503DEB	Zhejiang Tmall	
503E7C	LeiShen Intelligent	
503EAA	Tp-Link	Router
503F50	Huawei Device	Phone
503F56	Syncmold Enterprise	
503F98	Cmitech	
504035	Vantiva USA	
504061	Nokia	
504074	Alarm.com	
50411C	AMPAK	
504172	Huawei	Phone
5041B9	I-O Data	
504289	zte	Phone
504348	ThingsMatrix	
5043B9	OktoInform RUS	
504594	Radisys	
5045F7	Liuhe Intelligence	
50464A	Huawei	Phone
50465D	ASUSTek COMPUTER	Computer
5046AE	Mercury	
50482C	IEEE Registration	
504877	Honor Device	Phone
5048EB	Beijing Haihejinsheng	
504921	Cisco	Router
5049B0	Samsung	Phone
504A5E	Masimo	Medical
504A6E	Netgear	Router
504B5B	CONTROLtronic	
504B9E	Huawei Device	Phone
504C7E	The 41St Institute Of	
504EDC	Ping Communication	
504F3B	Beijing Xiaomi Mobile	Phone
504F94	Loxone	
50502A	Egardia	
505065	TAKT	
5050A4	Samsung	Phone
5050CE	Hangzhou Dianyixia	
50514F	Netbeam Technology	
5051A9	Texas Instruments	IoT
50523B	Nokia	
5052D2	Hangzhou Telin	
50547B	Nanjing Qinheng	
505527	LG Electronics (Mobile	Phone
50558D	China Mobile IOT	
505663	Texas Instruments	IoT
5056A8	Jollyboys	
5056BF	Samsung	Phone
50578A	Apple	Phone
50579C	Seiko Epson	Printer
5057A8	Cisco	Router
505800	WyTec	
50584F	waytotec	
50586F	Huawei Device	Phone
5058B0	Hunan Greatwall	
505967	Intent Solutions	
505A65	AzureWave	
505AC6	Guangdong Super Telecom	
505B1D	Shenzhen C-Data	
505BC2	Liteon	
505C88	Cisco	Router
505D7A	zte	Phone
505DAC	Huawei	Phone
505E24	zte	Phone
505E3A	GD Midea	Appliance
505E5C	Sunitec Technology	
505FB5	Askey Computer	
506028	Xirrus	Access Point
50613F	eero	
50617E	Shenzhen MiaoMing	
506184	Avaya	VoIP
506188	PLANET	
5061BF	Cisco	Router
5061D6	Indu-Sol	
5061F6	Universal	
506245	Annapurna	
506255	IEEE Registration	
506313	Hon Hai Precision Ind	
506382	Huawei	Phone
506391	Huawei	Phone
50642B	XIAOMI	Phone
506441	Greenlee	
506583	Texas Instruments	IoT
5065F3	Hewlett Packard	Computer
5066E5	Huawei Device	Phone
506787	Planet	
5067AE	Cisco	Router
5067E0	Altice	
5067F0	Zyxel	Router
50680A	Huawei	Phone
5068AC	Huawei Device	Phone
50695A	AiFamous（shenzhen）Techno	
506A03	Netgear	Router
506B4B	Mellanox	Switch
506B8D	Nutanix	
506CBE	InnosiliconTechnology	
506E92	Innocent	
506F0C	Sagemcom Broadband SAS	Storage
506F77	Huawei	Phone
506F98	Sehaj Synergy	
506F9A	Wi-Fi Alliance	
507043	Sky Uk Limited	
507097	China Mobile Group	
5070E5	He Shan World Fair	
507164	Cisco	Router
507224	Texas Instruments	IoT
50724D	BEG Brueck Electronic	
5075F1	Commscope	
507691	Tekpea	
5076A6	Ecil Informatica Ind.	
5076AF	Intel Corporate	Computer
507705	Samsung	Phone
50787D	Espressif	IoT
5078B0	Huawei Device	Phone
5078B3	zte	Phone
50795B	Interexport	
507973	Inagile Electronic	
507A55	Apple	Phone
507AC5	Apple	Phone
507B91	Sigmastar	
507B9D	LCFC(Hefei)	
507C6F	Intel Corporate	Computer
507C90	Huami (Shenzhen)	
507D02	Biodit	
507E5D	Arcadyan	
50804A	Quectel Wireless	
508140	HP	Computer
5082D5	Apple	Phone
508492	Intel Corporate	Computer
508569	Samsung	Phone
50857C	eero	
50874D	Guangdong Oppo Mobile	Phone
508789	Cisco	Router
5087B8	Nuvyyo	
508811	Beijing Xiaomi Mobile	Phone
5088C7	Taicang T&W	
508965	Shenzhen Mercury	
5089D1	Huawei Device	Phone
508A06	Tuya Smart	Smart Home
508A0F	Shenzhen Fise	
508A42	Uptmate	
508A7F	Huawei	Phone
508ACB	Shenzhen Maxmade	
508BB9	Tuya Smart	Smart Home
508C77	DIRMEIER Schanktechnik	
508CB1	Texas Instruments	IoT
508CC9	zte	Phone
508CF5	China Mobile Group	
508D62	Huawei	Phone
508D6F	CHAHOO Limited	
508D9E	Huawei	Phone
508E49	Xiaomi	Phone
508F4C	Xiaomi	Phone
5091E3	TP-Link	Router
50926A	Beijing Xiaomi Mobile	Phone
5092B9	Samsung	Phone
50934F	Gradual Tecnologia Ltda	
5093CE	Huawei	Phone
509546	Huawei	Phone
509551	Commscope	
509707	Xiamen Paperang	
509744	Integrated Device	
509772	Westinghouse Digital	
509839	Xiaomi	Phone
509871	Inventum Technologies	
509893	Texas Instruments	IoT
5098B8	New H3C	
5098F3	Rheem Australia	
509903	Meta Platforms	
50995A	Amazon	
509A46	Safetrust	
509A4C	Dell	Computer
509A88	Huawei	Phone
509B94	Shenzhen iComm	
509EA7	Samsung	Phone
509F27	Huawei	Phone
509F3B	Oi Electric	
509FB9	Shenzhen Skyworth	
50A009	Xiaomi	Phone
50A015	Shenzhen Yipingfang	
50A030	IEEE Registration	
50A054	Actineon	
50A0A4	Nokia	
50A0BF	Alba Fiber	
50A132	Shenzhen MiaoMing	
50A1F3	Huawei Device	Phone
50A4C8	Samsung	Phone
50A4D0	IEEE Registration	
50A5DC	Commscope	
50A67F	Apple	Phone
50A6D8	Apple	Phone
50A6E3	David Clark	
50A715	Aboundi	
50A72B	Huawei	Phone
50A733	Ruckus Wireless	Router
50A83A	S Mobile Devices Limited	
50A9DE	Smartcom - Bulgaria AD	
50AB29	Trackunit ApS	
50AB3E	Qibixx	
50ABBF	Hoseo Telecom	
50ACB9	Huawei	Phone
50AD71	Tessolve Semiconductor	
50AD92	NX	
50ADD5	Dynalec	
50AE86	Linkintec	
50AF4D	zte	Phone
50AF73	Shenzhen Bitland	
50B03B	Sony Interactive	Gaming
50B127	Apple	Phone
50B140	Elproma Elektronika Sp	
50B363	Digitron da Amazonia S/A	
50B3B4	Shenzhen Furuilian	
50B695	Micropoint	
50B7C3	Samsung	Phone
50B888	wi2be Tecnologia S/A	
50B8A2	ImTech	
50BA02	Qingdao	
50BB9F	Vantiva USA	
50BBB5	AzureWave	
50BC96	Apple	Phone
50BD5F	Tp-Link	Router
50C006	Carmanah Signs	
50C0F0	Artek Microelectronics	
50C1F0	NXP Semiconductor	IoT
50C271	Securetech	
50C275	GN Audio A/S	Automotive
50C2E8	Cloud Network	
50C2ED	GN Audio A/S	Automotive
50C3A2	nFore	
50C4DD	Buffalo.Inc	Storage
50C58D	Juniper	Router
50C68E	Biwin Semiconductor	
50C6AD	Fiberhome	
50C709	Juniper	Router
50C7BF	Tp-Link	Router
50C8E5	Samsung	Phone
50C971	GN Netcom A/S	
50C9A0	Skipper As	
50CCF8	Samsung Electro	Phone
50CD22	Avaya	VoIP
50CD32	NanJing Chaoran Science	
50CE75	Measy	
50CEE3	Gigafirm.co.LTD	
50CF14	Quectel Wireless	
50CF56	China Mobile Group	
50D065	ESYLUX	
50D06D	Bird Buddy	
50D1D7	ALL Winner (Hong Kong)	
50D213	CviLux	
50D274	Steffes	
50D2F5	Beijing Xiaomi Mobile	Phone
50D33B	cloudnineinfo	
50D37F	Yu Fly Mikly Way	
50D448	Private	
50D45C	Amazon	
50D4F7	Tp-Link	Router
50D59C	Thai Habel Industrial	
50D6D7	Takahata Precision	
50D753	CONELCOM	
50DA00	Hangzhou H3C	
50DA9E	Shen Zhen Tenda	
50DAD6	Xiaomi	Phone
50DB3F	Shenzhen Gongjin	
50DCD0	Observint	
50DCE7	Amazon	
50DCFC	Ecocom	
50DD4F	Automation Components	
50DE06	Apple	Phone
50DE19	IEEE Registration	
50DE92	shenzhen worldelite	
50DF95	Lytx	
50E039	Zyxel	Router
50E085	Intel Corporate	Computer
50E099	HangZhou Atuo Future	
50E0C7	TurControlSystme	
50E0EF	Nokia	
50E0F9	GE Vernova	
50E14A	Private	
50E24E	zte	Phone
50E452	Chipsea Technologies	
50E467	Ring	Smart Home
50E478	Sichuan AI-Link	
50E4E0	Hewlett Packard	Computer
50E538	Hangzhou Hikvision	Camera
50E549	Giga-Byte	Computer
50E636	AVM Audiovisuelles	Automotive
50E666	Shenzhen Techtion	
50E7A0	Renesas Electronics	
50E7B7	vivo Mobile	Phone
50E971	Jibo	
50E9DF	Quectel Wireless	
50EAD6	Apple	Phone
50EB1A	Brocade	Switch
50EB71	Intel Corporate	Computer
50EBF6	ASUSTek COMPUTER	Computer
50EC50	Beijing Xiaomi Mobile	Phone
50ED3C	Apple	Phone
50ED78	Changzhou Yongse	
50ED94	Egatel Sl	
50EE32	Hon Hai Precision	
50EE87	Hpro	
50EE9B	AltoBeam	
50F003	Open Stack	
50F0D3	Samsung	Phone
50F14A	Texas Instruments	IoT
50F222	EM Microelectronic	
50F261	Photon Sail	
50F265	Apple	Phone
50F351	Apple	Phone
50F43C	Leeo	
50F4EB	Apple	Phone
50F520	Samsung	Phone
50F5DA	Amazon	
50F61A	Kunshan JADE	
50F722	Cisco	Router
50F7ED	Huawei Device	Phone
50F8A5	eWBM	
50F8AD	Nanjing Qinheng	
50F908	Wizardlab	
50F958	Huawei Device	Phone
50FA84	Tp-Link	Router
50FAAB	L-tek d.o.o	
50FACB	IEEE Registration	
50FB19	Chipsea Technologies	
50FBFF	Franklin	
50FC30	Treehouse	
50FC9F	Samsung	Phone
50FDD5	SJI Industry	
50FE0C	AzureWave	
50FE39	Beijing Xiaomi Mobile	Phone
50FEF2	Sify	
50FF20	Keenetic Limited	
50FF99	IEEE Registration	
525400	QEMU virtual NIC	
54014A	Guangzhou Shiyuan	
540237	Teltronic	
540295	Huawei	Phone
540384	Hongkong Nano IC	
5403F5	EBN	
540463	Cig Shanghai	
540496	Gigawave	
5404A6	ASUSTek COMPUTER	Computer
540536	Vivago Oy	
54055F	Alcatel Lucent	VoIP
540583	Itel Mobile Limited	
540593	WOORI ELEC	
5405DB	LCFC(Hefei)	
54068B	Ningbo Deli Kebei	
540764	Huawei Device	Phone
54077D	Netgear	Router
54083B	IEEE Registration	
540853	Qingdao Haier	Appliance
5408D3	Tianyi Telecom	
540910	Apple	Phone
540929	Inventus Power	
540955	zte	Phone
54098D	deister electronic	
540A77	Fiberhome	
540A8A	Jlztlink	
540BB6	Variscite	
540DF9	Huawei Device	Phone
540E2D	vivo Mobile	Phone
540E58	Guangdong Oppo Mobile	Phone
540F2C	Arista	Switch
540F57	Silicon Laboratories	
54102E	Huawei	Phone
541031	Smarto	
54104F	Samsung	Phone
54107B	Guangdong Jeton	
5410EC	Microchip	IoT
54112F	Sulzer Pump Solutions	
541149	vivo Mobile	Phone
541159	Nettrix Information	
54115F	Atamo	
5412CB	Huawei	Phone
541310	Huawei	Phone
541379	Hon Hai Precision Ind	
54138F	GEOIDE Crypto&Com	
5413CA	Itel Mobile Limited	
541473	Wingtech Group	
5414A7	Nanjing Qinheng	
5414E9	AltoBeam	
5414F3	Intel Corporate	Computer
5414FD	Orbbec 3D	
541589	MCS Logic	
541651	Ruijie	
5419C8	vivo Mobile	Phone
541B5D	Techno-Innov	
541D61	YEESTOR Microelectronics	
541DFB	Freestyle Energy	
541E56	Juniper	Router
541F8D	zte	Phone
541FCD	Guangdong Oppo Mobile	Phone
541FD5	Advantage	
542018	Tely	
542097	TTTech Auto	
54211D	Huawei Device	Phone
542160	Alula	
54219D	Samsung	Phone
5421A9	Itel Mobile Limited	
542259	Huawei	Phone
5422E0	Adtran	
5422F8	zte	Phone
5425EA	Huawei	Phone
542618	Huawei	Phone
54263D	Sony	
542696	Apple	Phone
54271E	AzureWave	
542722	Lacroix	
542758	Motorola (Wuhan)	Phone
54276C	Jiangsu Houge	
54278D	NXP (China) Management	IoT
542906	Apple	Phone
542A1B	Sonos	Smart Home
542A43	Apple	Phone
542A9C	LSY Defense	
542AA2	Alpha	
542B1C	Amazon	
542B57	Night Owl SP	
542B76	zte	Phone
542B8D	Apple	Phone
542BDE	New H3C	
542CEA	Protectron	
542F04	Shanghai Longcheer	
542F2B	Huawei	Phone
542F89	Euclid Laboratories	
542F8A	Tellescom Industria E	
543131	Raster Vision	
5431D4	TGW Mechanics	
543204	Espressif	IoT
5432C7	Apple	Phone
5433C6	Mist	Access Point
5433CB	Apple	Phone
5434EF	Huawei	Phone
543530	Hon Hai Precision Ind	
5435DF	Symeo	
5435E9	Feitian	
543631	Intel Corporate	Computer
54369B	1Verge Internet	
5437BB	Taicang T&W	
543968	Edgewater	
543976	Groq	
5439DF	Huawei	Phone
543AD6	Samsung	Phone
543ADF	Qualfiber	
543B30	duagon	
543CED	Sagemcom Broadband SAS	Storage
543D37	Ruckus Wireless	Router
543D60	Arcadyan	
543D92	Wireless-Tek Technology	
543E64	Fiberhome	
5440AD	Samsung	Phone
544249	Sony	
5443B2	Espressif	IoT
544408	Nokia	
54443B	Huawei	Phone
5444A3	Samsung	Phone
544538	Texas Instruments	IoT
544617	zte	Phone
54466B	Shenzhen CZTIC	
544741	Xcheng	
5447CC	Sagemcom Broadband SAS	Storage
5447D3	Tsat As	
5447E8	Syrotech	
544810	Dell	Computer
54489C	Cdoubles	
5448E6	Beijing Xiaomi Mobile	Phone
5449DF	Peloton Interactive	
5449FC	Ubee Interactive Co.,	
544A00	Cisco	Router
544A05	wenglor sensoric	
544A16	Texas Instruments	IoT
544B8C	Juniper	Router
544C8A	Microsoft	Computer
544DD4	China Mobile Group	
544E45	Private	
544E90	Apple	Phone
544EF0	Roku	TV
54511B	Huawei	Phone
545146	AMG	
5451DE	Cisco	Router
545284	Huawei Device	Phone
5453ED	Sony	
545414	Digital RF Corea	
5454CF	Probedigital	
5455D5	Huawei Device	Phone
545618	Huawei Device	Phone
545925	Huawei	Phone
545AA6	Espressif	IoT
545B86	Panasonic Automotive	
545DD9	Edistec	
545EBD	NL	
545FA7	Jibaiyou	
545FA9	Teracom Limited	
546009	Google	
54606D	Huawei	Phone
546172	Zodiac Aerospace Sas	
5461EA	Zaplox AB	
5462E2	Apple	Phone
5464BC	Guangdong Oppo Mobile	Phone
5464D9	Sagemcom Broadband SAS	Storage
5464DE	u-blox	
546503	Quectel Wireless	
5465DE	Commscope	
54666C	Shenzhen YOUHUA	
5466F9	ConMet	
546706	Guangdong Oppo Mobile	Phone
546749	Google	
546751	Compal Broadband	
5467E6	Shenzhen Mtc	
546925	Ps Inodic	
546990	Huawei	Phone
546AD8	Elster Water Metering	Smart Home
546C0E	Texas Instruments	IoT
546C50	Nanjing Qinheng	
546CAC	Intelbras	
546CEB	Intel Corporate	Computer
546D52	Topview Optronics	
546F71	uAvionix	
547068	VTech Communications	
5471DD	Huawei Device	Phone
54724F	Apple	Phone
54725E	Union Man	
54726E	Daimler Truck	
54735A	Huawei Device	Phone
547370	The LEGO	
547398	Toyo	
5474E6	Webtech Wireless	
547595	Tp-Link	Router
5475D0	Cisco	Router
5476B2	Raisecom	
547787	Earda	
54778A	Hewlett Packard	Computer
54781A	Cisco	Router
547885	Shenzhen Giec Digital	
5478C9	AMPAK	
5478F0	zte	Phone
547975	Nokia	
547A52	CTE	
547AF4	Bouffalo Lab (Nanjing)	
547C69	Cisco	Router
547D40	Powervision	
547DCD	Texas Instruments	IoT
547E1A	Kaon	
547F54	Ingenico	
547FA8	TELCO systems, s.r.o	
547FBC	iodyne	
547FEE	Cisco	Router
548028	Hewlett Packard	Computer
54808A	Pt. Bizlink Technology	
54812D	PAX Computer	
5481AD	Eagle Research	
54833A	Zyxel	Router
5483BB	Honda Motor	Automotive
548450	Tiinlab	
54847B	Digital Devices	
5484DC	zte	Phone
5485C1	Siliconwaves	
5486BC	Cisco	Router
54880E	Samsung	Phone
5488D5	zte	Phone
5488DE	Cisco	Router
5488FE	Xiaoniu network	
548922	Zelfy	
548998	Huawei	Phone
548ABA	Cisco	Router
548C81	Hangzhou Hikvision	Camera
548CA0	Liteon	
548D5A	Intel Corporate	Computer
5491AF	IEEE Registration	
5491E1	Vitalacy	
549209	Huawei	Phone
54926A	GD Midea	Appliance
5492BE	Samsung	Phone
549359	Shenzhen Twowing	
549478	Silvershore Technology	
5496CB	AMPAK	
549963	Apple	Phone
549A11	IEEE Registration	
549A16	Uzushio Electric	
549A4C	Guangdong Homecare	
549A8F	Realme Chongqing Mobile	Phone
549B12	Samsung	Phone
549B24	Mellanox	Switch
549B49	NEC Platforms	
549B72	Ericsson AB	
549C27	Plasma Cloud Limited	
549D85	EnerAccess	
549F06	Nokia Shanghai Bell	
549F13	Apple	Phone
549F35	Dell	Computer
549FAE	iBASE Gaming	
549FC6	Cisco	Router
54A04F	t-mac	
54A050	ASUSTek COMPUTER	Computer
54A0AB	Maiyue Future	
54A104	OPTOWL	
54A245	Digisol Systems Limited	
54A274	Cisco	Router
54A31B	Shenzhen Linkworld	
54A356	Annapurna	
54A3FA	BQT Solutions	
54A493	IEEE Registration	
54A51B	Huawei	Phone
54A54B	NSC Communications	
54A552	Shenzhen WeSing	
54A619	Alcatel-Lucent Shanghai	VoIP
54A637	Huawei	Phone
54A65C	Vantiva USA	
54A6DB	Huawei Device	Phone
54A703	Tp-Link	Router
54A7A0	Hunan Aimag Intelligent	
54A9C8	Home Control Singapore	
54A9D4	Minibar	
54AB3A	Quanta Computer	Server
54ACFC	LIZN ApS	
54AE27	Apple	Phone
54AEBC	China Dragon Technology	
54AED0	DASAN	
54AED2	CSL Dualcom	
54AF97	TP-Link	Router
54B121	Huawei	Phone
54B203	Pegatron	
54B27E	Sagemcom Broadband SAS	Storage
54B29D	Shenzhen YOUHUA	
54B56C	Xi'an NovaStar	
54B620	SUHDOL E&C	
54B753	Hunan Fenghui Yinjia	
54B7BD	Arcadyan	
54B7E5	Rayson	
54B802	Samsung	Phone
54B80A	D-Link	Router
54B874	GD Midea	Appliance
54B8DB	Apple	Phone
54BAD6	Huawei	Phone
54BAD9	Intelbras	
54BB8F	Accton	
54BD79	Samsung	Phone
54BE53	zte	Phone
54BEF7	Pegatron	
54BF64	Dell	Computer
54C078	Infinix mobility limited	
54C1D3	Guangzhou TR	Smart Home
54C250	Iskratel d.o.o	
54C33E	Ciena	
54C415	Hangzhou Hikvision	Camera
54C45B	Arcadyan	
54C480	Huawei	Phone
54C57A	Sunnovo International	
54C6A6	Hubei Yangtze Mason	
54C6FF	New H3C	
54C80F	Tp-Link	Router
54C8CC	Shenzhen SDG Telecom	
54C9DF	Fn-Link Technology	
54CD10	Panasonic Mobile	
54CDA7	Fujian Shenzhou	
54CDEE	ShenZhen Apexis	
54CE69	Hikari Trading	
54CE82	zte	Phone
54CF8D	Huawei	Phone
54D0B4	Xiamen Four-Faith	
54D0ED	AXIM	
54D163	Max-Tech	
54D17D	Samsung	Phone
54D1B0	Universal Laser	
54D272	Nuki Home Solutions	
54D46F	Cisco SPVTG	Router
54D60D	Hangzhou Ezviz Software	
54D751	Proximus	
54D7E3	Hewlett Packard	Computer
54D9C6	Huawei Device	Phone
54D9E4	Brilliantts	
54DBA2	Fibrain	
54DC1D	Yulong Computer	
54DCE9	Silicon Laboratories	
54DD21	Huawei Device	Phone
54DD4F	Samsung	Phone
54DED0	Sevio	
54DED3	zte	Phone
54DF00	Ulterius	
54DF1B	Vestel Elektronik San	
54DF24	Fiberhome	
54DF63	Intrakey	
54E005	Fiberhome	
54E019	Ring	Smart Home
54E032	Juniper	Router
54E061	Sichuan Tianyi Comheart	
54E140	Ingenico	
54E15B	Huawei Device	Phone
54E1AD	LCFC(Hefei)	
54E1B6	Renesas Electronics	
54E2C8	Dongguan Aoyuan	
54E2E0	Commscope	
54E3B0	JVL Industri Elektronik	
54E3F6	Alcatel-Lucent	VoIP
54E43A	Apple	Phone
54E4A9	BHR	
54E4BD	Fn-Link Technology	
54E4ED	Intel Corporate	Computer
54E61B	Apple	Phone
54E63F	ShenZhen LingKeWeiEr	
54E6FC	Tp-Link	Router
54E6FD	Sony Interactive	Gaming
54E7D5	Sun Cupid Technology	
54EAA8	Apple	Phone
54EAE1	Honor Device	Phone
54EBE9	Apple	Phone
54EC2F	Ruckus Wireless	Router
54ECB0	Sercomm France Sarl	
54EDA3	Navdy	
54EE75	Wistron	
54EF33	Shenzhen Bilian	
54EF43	Huawei	Phone
54EF44	Lumi United	
54EF5B	Science	
54EF92	Shenzhen Elink	
54EFFE	Fullpower	
54F0B1	Hewlett Packard	Computer
54F15F	Sichuan AI-Link	
54F201	Samsung	Phone
54F283	Silicon Laboratories	
54F294	Huawei Device	Phone
54F29F	Hunan Fn-Link	
54F5B6	Oriental Pacific	
54F607	Huawei Device	Phone
54F666	Berthold Technologies	
54F6C5	Fujian Star-Net	
54F6E2	Huawei	Phone
54F82A	u-blox	
54F876	Abb	Industrial
54F8F0	Tesla	Automotive
54FA3E	Samsung	Phone
54FA89	Medtronic CRM	Medical
54FA96	Nokia Solutions and	
54FB58	WISEWARE, Lda	
54FB5A	Optomind	
54FB66	ASRock Incorporation	
54FCF0	Samsung	Phone
54FDBF	Scheidt & Bachmann	
54FEEB	Texas Instruments	IoT
54FF82	Davit Solution co	
54FFCF	Mopria Alliance	
580032	Genexis	
5800BB	Juniper	Router
5800E3	Liteon	
580205	AzureWave	
5803FB	Hangzhou Hikvision	Camera
58044F	TP-Link	Router
580454	Icomm Hk Limited	
5804CB	Tianjin Huisun	
580528	Labris	
580556	Elettronica GF S.r.L	
5805D9	Seiko Epson	Printer
5807F8	Nokia Solutions and	
5808FA	Fiber Optic &	
580943	Private	
580987	Amazon	
5809E5	Kivic	
580A20	Cisco	Router
580AD4	Apple	Phone
580D0D	Gree Electric	
580E85	Sagemcom Broadband SAS	Storage
580FA5	Apple	Phone
581031	Hon Hai Precision IND.CO	
58108C	Intelbras	
5810B7	Infinix mobility limited	
581122	ASUSTek COMPUTER	Computer
581243	AcSiP	
5813D3	Gemtek	
581626	Avaya	VoIP
5816D7	Alpsalpine Co,.Ltd	
58170C	Sony	
581862	Sony	
5818B4	Chengdu Quanjing	
5819F8	Commscope	
581CBD	Affinegy	
581CF8	Intel Corporate	Computer
581D91	Advanced Mobile Telecom	
581DC9	Mse	
581DD8	Sagemcom Broadband SAS	Storage
581F19	EMH Metering GmbH & Co	Smart Home
581F28	Huawei	Phone
581F67	Open-m technology	
581FAA	Apple	Phone
581FEF	Tuttnaer	
582059	Xiaomi	Phone
582071	Samsung	Phone
58208A	IEEE Registration	
5820B1	Hewlett Packard	Computer
582136	KMB systems, s.r.o	
58219D	Shanghai Timar	
5821E9	Twpi	
58238C	Vantiva USA	
58239B	Fiberhome	
5823BC	IEEE Registration	
582429	Google	
582575	Huawei	Phone
58257A	Mobiwire Mobiles(Ningbo)	
58263A	Silicon Laboratories	
582745	Angelbird	
58278C	Buffalo.Inc	Storage
582A93	Apple	Phone
582ABD	Espressif	IoT
582AF7	Huawei	Phone
582B0A	Texas Instruments	IoT
582BDB	Pax AB	
582D34	Qingping Electronics	
582EFE	Lighting Science	
582F40	Nintendo	Gaming
582F42	Universal Electric	
582FF7	Sagemcom Broadband SAS	Storage
58305B	Shanghai Junqian Sensing	
58306E	Nokia	
583112	Drust	
583277	Reliance	
58343B	Glovast	
58350F	EM Microelectronic	
583526	Deeplet	
58355D	Huawei Device	Phone
58356B	Tecno Mobile Limited	
5835D9	Cisco	Router
583653	Apple	Phone
583879	Ricoh	Printer
583BC2	Silicon Laboratories	
583BD9	Fiberhome	
583CC6	Omneality	
583F54	LG Electronics (Mobile	Phone
58404E	Apple	Phone
584120	Tp-Link	Router
584146	Guangzhou Shiyuan	
5842E4	Baxter	Medical
5843AB	Guangdong Oppo Mobile	Phone
584498	Xiaomi	Phone
58454C	Ericsson AB	
58468F	Koncar Electronics and	
5846E1	Baxter	Medical
584704	Shenzhen Webridge	
5847CA	IEEE Registration	
584822	Sony	
584849	IEEE Registration	
5848C0	Coflec	
584925	E3 Enterprise	
58493B	Palo Alto	Router
5849BA	Chitai Electronic	
584BBC	zte	Phone
584C19	Chongqing Guohong	
584CEE	Digital One	
584D42	Dragos	
585076	Linear Equipamentos	
58509F	Cloud Network	
5850AB	TLS	
5850E6	Best Buy	
5850ED	Hangzhou Hikvision	Camera
58528A	Mitsubishi Electric	
5853C0	Beijing Guang Runtong	
585595	Apple	Phone
5855CA	Apple	Phone
58569F	Cisco	Router
5856AA	Apple	Phone
5856C2	Huawei	Phone
5856E8	Commscope	
58570D	Danfoss Solar Inverters	
5858CD	Extreme	Switch
585924	Nanjing Simon Info	
5859C2	Extreme	Switch
585B69	Tvt	
585FF6	zte	Phone
586010	shenzhen zovoton	
58605F	Huawei	Phone
5860D8	Commscope	
586163	Quantum Networks (SG)	
586356	Fn-Link Technology	
58639A	Tpl Systemes	
5864C4	Apple	Phone
5865E6	infomark	
58666D	Apple	Phone
5866BA	Hangzhou H3C	
58671A	Barnes&Noble	
58677F	Clare Controls	
58685D	Tempo Australia	
586861	Viasat, Incorporated	
58687A	Sagemcom Broadband SAS	Storage
58696C	Ruijie	
5869F9	Fusion Transactive	
586AB1	Hangzhou H3C	
586B14	Apple	Phone
586C25	Intel Corporate	Computer
586D0C	Hewlett Packard	Computer
586D67	Intel Corporate	Computer
586D8F	Cisco-Linksys	Router
586ED6	Private	
58707F	Ericsson AB	
5870C6	Shanghai Xiaoyi	
5872C9	zte	Phone
5873D1	Huawei	Phone
5873D8	Apple	Phone
587521	CJSC RTSoft	
587607	IEEE Registration	
587675	Beijing ECHO	Smart Home
58769C	Palo Alto	Router
5876AC	Sernet (Suzhou)	
5876B3	Ubee Interactive Co.,	
5876C5	Digi I'S	
587961	Microsoft	Computer
5879E0	Samsung	Phone
587A4D	Stonesoft	
587A62	Texas Instruments	IoT
587A6A	Guangdong Oppo Mobile	Phone
587AB1	Shanghai Lixun	
587BE9	AirPro Technology India	
587DB6	Northern Data	
587E61	Qingdao Hisense	TV
587F57	Apple	Phone
587F66	Huawei	Phone
587FB7	Sonar Industrial	
587FC8	S2M	
58821D	H. Schomäcker	
5882A8	Microsoft	
588336	Huawei	Phone
5884E4	IP500 Alliance e.V	
58856E	Qsc	
5885A2	Realme Chongqing	Phone
5885E9	Realme Chongqing	Phone
588670	Juniper	Router
588694	EFM	
58874C	Lite-On Clean Energy	
588785	Adtran	
58879F	Huawei Device	Phone
5887E2	Shenzhen Coship	
588990	Starkey	
588A5A	Dell	Computer
588B1C	Cisco	Router
588BF3	Zyxel	Router
588C81	Espressif	IoT
588CCF	Silicon Laboratories	
588D09	Cisco	Router
588D39	Mitsubishi Electric	
588D64	Xi'an Clevbee	
588E81	Silicon Laboratories	
588FA7	LG Innotek	
588FCF	Hangzhou Ezviz Software	
589043	Sagemcom Broadband SAS	Storage
589153	China Mobile IOT	
5891CF	Intel Corporate	Computer
589204	zte	Phone
58920D	Kinetic Avionics Limited	
589351	Huawei Device	Phone
589396	Ruckus Wireless	Router
5893D8	Texas Instruments	IoT
5893E8	Apple	Phone
58946B	Intel Corporate	Computer
5894A2	KETEK	
5894AE	Huawei Device	Phone
5894B2	BrainCo	
5894CF	Vertex Standard LMR	
58957E	Huawei Device	Phone
5895D8	IEEE Registration	
58960A	LG	Phone
58961D	Intel Corporate	Computer
589630	Vantiva USA	
589671	WNC	
58971E	Cisco	Router
5897BD	Cisco	Router
589835	Vantiva Technologies	
58986F	Revolution Display	
589A3E	Amazon	
589B0B	Shineway	
589B4A	DWnet	
589BF7	Hefei Radio	
589CFC	FreeBSD Foundation	
589EC6	Gigaset	
58A023	Intel Corporate	Computer
58A0CB	TrackNet	
58A15F	Texas Instruments	IoT
58A2B5	LG Electronics (Mobile	Phone
58A2E1	Mellanox	Switch
58A48E	PixArt Imaging	
58A639	Samsung	Phone
58A748	Lytx	
58A76F	iD	
58A839	Intel Corporate	Computer
58A87B	Fitbit	Wearable
58A8E8	Amazon	
58AC78	Cisco	Router
58AD08	IEEE Registration	
58AD12	Apple	Phone
58AE2B	Huawei Device	Phone
58AEA8	Huawei	Phone
58AEF1	Fiberhome	
58B035	Apple	Phone
58B03E	Nintendo	Gaming
58B0D4	ZuniData	
58B0FE	Team EPS	
58B10F	Samsung	Phone
58B18F	Huawei Device	Phone
58B38F	New H3C	
58B3FC	Shenzhen Rf-Link	
58B42D	YSTen	
58B4BB	Ruijie	
58B568	Securitas Direct	
58B623	Beijing Xiaomi Mobile	Phone
58B633	Ruckus Wireless	Router
58B858	Sz Dji	
58B961	SOLEM Electronique	
58B965	Apple	Phone
58B9E1	Crystalfontz America	
58BAD3	Nanjing Casela	
58BAD4	Huawei	Phone
58BC27	Cisco	Router
58BC8F	Cognitive	
58BD35	Shanghai Xiangcheng	
58BDA3	Nintendo	Gaming
58BDF9	Sigrand	
58BE72	Huawei	Phone
58BF25	Espressif	IoT
58BFEA	Cisco	Router
58C17A	Cambium Networks Limited	Access Point
58C232	NEC	
58C356	EM Microelectronic	
58C38B	Samsung	Phone
58C41E	IEEE Registration	
58C57E	Fiberhome	
58C583	Itel Mobile Limited	
58C587	AltoBeam	
58C5CB	Samsung	Phone
58C6F0	Guangdong Oppo Mobile	Phone
58C7AC	New H3C	
58C876	China Mobile (Hangzhou)	
58C935	Chiun Mai Communication	
58CB52	Google	
58CDC9	Cloud Network	
58CE2A	Intel Corporate	Computer
58CF4B	Lufkin	
58CF79	Espressif	IoT
58D061	Huawei	Phone
58D071	BW Broadcast	
58D08F	IEEE 1904.1 Working	
58D15A	Texas Instruments	IoT
58D237	Sichuan Tianyi Comheart	
58D312	zte	Phone
58D349	Apple	Phone
58D391	Quectel Wireless	
58D469	Arista	Switch
58D50A	Murata Manufacturing	Smart Home
58D533	Huaqin	
58D56E	D-Link	Router
58D61F	Ubiquiti	Router
58D67A	TCPlink	
58D697	Guangdong Oppo Mobile	Phone
58D6D3	Dairy Cheq	
58D759	Huawei	Phone
58D812	TP-Link	Router
58D8A7	Bird Home Automation	
58D9C3	Motorola Mobility LLC,	Phone
58D9D5	Tenda Technology	
58DB09	Quectel Wireless	
58DB15	Tecno Mobile Limited	
58DB8D	Fast	
58DC6D	Exceptional Innovation	
58DF59	Cisco	Router
58DF70	Private	
58E02C	Micro Technic A/S	
58E16C	Ying Hua Information	
58E28F	Apple	Phone
58E326	Compass	
58E359	Interroll Software &	
58E403	WNC	
58E434	Juniper	Router
58E476	Centron Communications	
58E488	Amazon	
58E4EB	FN-LINK	
58E636	EVRsafe	
58E6BA	Apple	Phone
58E6C5	Espressif	IoT
58E747	Deltanet	
58E808	Autonics	
58E873	HANGZHOU DANGBEI	
58E876	IEEE Registration	
58EA1F	Beijing Xiaomi Mobile	Phone
58EAFC	ELL-IoT	
58EB14	Proteus Digital Health	
58ECE1	Newport	
58ECED	Integrated Device	
58ED99	zte	Phone
58EECE	Icon Time	
58EF68	Belkin	
58F102	BLU Products	
58F2FC	Huawei Device	Phone
58F387	Airios	
58F39C	Cisco	Router
58F496	Source Chain	
58F658	Edifier	
58F67B	Xia Men UnionCore	
58F6BF	Kyoto University	
58F85C	LLC Proizvodstvennaya	
58F8D7	Huawei	Phone
58F987	Huawei	Phone
58F98E	SECUDOS	
58FB3E	Huawei Device	Phone
58FB84	Intel Corporate	Computer
58FB96	Ruckus Wireless	Router
58FC20	Altice	
58FC73	Arria Live Media	
58FCC6	Tozo	
58FCC8	Honeywell	Industrial
58FCDB	IEEE Registration	
58FCE3	Funshion Online	
58FD20	Systemhouse Solutions AB	
58FD5D	Hangzhou Xinyun	
58FDB1	LG	Phone
58FDBE	Shenzhen Taikaida	
58FE7E	zte	Phone
58FFA1	zte	Phone
5A03BA	Wireless Broadband	
5A18FF	FiRa Consortium	
5A55AD	Disruptive Cities SAPI	
5A6BB4	Xconn	
5A73CF	Gogo Business Aviation	
5ACBD3	Simaudio	Automotive
5AE660	nyantec	
5AED67	GoldiLink	
5C0038	Viasat Group S.p.A	
5C013B	Espressif	IoT
5C0214	Beijing Xiaomi Mobile	Phone
5C026A	Applied Vision	
5C0272	Silicon Laboratories	
5C0339	Huawei	Phone
5C045A	Company NA Stage & Light	
5C0610	Cisco Meraki	Router
5C0758	Ufispace	
5C076F	Thought Creator	
5C07A4	Ciena	
5C07A6	Huawei	Phone
5C0947	Apple	Phone
5C0979	Huawei	Phone
5C0A11	Dongguan Liesheng	
5C0A5B	Samsung Electro	Phone
5C0B3B	Huawei	Phone
5C0BCA	Tunstall Nordic AB	
5C0C0E	Guizhou Huaxintong	
5C0CBB	CELIZION	
5C0CE6	Nintendo	Gaming
5C0E8B	Extreme	Switch
5C0FFB	Amino	
5C101E	zte	Phone
5C10C5	Samsung	Phone
5C1193	Seal One	
5C13AC	Apple	Phone
5C13CC	Apple	Phone
5C1437	Thyssenkrupp	
5C14EB	Trident IoT	
5C1515	Advan	
5C15C5	Shenzhen SSC	
5C15E1	Aidc Technology (S)	
5C1648	Guangdong Oppo Mobile	Phone
5C167D	Huawei	Phone
5C16C7	Arista	Switch
5C1715	ODrive Robotics	
5C1720	Huawei Device	Phone
5C1737	I-View Now	
5C1783	Edgecore Americas	
5C17CF	OnePlus Technology	Phone
5C17D3	Lge	
5C18B5	Talon	
5C18DD	Cig Shanghai	
5C1923	Hangzhou Lanly	
5C1A6F	Cambridge	
5C1B17	Bosch Automotive	Automotive
5C1BF4	Apple	Phone
5C1CB9	vivo Mobile	Phone
5C1DD9	Apple	Phone
5C20D0	Asoni Communication	
5C2167	Rockwell Automation	Industrial
5C22C4	Dae Eun Eletronics	
5C22DA	Vantiva USA	
5C2316	Squirrels Research	
5C23C2	Apple	Phone
5C241F	Qingdao Haier	Appliance
5C2443	O-Sung Telecom	
5C2479	Baltech	
5C24E2	Suzhou Denbom	
5C254C	Avire Global	
5C2573	Mellanox	Switch
5C260A	Dell	Computer
5C2623	WaveLynx	
5C2763	Itibia	
5C27D4	Shenzhen Qihu	
5C2886	Inventec(Chongqing)	
5C2AEF	r2p Asia-Pacific	
5C2BF5	Vivint Wireless	
5C2D08	Subeca	
5C2E59	Samsung	Phone
5C2ED2	ABC(XiSheng)	
5C2FAF	HomeWizard	
5C313E	Texas Instruments	IoT
5C3192	Cisco	Router
5C32C5	Teracom	
5C3327	Spazio Italia	
5C335C	Swissphone Telecom	
5C337B	Google	
5C338E	Alpha	
5C33B1	EM Microelectronic	
5C3400	Hisense Electric	TV
5C345B	Hangzhou Hikvision	Camera
5C353B	Compal Broadband	
5C3548	Aditya Infotech	
5C35DA	There Corporation Oy	
5C35FC	Actiontec	
5C36B8	TCL King Electrical	Phone
5C38E0	Shanghai Super	
5C3977	Juniper	Router
5C3A3D	zte	Phone
5C3A45	Chongqing Fugui	
5C3AA2	Silicon Laboratories	
5C3B35	Gehirn	
5C3C27	Samsung	Phone
5C3E06	Cisco	Router
5C3E1B	Apple	Phone
5C4058	Jefferson Audio Video	Automotive
5C4071	Xiaomi	Phone
5C4097	Accton	
5C40E3	Novaon	
5C415A	Amazon.com	
5C41E7	Wiatec	
5C43D2	Hazemeyer	
5C443E	Skullcandy	
5C4527	Juniper	Router
5C4546	Shenzhen Water World	
5C46B0	SIMCom Wireless	
5C475E	Ring	Smart Home
5C4842	Hangzhou Anysoft	
5C4879	Huawei	Phone
5C4979	AVM Audiovisuelles	Automotive
5C497D	Samsung	Phone
5C49FA	Shenzhen Guowei Shidai	
5C4A1F	Sichuan Tianyi Comheart	
5C4A26	Enguity	
5C4CA9	Huawei	Phone
5C4DBF	zte	Phone
5C4EEE	AltoBeam	
5C5015	Cisco	Router
5C50D3	Knit Sound	
5C50D9	Apple	Phone
5C5136	Samsung	Phone
5C514F	Intel Corporate	Computer
5C5181	Samsung	Phone
5C5188	Motorola Mobility LLC,	Phone
5C51DF	eero	
5C521E	Nintendo	Gaming
5C5230	Apple	Phone
5C5284	Apple	Phone
5C5310	Nanjing Qinheng	
5C53B4	EM Microelectronic	
5C53C3	Ubee Interactive Co.,	
5C546D	Huawei	Phone
5C5578	iryx	
5C56A4	Wanan Hongsheng	
5C56ED	3pleplay Electronics	
5C571A	Commscope	
5C579E	Chiun Mai Communication	
5C57C8	Nokia	
5C5819	Jingsheng	
5C58E6	Palo Alto	Router
5C5948	Apple	Phone
5C5A35	eero	
5C5A4C	IEEE Registration	
5C5AC7	Cisco	Router
5C5AEA	Ford	
5C5B35	Mist	Access Point
5C5BC2	YIK	
5C5C75	IEEE Registration	
5C5DEC	JiangSu Newcom	
5C5E0A	Samsung	Phone
5C5EAB	Juniper	Router
5C5EBB	Huawei	Phone
5C5F67	Intel Corporate	Computer
5C60BA	HP	Computer
5C6117	Huawei	Phone
5C6152	NXP Semiconductor	IoT
5C6199	Cloud Network	
5C625A	Canon	Camera
5C628B	TP-Link	Router
5C63B0	Fortinet	Router
5C63BF	Tp-Link	Router
5C63C9	Intellithings	
5C640F	Sage	
5C647A	Huawei	Phone
5C648E	Zyxel	Router
5C64F1	Cisco	Router
5C64F3	sywinkey HongKong Co,.	
5C666C	Guangdong Oppo Mobile	Phone
5C6776	IDS Imaging Development	
5C6783	Intel Corporate	Computer
5C68D0	Aurora Innovation	
5C6984	Nuvico	
5C6A7D	Kentkart Ege Elektronik	
5C6A80	Zyxel	Router
5C6AEC	IEEE Registration	
5C6B32	Texas Instruments	IoT
5C6B4F	Hello	
5C6BD7	Foshan VIOMI Electric	
5C6D20	Hon Hai Precision Ind	
5C6F4F	S.A. Sistel	
5C6F69	Broadcom Limited	
5C7017	Apple	Phone
5C7075	Huawei	Phone
5C70A3	LG Electronics (Mobile	Phone
5C710D	Cisco	Router
5C7545	Wayties	
5C75AF	Fitbit	Wearable
5C75C6	China Mobile Group	
5C7695	Vantiva USA	
5C76D5	Nokia	
5C7757	Haivision Network Video	
5C7776	TCT mobile	
5C78F8	Huawei Device	Phone
5C7B5C	Shenzhen SDMC	
5C7B6C	Tradit	
5C7D5E	Huawei	Phone
5C7D7D	Vantiva USA	
5C7DAE	zte	Phone
5C7DF3	Fiberhome	
5C80B6	Intel Corporate	Computer
5C81A7	Network Devices	
5C8217	DSE	
5C836C	Ruckus Wireless	Router
5C8382	Nokia	
5C838F	Cisco	Router
5C83CD	New platforms	
5C843C	Sony Interactive	Gaming
5C8486	Brightsource Industries	
5C8505	Huawei Device	Phone
5C857E	IEEE Registration	
5C85F8	Shenzhen Kaifa	
5C8613	Beijing Zhoenet	
5C864A	Secret	
5C865C	Samsung	Phone
5C86C1	Dongguan Solum	
5C8730	Apple	Phone
5C8778	Cybertelbridge	
5C879C	Intel Corporate	Computer
5C87D8	IEEE Registration	
5C8816	Rockwell Automation	Industrial
5C899A	Tp-Link	Router
5C89D4	Beijing Banner Electric	
5C89E6	Richard Wolf	
5C8A38	Hewlett Packard	Computer
5C8AAE	China Dragon Technology	
5C8B6B	Amazon	
5C8C30	Taicang T&W	
5C8D2D	Shanghai Wellpay	
5C8D4E	Apple	Phone
5C8DE5	Delta	
5C8DFD	Clariphotonics	
5C8E10	TimeWatch Infocom Pvt	
5C8E8B	Shenzhen Linghai	
5C8F40	Tecno Mobile Limited	
5C8FE0	Commscope	
5C9012	Owl Cyber Defense	
5C9157	Huawei	Phone
5C9175	Apple	Phone
5C91FD	Jaewoncnc	
5C925E	Zioncom Electronics	
5C93A2	Liteon	
5C9462	Shenzhen Jiuzhou	
5C95AE	Apple	Phone
5C9656	AzureWave	
5C9666	Sony Interactive	Gaming
5C966A	Rtnet	
5C969D	Apple	Phone
5C97F3	Apple	Phone
5C9960	Samsung	Phone
5C9977	Apple	Phone
5C9AA1	Huawei Device	Phone
5C9AD8	Fujitsu Limited	
5C9BA6	Apple	Phone
5CA06C	Realme Chongqing Mobile	Phone
5CA176	Sichuan Tianyi Comheart	
5CA178	TableTop Media (dba	Tablet
5CA1E0	EmbedWay	
5CA39D	Samsung Electro	Phone
5CA3EB	SKODA DIGITAL s.r.o	
5CA436	Shenzhen G-world	
5CA47D	Hewlett Packard	Computer
5CA48A	Cisco	Router
5CA4A4	Fiberhome	
5CA4F4	zte	Phone
5CA5BC	eero	
5CA62D	Cisco	Router
5CA64F	TP-Link	Router
5CA6E6	TP-Link	Router
5CA721	New H3C	
5CA86A	Huawei	Phone
5CA931	Ubee Interactive Co.,	
5CA933	Luma Home	
5CAAA2	Celestica	
5CAAFD	Sonos	Smart Home
5CAC3D	Samsung	Phone
5CAC4C	Hon Hai Precision Ind	
5CAD76	Shenzhen TCL New	Phone
5CADBA	Apple	Phone
5CADCF	Apple	Phone
5CAF06	LG Electronics (Mobile	Phone
5CB00A	Huawei	Phone
5CB066	Commscope	
5CB12E	Cisco	Router
5CB13E	Sagemcom Broadband SAS	Storage
5CB15F	Oceanblue Cloud	
5CB260	EM Microelectronic	
5CB26D	Intel Corporate	Computer
5CB29E	ASCO Power	
5CB2DF	Shenzhen Powerleader	
5CB395	Huawei	Phone
5CB3F6	Human, Incorporated	
5CB43E	Huawei	Phone
5CB47E	Intel Corporate	Computer
5CB4E2	Inspur Software	Server
5CB524	Sony	
5CB559	CNEX	
5CB6CC	NovaComm	
5CB8B7	Apple	Phone
5CB8CB	Allis	
5CB901	Hewlett Packard	Computer
5CBA2C	Hewlett Packard	Computer
5CBA37	Microsoft	Computer
5CBA75	Quectel Wireless	
5CBAEF	Chongqing Fugui	
5CBBEE	zte	Phone
5CBD9A	Huawei Device	Phone
5CBD9E	Hongkong Miracle Eagle	
5CBE05	Ispec	
5CBE69	Oraimo Technology	
5CBF03	Emoco	
5CC0A0	Huawei	Phone
5CC1D7	Samsung	Phone
5CC1F2	Huawei	Phone
5CC213	Fr. Sauter	
5CC307	Huawei	Phone
5CC336	ittim	
5CC41D	Stone Devices Sdn. Bhd	
5CC563	Hunan Fn-Link	
5CC5D4	Intel Corporate	Computer
5CC6D0	Skyworth Digital	
5CC6E9	Edifier	
5CC786	ShenZhen Tengxin	Smart Home
5CC787	Huawei Device	Phone
5CC7C1	Silicon Laboratories	
5CC7D7	Azroad Technology	
5CC8E3	Shintec Hozumi	Smart Home
5CC999	New H3C	
5CC9C0	Renesas Electronics	
5CC9D3	Palladium Energy	
5CCA1A	Microsoft Mobile Oy	
5CCA32	Theben	
5CCAD3	Chipsea Technologies	
5CCB99	Samsung	Phone
5CCBCA	Fujian Star-Net	
5CCCA0	Gridwiz	
5CCCFF	Techroutes Network Pvt	
5CCD5B	Intel Corporate	Computer
5CCD7C	MEIZU	
5CCDA8	Itel Mobile Limited	
5CCEAD	CDYNE	
5CCF7F	Espressif	IoT
5CD06E	Xiaomi	Phone
5CD135	Xtreme Power	
5CD20B	Yytek	
5CD2E4	Intel Corporate	Computer
5CD33D	Samsung	Phone
5CD41B	UCZOON	
5CD4AB	Zektor	
5CD5B5	Shenzhen WiSiYiLink	
5CD61F	Qardio	
5CD89E	Huawei Device	Phone
5CD998	D-Link	Router
5CDAD4	Murata Manufacturing	Smart Home
5CDB36	Calix	
5CDC49	Samsung	Phone
5CDC96	Arcadyan	
5CDD70	Hangzhou H3C	
5CDE34	Shenzhen Mercury	
5CDF89	Ruckus Wireless	Router
5CDFB8	Shenzhen Unionmemory	
5CE0C5	Intel Corporate	Computer
5CE0CA	FeiTian United	
5CE0F6	NIC.br- Nucleo de	
5CE176	Cisco	Router
5CE1A4	Pleneo	
5CE223	Delphin	Automotive
5CE286	Nortel	
5CE28C	Zyxel	Router
5CE2F4	AcSiP	
5CE30E	Commscope	
5CE3B6	Fiberhome	
5CE42A	Intel Corporate	Computer
5CE50C	Beijing Xiaomi Mobile	Phone
5CE688	VECOS Europe	
5CE747	Huawei	Phone
5CE753	Shenzhen Intellirocks	
5CE7A0	Nokia	
5CE7BF	New Singularity	
5CE883	Huawei	Phone
5CE8B7	Oraimo Technology	
5CE8D3	Signalinks Communication	
5CE8EB	Samsung	Phone
5CE91E	Apple	Phone
5CE931	TP-Link	Router
5CEA1D	Hon Hai Precision Ind	
5CEB4E	R. STAHL HMI	
5CEB52	zte	Phone
5CEB68	Cheerstar	
5CED8C	Hewlett Packard	Computer
5CEDF4	Samsung	Phone
5CEE79	Global Digitech	
5CF207	Speco	
5CF286	IEEE Registration	
5CF370	CC&C	
5CF3FC	IBM	
5CF4AB	Zyxel	Router
5CF50D	Institute of	
5CF51A	Zhejiang Dahua	Camera
5CF53A	Zhongge Smart	
5CF5DA	Apple	Phone
5CF6DC	Samsung	Phone
5CF796	New H3C	
5CF7C3	Syntech (Hk) Technology	
5CF7E6	Apple	Phone
5CF821	Texas Instruments	IoT
5CF838	IEEE Registration	
5CF8A1	Murata Manufacturing	Smart Home
5CF92B	Cloud Network	
5CF938	Apple	Phone
5CF96A	Huawei	Phone
5CF9DD	Dell	Computer
5CF9F0	Atomos Engineering P/L	Smart Home
5CF9FD	Taicang T&W	
5CFA25	Sagemcom Broadband SAS	Storage
5CFA5A	Sinepower Lda	
5CFAFB	Acubit	
5CFB3A	Chongqing Fugui	
5CFB7C	Shenzhen Jingxun	
5CFC66	Cisco	Router
5CFC6E	Sichuan Tianyi Comheart	
5CFCE1	Resideo	
5CFE9E	Wiwynn Corporation	
5CFF35	Wistron	
5CFFA9	zte	Phone
5CFFFF	Shenzhen Kezhonglong	
600194	Espressif	IoT
6001B1	Huawei	Phone
600292	Pegatron	
6002B4	WNC	
600308	Apple	Phone
60030C	Shenzhen YOUHUA	
600347	Billion Electric	
6003A6	Inteno Broadband	
600417	Posbank	
60045C	NXP Semiconductor	IoT
60058A	Hitachi Metals	
6006E3	Apple	Phone
60077C	Jala	
6007C4	Guangdong Oppo Mobile	Phone
600810	Huawei	Phone
600837	ivvi	
6009C3	u-blox	
600A8C	Shenzhen Sundray	
600B03	Hangzhou H3C	
600F6B	Apple	Phone
600F77	SilverPlus	
60109E	Huawei	Phone
6010A2	Crompton Instruments	
601199	Siama	
60123C	Huawei	Phone
601283	Tsb Real Time Location	
60128B	Canon	Camera
601466	zte	Phone
6014B3	CyberTAN	
601521	Redarc	
60152B	Palo Alto	Router
60156F	TP-Link	Router
601592	IEEE Registration	
60159F	IEEE Registration	
6015C7	IdaTech	
601803	Daikin Air-conditioning	
60182E	ShenZhen Protruly	
60183A	Huawei Device	Phone
601888	zte	Phone
601895	Dell	Computer
60190C	Rramac	
601929	Voltronic Power	
601970	Huizhou Qiaoxing	
601971	Commscope	
601A4F	Beijing China	
601AC7	Nintendo	Gaming
601B52	Vodafone Italia S.p.A	
601D0F	Midnite Solar	
601D16	Med-Eng Holdings ULC	
601D56	Extreme	Switch
601D91	Motorola Mobility LLC,	Phone
601D9D	Sichuan AI-Link	
601E02	EltexAlatau	
601E98	Axevast	
601F56	Huawei	Phone
602101	Guangdong Oppo Mobile	Phone
602103	I4Vine	
6021C0	Murata Manufacturing	Smart Home
602232	Ubiquiti	Router
6023A4	Sichuan AI-Link	
6024C1	Jiangsu Zhongxun	
6025ED	Hewlett Packard	Computer
602602	Texas Instruments	IoT
6026AA	Cisco	Router
6026EF	Hewlett Packard	Computer
60271C	VIDEOR E. Hartig	
60292B	Tp-Link	Router
602972	Arista	Switch
6029D5	DAVOLINK	
602A1B	Jancus	
602A54	CardioTek	
602AD0	Cisco SPVTG	Router
602B58	EM Microelectronic	
602D74	Extreme	Switch
602E20	Huawei	Phone
602ED5	Apple	Phone
6030B3	Huawei	Phone
6030D4	Apple	Phone
60313B	Sunnovo International	
603192	OVT India pvt	
603197	Zyxel	Router
60323B	Quectel Wireless	
6032B1	Tp-Link	Router
6032F0	Mplus	
60334B	Apple	Phone
603457	HP Tuners	
603553	Buwon	
603573	Earda	
6035C0	Sfr	
603696	The Sapling	
6036DD	Intel Corporate	Computer
60380E	Alpsalpine Co,.Ltd	
6038E0	Belkin	
60391F	ABB	Industrial
603A7C	Tp-Link	Router
603AAF	Samsung	Phone
603C0E	Guizhou Huaxin	
603C68	Garmin	Wearable
603CEE	LG Electronics (Mobile	Phone
603D26	Vantiva USA	
603D29	Huawei	Phone
603D61	Private	
603E5F	Apple	Phone
603E7B	Gafachi	
603ECA	Cambridge Medical	Medical
603FC5	Cox	
603FFB	Telink Micro	
60427F	Shenzhen Chuangwei-Rgb	
60447A	Water-i.d	
6044F5	Easy Digital	
60452E	Intel Corporate	Computer
60455E	Liptel s.r.o	
6045BD	Microsoft	
6045CB	ASUSTek COMPUTER	Computer
6045CD	Sagemcom Broadband SAS	Storage
6045E8	Arcadyan	
604616	Xiamen Vann Intelligent	
60464C	Ligent	
60470A	Shenzhen Zenith	
604762	Beijing Sensoro	
6047D4	FORICS Electronic	
604826	Newbridge Technologies	
60489C	Yippee Electronics	
604966	Shenzhen Dingsheng	
6049C1	Avaya	VoIP
604A1C	SUYIN	
604A77	Finder SpA	
604BAA	Magic Leap	
604DE1	Huawei	Phone
604F5B	Huawei Device	Phone
6050C1	Kinetek Sports	
60512C	TCT mobile	
6052D0	FACTS Engineering	Smart Home
605317	Sandstone	
605355	Huawei	Phone
605375	Huawei	Phone
605464	Eyedro Green Solutions	
605556	Jiangxi Risound	
6055F9	Espressif	IoT
605661	IXECLOUD	
60567D	AM Telecom	
605699	MAGNETI MARELLI S.E.	
6056B1	Huawei	Phone
6056EE	AltoBeam	
605718	Intel Corporate	Computer
605747	Cig Shanghai	
60577D	eero	
6057C8	Apple	Phone
605801	Shandong ZTop	
605B30	Dell	Computer
605BB4	AzureWave	
605E4F	Huawei Device	Phone
605E65	Mellanox	Switch
605F8D	eero	
605FAA	Huawei Device	Phone
60601F	Sz Dji	
606134	Arcade	
6061DF	Z-meta Research	
60629A	Juniper	Router
60634C	D-Link	Router
6063F9	Ciholas	
6063FD	Transcend Communication	
606405	Texas Instruments	IoT
606453	AOD	
6064A1	RADiflow	
606525	Apple	Phone
6065F4	Chipsea Technologies	
606682	Shenzhen Ateko	
606720	Intel Corporate	Computer
606832	Guangdong Seneasy	
60684E	Samsung	Phone
606944	Apple	Phone
60699B	isepos	
606B5B	Arista	Switch
606BB3	zte	Phone
606BBD	Samsung	Phone
606BFF	Nintendo	Gaming
606C63	Hitron	
606C66	Intel Corporate	Computer
606D3C	Luxshare Precision	
606D9D	Otto Bock Healthcare	
606DC7	Hon Hai Precision Ind	
606E41	Barrot	
606E53	Beijing Wisdomstar	
606ED0	Seal	
606EE8	Xiaomi	Phone
60706C	Google	
607072	Shenzhen Hongde Smart	
6070C0	Apple	Phone
60720B	BLU Products	
60735C	Cisco	Router
6073BC	zte	Phone
6073C8	Voyetra Turtle Beach	
60748D	Atmaca Elektronik	
6074B1	Home Control Singapore	
6074F4	Private	
60756C	LG	Phone
607623	Shenzhen E-Superlink	
607688	Velodyne	
607771	Texas Instruments	IoT
6077E2	Samsung	Phone
6079C9	Huawei	Phone
607AD8	GD Midea	Appliance
607D09	Luxshare Precision	
607DDD	Shenzhen Shichuangyi	
607EA4	Shanghai Imilab	
607EC9	Apple	Phone
607ECD	Huawei	Phone
607EDD	Microsoft Mobile Oy	
607FCB	Samsung	Phone
608110	Apple	Phone
60812B	Astronics Custom	
6081F9	Helium	
608246	Apple	Phone
608306	Huawei Device	Phone
608334	Huawei	Phone
608373	Apple	Phone
6083B2	GkWare e.K	
6083DA	Silicon Laboratories	
6083E2	Shanghai Notion	
6083E7	TP-Link	Router
6083F8	Sichuan Huakun Zhenyu	
60843B	Soladigm	
6084BD	Buffalo.Inc	Storage
608645	Avery Weigh-Tronix	
60893C	Thermo Fisher	
6089B1	Key Digital	
6089B7	Kael Mühendi̇sli̇k	
608A10	Microchip	IoT
608B0E	Apple	Phone
608C2B	Hanson	
608C4A	Apple	Phone
608CDF	Beamtrail-Sole	
608CE6	Commscope	
608D17	Sentrus Government	
608D26	Arcadyan	
608E08	Samsung	Phone
608F5C	Samsung	Phone
608FA4	Nokia Solutions and	
609084	DSSD	
6091F3	vivo Mobile	Phone
609217	Apple	Phone
6092C8	Roku	TV
6092F5	Commscope	
609316	Apple	Phone
609532	Zebra	Printer
609578	Samsung	Phone
6095BD	Apple	Phone
6095CE	IEEE Registration	
6095F8	Arcadyan	
609620	Private	
6096A4	Huawei	Phone
6097DD	MicroSys	
609813	Shanghai Visking Digital	
609849	Nokia Solutions and	
609866	Texas Instruments	IoT
6099D1	Vuzix / Lenovo	Computer
609AA4	Gvi Security	
609AC1	Apple	Phone
609B2D	JMACS Japan	
609BB4	Huawei	Phone
609BC8	Hipad Intelligent	Tablet
609C9F	Brocade	Switch
609E64	Vivonic	Phone
609F9D	CloudSwitch	Switch
60A10A	Samsung	Phone
60A11E	Wuhan Maxsine Electric	
60A1FE	Hpro	
60A2C6	Huawei	Phone
60A37D	Apple	Phone
60A3E3	Tp-Link	Router
60A423	Silicon Laboratories	
60A434	IEEE Registration	
60A44C	ASUSTek COMPUTER	Computer
60A4B7	TP-Link	Router
60A4D0	Samsung	Phone
60A5E2	Intel Corporate	Computer
60A6C5	Huawei	Phone
60A730	Shenzhen Yipinfang	
60A751	Huawei Device	Phone
60A8FE	Nokia Solutions and	
60A954	Cisco	Router
60A9B0	Merchandising	
60AAEF	Huawei Device	Phone
60AB14	LG Innotek	
60AB67	Xiaomi	Phone
60ABD2	Bose	Audio
60ACC8	KunTeng	
60AF6D	Samsung	Phone
60B02B	Qingdao Haier	Appliance
60B0E8	Huawei Device	Phone
60B185	ATH system	
60B387	Synergics	
60B3C4	Elber	
60B4A2	Samsung	Phone
60B4F7	Plume Design	
60B58D	AVM Audiovisuelles	Automotive
60B606	Phorus	
60B617	Fiberhome	
60B647	Silicon Laboratories	
60B6E1	Texas Instruments	IoT
60B705	Shenzhen Skyworth	
60B763	Silicon Laboratories	
60B76E	Google	
60B933	Deutron	
60B982	RO.VE.R. Laboratories	
60B9C0	Cisco	Router
60BA18	nextLAP	
60BB0C	Beijing HuaqinWorld	
60BC4C	EWM Hightec Welding	
60BD2C	Taicang T&W	
60BD83	Huawei	Phone
60BD91	Move Innovation	
60BEB4	S-Bluetech co., limited	
60BEB5	Motorola Mobility LLC,	Phone
60BEC4	Apple	Phone
60C01E	V&G Information System	
60C0BF	ON Semiconductor	
60C1CB	Fujian Great Power PLC	
60C22A	Allwinner	
60C397	2Wire	
60C418	TPV Display Technology	
60C547	Apple	Phone
60C5A8	Beijing LT Honway	
60C5AD	Samsung	Phone
60C5E6	Skullcandy	
60C658	PHYTRONIX	
60C727	Digiboard Eletronica da	
60C78D	Juniper	Router
60C798	Verifone	
60C7BE	Realme Chongqing Mobile	Phone
60C980	Trymus	
60C9AA	Nokia	
60CBFB	AirScape	
60CDA9	Abloomy	
60CDC5	Taiwan Carol	
60CE41	Huawei	Phone
60CE86	Sercomm	
60CE92	The Refined Industry	
60CF69	meerecompany	
60CF84	ASUSTek COMPUTER	Computer
60D02C	Ruckus Wireless	Router
60D039	Apple	Phone
60D0A9	Samsung	Phone
60D178	Cisco	Router
60D1AA	Vishal	
60D1D8	Silicon Laboratories	
60D21C	Sunnovo International	
60D248	Commscope	
60D262	Tzukuri	
60D2B9	Realand Bio	
60D2DD	Shenzhen Baitong Putian	
60D30A	Quatius Limited	
60D4AF	Honor Device	Phone
60D4E9	Guangdong Oppo Mobile	Phone
60D51B	Fujitsu Limited	
60D561	Shenzhen Glazero	
60D755	Huawei	Phone
60D7E3	IEEE Registration	
60D819	Hon Hai Precision Ind	
60D877	Phyplus Technology	
60D89C	HMD Global Oy	
60D8A4	Vantiva Connected Home	
60D9A0	Lenovo Mobile	Computer
60D9C7	Apple	Phone
60DA23	Estech	
60DA83	Hangzhou H3C	
60DB15	New H3C	
60DB2A	Hns	
60DB98	Calix	
60DBEF	Unify Software and	
60DC0D	Taiwan Shin Kong	
60DC81	AltoBeam	
60DD10	Shenzhen Angxun	
60DD70	Apple	Phone
60DD8E	Intel Corporate	Computer
60DE18	Apple	Phone
60DE35	GITSN	
60DE44	Huawei	Phone
60DE94	Huawei	Phone
60DEF3	Huawei	Phone
60DEF4	Shenzhen iComm	
60E00E	Shinsei	
60E327	Tp-Link	Router
60E32B	Intel Corporate	Computer
60E3AC	LG Electronics (Mobile	Phone
60E5D8	zte	Phone
60E6BC	Sino-Telecom	
60E6F0	WNC	
60E701	Huawei	Phone
60E78A	Unisem	
60E85B	Texas Instruments	IoT
60E956	Ayla	
60E9AA	Cloud Network	
60EB5A	Asterfusion Data	
60EB69	Quanta Computer	Server
60EBB4	Guangdong Genius	
60EE5C	Shenzhen Fast	
60EFAB	Silicon Laboratories	
60EFC6	Shenzhen Chima	
60F04D	Honor Device	Phone
60F13D	JABLOCOM s.r.o	
60F189	Murata Manufacturing	Smart Home
60F18A	Huawei	Phone
60F262	Intel Corporate	Computer
60F281	Tranwo	
60F2EF	VisionVera	
60F3DA	Logic Way	
60F419	eero	
60F43A	Edifier	
60F445	Apple	Phone
60F494	Hon Hai Precision Ind	
60F549	Apple	Phone
60F59C	CRU-Dataport	
60F620	Sonos	Smart Home
60F673	Terumo	
60F677	Intel Corporate	Computer
60F723	Beijing Xiaomi Mobile	Phone
60F81D	Apple	Phone
60F8F2	Synaptec	
60F91C	China Dragon Technology	
60FA9D	Huawei	Phone
60FAA7	Shenzhen Mtc	
60FAB1	Kempower Oyj	
60FACD	Apple	Phone
60FB00	Shenzhen Bilian	
60FB42	Apple	Phone
60FCF1	Private	
60FD56	WOORISYSTEMS	
60FDA6	Apple	Phone
60FE1E	China Palms Telecom.Ltd	
60FE20	2Wire	
60FEC5	Apple	Phone
60FEF9	Thomas & Betts	
60FF12	Samsung	Phone
60FF9E	AzureWave	
60FFDD	C.E	
64002D	Powerlinq	
64006A	Dell	Computer
64009C	Insulet	
6400F1	Cisco	Router
6401FB	Landis+Gyr	
64028F	Silicon Laboratories	
6402CB	Commscope	
64037F	Samsung	Phone
640552	China Post	
6405BE	New Light Led	
6405E4	Alpsalpine Co,.Ltd	
6405E9	Shenzhen WayOS	
64078C	Huawei	Phone
6407F6	Samsung	Phone
640864	Cisco	Router
64094C	Beijing Superbee	
640980	Xiaomi	Phone
6409AC	TCT mobile	
640B4A	Digital Telecom	
640BD7	Apple	Phone
640C91	Apple	Phone
640D22	LG Electronics (Mobile	Phone
640DCE	Shenzhen Mercury	
640DE6	Petra	
640E36	Taztag	
640E6A	SECO-LARM USA	
640E94	Pluribus	
640E9B	Ishida Medical	Medical
640F28	2Wire	
641084	HEXIUM Technical	
6411A4	Motorola Mobility LLC,	Phone
641225	Cisco	Router
641236	Vantiva USA	
641269	Commscope	
641331	Bosch Car Multimedia	
64135A	Itectra A/S	
64136C	zte	Phone
6413AB	Huawei	Phone
641666	Nest	Smart Home
64167F	Polycom	VoIP
64168D	Cisco	Router
6416F0	Huawei	Phone
641759	Intellivision	
6417CD	Samsung	Phone
6418DF	Sagemcom Broadband SAS	Storage
641A22	Heliospectra AB	
641ABA	Dryad	
641B2F	Samsung	Phone
641B85	Vantiva USA	
641C10	Texas Instruments	IoT
641C67	Digibras Industria Do	
641CAE	Samsung	Phone
641CB0	Samsung	Phone
641E81	Dowslake Microsystems	
64200C	Apple	Phone
64209F	Tilgin AB	
6420E0	T3	
642184	Nippon Denki Kagaku	
6421FD	Guang zhou Xradio	
642216	Shandong Taixin	
642315	Huawei Device	Phone
642400	Xorcom	
64244D	Hangzhou Ezviz Software	
64255E	Observint	
6425EC	guangdong kesheng zhixun	
642656	Shenzhen Fanweitai	
642677	BKM-Micronic	
642737	Hon Hai Precision Ind	
642753	Huawei Device	Phone
642943	D-Link	Router
6429ED	AO "PKK Milandr	
6429FF	Huawei	Phone
642B8A	ALL BEST Industrial	
642C0F	vivo Mobile	Phone
642CAC	Huawei	Phone
642DB7	Seungil	
642E41	Huawei	Phone
642F1C	Huawei	Phone
642FC7	New H3C	
643135	Apple	Phone
643136	Mellanox	Switch
643139	IEEE Registration	
643150	Hewlett Packard	Computer
643172	Zhejiang Hising	
64317E	Dexin	
643216	Weidu Technology	
6432A8	Intel Corporate	Computer
6433AA	Mellanox	Switch
6433B5	IEEE Registration	
6433DB	Texas Instruments	IoT
643409	BITwave	
64351C	e-CON SYSTEMS INDIA PVT	
6437A4	Tokyoshuha	
643AB1	Sichuan Tianyi Comheart	
643AEA	Cisco	Router
643E0A	Huawei	Phone
643E8C	Huawei	Phone
643F5F	Exablaze	
6441E6	Apple	Phone
644212	Shenzhen Water World	
644214	Swisscom Energy	
6442C2	Mellanox	Switch
644346	GuangDong Quick Network	
64447B	vivo Mobile	Phone
6444D5	TD	
6447E0	Feitian	
644842	Apple	Phone
64497D	Intel Corporate	Computer
644A7D	Intel Corporate	Computer
644BC3	Shanghai WOASiS	
644BF0	CalDigit	
644C36	Intel Corporate	Computer
644C69	Conprove	
644D70	dSPACE	
644ED7	HP	Computer
644EEB	Daikin Holdings	
644F42	JETTER	
644F56	Yealink(Xiamen)	VoIP
644F74	LENUS	
644FB0	Hyunjin.com	
6450D6	Liquidtool	
645106	Hewlett Packard	Computer
64517E	Long Ben (Dongguan)	
6451F4	Huawei Device	Phone
645234	Sichuan Tianyi Comheart	
645299	The Chamberlain	
64535D	Frauscher Sensortechnik	
6453E0	Huawei	Phone
645422	Equinox Payments	
645563	Q-Free America	
64557F	NSFOCUS Information	
6455B1	Commscope	
645601	Tp-Link	Router
6456B5	Samsung	Phone
645725	Hui Zhou Gaoshengda	
6457BA	Intel Corporate	Computer
6457E5	Beijing Royaltech	
6458AD	China Mobile IOT	
6459F8	Vodafone Omnitel	
645A04	Chicony	
645A36	Apple	Phone
645AED	Apple	Phone
645CF3	ParanTek	
645D86	Intel Corporate	Computer
645D92	Sichuan Tianyi Comheart	
645DD7	Shenzhen Lifesense	Medical
645DF4	Samsung	Phone
645E10	Huawei	Phone
645E2C	IRay	
645EBE	Yahoo! JAPAN	
645FFF	Nicolet Neuro	
646038	Hirschmann Automation	
646140	Huawei Device	Phone
646184	Velux	
646223	Cellient	
646266	IEEE Registration	
64628A	evon	
646306	Xiaomi	Phone
64644A	Beijing Xiaomi Mobile	Phone
64649B	Juniper	Router
6465C0	Nuvon	
646624	Sagemcom Broadband SAS	Storage
6466B3	Tp-Link	Router
6466D8	Samsung	Phone
646707	Beijing Omnific	
646772	Sercomm Philippines	
6467CD	Huawei	Phone
64680C	Comtrend	
64681A	DASAN Network Solutions	
646876	Edifier	
646911	Aptiv Services Us	Automotive
64694E	Texas Instruments	IoT
6469BC	Hytera	
646A52	Avaya	VoIP
646A74	Auth-Servers	
646BE7	Qingdao	
646C80	Chongqing Fugui	
646CB2	Samsung	Phone
646D2F	Apple	Phone
646D4E	Huawei	Phone
646D6C	Huawei	Phone
646E60	zte	Phone
646E69	Liteon	
646E6C	Radio Datacom	
646E97	Tp-Link	Router
646EE0	Intel Corporate	Computer
646EEA	Iskratel d.o.o	
647002	Tp-Link	Router
647033	Apple	Phone
647060	Texas Instruments	IoT
647084	AltoBeam	
6472D8	GooWi Technology	
647366	Shenzhen Siera	
6473E2	Arbiter	
6474F6	Shooter Detection	
647520	zte	Phone
6475DA	Arcadyan	
647657	Innovative Security	
6476BA	Apple	Phone
64777D	Hitron	
647791	Samsung	Phone
647924	Huawei Device	Phone
647999	Sagemcom Broadband SAS	Storage
6479A7	Phison	
6479F0	Intel Corporate	Computer
647B1E	Sagemcom Broadband SAS	Storage
647B40	Sichuan AI-Link	
647BCE	Samsung	Phone
647BD4	Texas Instruments	IoT
647C34	Ubee Interactive Co.,	
647CE8	Palo Alto	Router
647D4D	Arcadyan	
647D81	Yokota Industrial	
647FDA	TEKTELIC	
64808B	VG Controls	
648099	Intel Corporate	Computer
648125	Alphatron Marine	
648214	FN-LINK	
648434	BEMER Int	
648505	zte	Phone
648624	Beijing Global Safety	
648788	Juniper	Router
6487D7	ADB Broadband Italia	
6488FF	Sichuan Changhong	
64899A	LG Electronics (Mobile	Phone
6489F1	Samsung	Phone
648B9B	Always On	
648CBB	Texas Instruments	IoT
648D9E	IVT Electronic	
648F3E	Cisco	Router
648FDB	Huaqin	
6490C1	Beijing Xiaomi Mobile	Phone
64956C	LG	Phone
649714	eero	
649746	AzureWave	
649829	Integrated Device	
64989E	Trinnov Audio	Automotive
64995D	Lge	
649968	Elentec	
6499A0	AG Elektronik AB	
649A08	Shenzhen SuperElectron	
649A12	P2 Mobile Technologies	
649A63	Ring	Smart Home
649ABE	Apple	Phone
649B24	V	
649B8F	Texas Instruments	IoT
649C81	Qualcomm	IoT
649C8E	Texas Instruments	IoT
649CF3	Fiberhome	
649D38	Google	
649D99	Fs Com	
649E31	Beijing Xiaomi Mobile	Phone
649E58	MM Devices	
649EF3	Cisco	Router
649FF7	Kone OYj	
64A0AC	Adtran	
64A0E7	Cisco	Router
64A198	Huawei Device	Phone
64A200	Xiaomi	Phone
64A232	OOO Samlight	
64A28A	Huawei Device	Phone
64A2F9	OnePlus Technology	Phone
64A337	Garmin	Wearable
64A341	Wonderlan (Beijing)	
64A3CB	Apple	Phone
64A3CC	LeoLabs	
64A40E	Tianyi Telecom	
64A444	Loongson Technology	
64A5C3	Apple	Phone
64A651	Huawei	Phone
64A68F	Zhongshan Readboy	
64A769	HTC	
64A7DD	Avaya	VoIP
64A837	Juni Korea	
64A965	Linkflow	
64AC2B	Juniper	Router
64ACE0	Samsung	Phone
64AE0C	Cisco	Router
64AE88	Polytec	
64AEF1	Qingdao Hisense	TV
64B0A6	Apple	Phone
64B0E8	Huawei Device	Phone
64B21D	Chengdu Phycom	
64B2B4	Fiberhome	
64B2E4	Shenzhen Skyworth	
64B310	Samsung	Phone
64B370	PowerComm Solutions	
64B379	Jiangsu Viscore	
64B473	Xiaomi	Phone
64B4E8	Shenzhen D-Robotics	Storage
64B5C6	Nintendo	Gaming
64B5F2	Samsung	Phone
64B623	Schrack Seconet Care	
64B64A	ViVOtech	Phone
64B708	Espressif	IoT
64B853	Samsung	Phone
64B94E	Dell	Computer
64B9E8	Apple	Phone
64BAA4	zte	Phone
64BABD	SDJ	
64BB1E	Earda	
64BC0C	LG Electronics (Mobile	Phone
64BC11	CombiQ AB	
64BC43	Huawei	Phone
64BC58	Intel Corporate	Computer
64BD6D	Apple	Phone
64BE63	STORDIS	
64BF6B	Huawei	Phone
64C01A	Sichuan Tianyi Comheart	
64C045	Apple	Phone
64C17E	cheilelectric	
64C269	eero	
64C2DE	LG Electronics (Mobile	Phone
64C354	Avaya	VoIP
64C394	Huawei	Phone
64C3D6	Juniper	Router
64C403	Quectel Wireless	
64C582	China Mobile Group	
64C5AA	South African	
64C667	Barnes&Noble	
64C6AF	AXERRA	
64C6D2	Seiko Epson	Printer
64C753	Apple	Phone
64C7F1	Premier-D	
64C901	INVENTEC	
64C905	Apple	Phone
64C944	LARK	
64C9F1	Amazon	
64CA80	Realme Chongqing Mobile	Phone
64CB5D	SIA "TeleSet	
64CB9F	Tecno Mobile Limited	
64CBA3	Pointmobile	
64CBE9	LG Innotek	
64CC22	Arcadyan	
64CC2E	Xiaomi	Phone
64CDC2	Amazon	
64CDF1	KO & AL	
64CE0C	Funshion Online	
64CE6E	Sierra Wireless, ULC	
64CF13	Weigao	
64CFD9	Texas Instruments	IoT
64D02D	Next Generation	
64D0D6	Samsung	Phone
64D154	Routerboard.com	
64D1A3	Sitecom Europe	
64D241	Keith & Koep	
64D2C4	Apple	Phone
64D315	HMD Global Oy	
64D363	Seyond	
64D4BD	Alpsalpine Co,.Ltd	
64D4DA	Intel Corporate	Computer
64D4F0	Netvue，Inc	
64D562	Huawei Device	Phone
64D608	Shenzhen Ailyworld	
64D667	Shanghai Ikotek	
64D69A	Intel Corporate	Computer
64D7C0	Huawei Device	Phone
64D814	Cisco	Router
64D81B	Vestel Elektronik San	
64D912	Solidica	
64D954	Taicang T&W	
64D989	Cisco	Router
64D9C2	eero	
64DAA0	Robert Bosch Smart Home	Appliance
64DAED	eero	
64DB18	OpenPattern	
64DB38	zte	Phone
64DB43	Motorola (Wuhan)	Phone
64DB81	Syszone	
64DB8B	Hangzhou Hikvision	Camera
64DBA0	Select Comfort	
64DBF7	Nokia Shanghai Bell	
64DC01	Static Systems Group PLC	
64DCDE	ZheJiang FuChunJiang	
64DD68	Zyxel	Router
64DDE9	Xiaomi	Phone
64DE1C	Kingnetic	
64DE6D	Intel Corporate	Computer
64DF10	JingLue	
64DFE9	Ateme	
64E003	Hui Zhou Gaoshengda	
64E0AB	Union Man	
64E161	DEP	
64E172	Shenzhen Qihoo	
64E204	NTN Technical Service	
64E220	Qisda	
64E4A5	LG	Phone
64E599	EFM	
64E625	Woxu Wireless	
64E682	Apple	Phone
64E738	Zhejiang SUPCON	
64E7D8	Samsung	Phone
64E815	Arcelik A.S	
64E833	Espressif	IoT
64E84F	Serialway Communication	
64E881	Hewlett Packard	Computer
64E892	Morio Denki	
64E8E6	global moisture	
64E950	Cisco	Router
64EAC5	SiboTech Automation	
64EB8C	Seiko Epson	Printer
64EB94	zte	Phone
64EC65	vivo Mobile	Phone
64ED57	Commscope	
64ED62	WOORI	
64EEB7	Netis	
64F0AD	Zhejiang Tmall	
64F242	Gerdes	
64F2FB	Hangzhou Ezviz Software	
64F50E	Kinion Technology	
64F54E	EM Microelectronic	
64F64D	Celestica	
64F69D	Cisco	Router
64F6BB	Fibocom Wireless	
64F6F7	Anhui Dynamic Power	
64F705	Huawei Device	Phone
64F81C	Huawei	Phone
64F88A	China Mobile IOT	
64F947	Senscomm Semiconductor	
64F970	Kenade	
64F987	Avvasi	
64F9C0	Analog Devices	
64FA2B	Sagemcom Broadband SAS	Storage
64FB01	Zhongshan Camry	
64FB50	RoomReady/Zdi	
64FB81	IEEE Registration	
64FB92	PPC Broadband	
64FC8C	Zonar	
64FD29	Zhejiang Dahua	Camera
64FD96	Sagemcom Broadband SAS	Storage
64FE15	Flaircomm	
64FF0A	WNC	
680235	Konten	
6802B8	Compal Broadband	
680489	Cisco	Router
680571	Samsung	Phone
6805CA	Intel Corporate	Computer
68070A	TPVision Europe	
680715	Intel Corporate	Computer
68080D	Shenzhen Yingsheng	
680927	Apple	Phone
680947	Espressif	IoT
680AD7	Yancheng Kecheng	
680AE2	Silicon Laboratories	
68122D	Special Instrument	
681268	Quectel Wireless	
681295	Lupine Lighting	
681324	Huawei Device	Phone
6813E2	Eltex Enterprise	
6813F3	Amazon	
681401	Hon Hai Precision Ind	
681579	BrosTrend	
681590	Sagemcom Broadband SAS	Storage
6815D3	R&G PLUS Sp. z o.o	
681605	Systems And Electronic	
681729	Intel Corporate	Computer
6818D9	Hill AFB - CAPRE	
68193F	Digital Airways	
681977	New H3C	
6819AC	Guangzhou Xianyou	
681A47	Apple	Phone
681A7C	Sichuan Tianyi Comheart	
681AA4	Shenzhen Skyworth	
681AB2	zte	Phone
681BEF	Huawei	Phone
681C52	Cisco	Router
681CA2	Rosewill	
681D4C	Kontron eSystems	
681D64	Sunwave	
681DEF	Shenzhen CYX	
681E8B	InfoSight	
681EA3	Sichuan Tianyi Comheart	
681F40	Blu Wireless	
681FD8	Siemens Industry	
68215F	Edgecore	
68228E	Juniper	Router
68229F	Guangzhou V-Solution	
6822E5	Huawei Device	Phone
68234B	Nihon Dengyo Kousaku	
6823B0	Texas Instruments	IoT
6823F4	Shenzhen Jinlangxin	
682499	Quectel Wireless	
6825DD	Espressif	IoT
682624	Ergatta	
68262A	Sichuan Tianyi Comheart	
682719	Microchip	IoT
682737	Samsung	Phone
68275F	zte	Phone
68286C	Sony Interactive	Gaming
6828BA	Dejai	
6828CF	Hewlett Packard	Computer
6828F6	Vubiq	
6829DC	Ficosa Electronics S.L.U	
682ADD	zte	Phone
682C4F	leerang	
682C7B	Cisco	Router
682D83	Shenzhen Dinghe	
682DDC	Wuhan Changjiang	
682E3C	Ubiquiti	Router
682F67	Apple	Phone
683036	Apple	Phone
683045	Huawei	Phone
6831FE	Teladin	
68332C	Kenstel Networks Limited	
6833EE	Commscope	
683421	Intel Corporate	Computer
683489	LEA Professional	
683563	Shenzhen Liown	
6836B5	DriveScale	
6837E9	Amazon	
6838E3	EYESON SOLUTION	
683943	ittim	
683A1E	Cisco Meraki	Router
683A48	SAMJIN	
683B09	Apple	Phone
683B1E	Countwise	
683B78	Cisco	Router
683C7D	Magic Intelligence	
683E02	SIEMENS AG, Digital	Industrial
683E26	Intel Corporate	Computer
683E34	MEIZU	
683EC0	Apple	Phone
683EEC	Ereca	
683F1E	EFFECT Photonics	
683F7D	Ingram Micro Services	
68403C	Fiberhome	
68418F	Telechips	
684216	Steplock Access AB	
684352	Bhuu Limited	
6843D7	Agilecom Photonics	
684406	Texas Instruments	IoT
684465	Apple	Phone
684571	Huawei Device	Phone
6845CC	Apple	Phone
6845F1	Toshiba Client Solutions	
684724	EM Microelectronic	
684749	Texas Instruments	IoT
6847C5	Intel Corporate	Computer
684898	Samsung	Phone
6848B4	AltoBeam	
684983	Huawei	Phone
684992	Cisco Meraki	Router
6849B2	Carlo Gavazzi	Camera
684A5F	Apple	Phone
684A6E	Quectel Wireless	
684A76	eero	
684AAE	Huawei	Phone
684AE9	Samsung	Phone
684B88	Galtronics Telemetry	
684C25	Huawei Device	Phone
684CA8	Shenzhen Herotel	
684DB6	Xiaomi	Phone
684E05	Hunan Fn-Link	
684F64	Dell	Computer
68505D	Halo	
68508C	Shanghai Sunmi	
685134	Hewlett Packard	Computer
6851B7	PowerCloud	
685210	MCS Logic	
6852D6	UGame	
68536C	SPnS	
685377	Bouffalo Lab (Nanjing)	
685388	P&S	
68539D	EM Microelectronic	
68545A	Intel Corporate	Computer
6854C1	ColorTokens	
6854ED	Alcatel-Lucent	VoIP
6854F5	enLighted	
6854FD	Amazon	
6855D4	Seiko Epson	Printer
68572D	Tuya Smart	Smart Home
685811	Fiberhome	
685892	NXP Semiconductors	IoT
6858A0	Honor Device	Phone
6858C5	ZF TRW Automotive	
685932	Sunitec Enterprise	
68597F	Alcatel Lucent	VoIP
685ACF	Samsung	Phone
685B35	Apple	Phone
685B36	Powertech Industrial	
685D43	Intel Corporate	Computer
685E1C	Texas Instruments	IoT
685E6B	PowerRay	
685EDD	Apple	Phone
685EDF	NXP Semiconductors	IoT
68628A	vivo Mobile	Phone
686350	Hella India Automotive	
686359	Advanced Digital	
686372	Huawei Device	Phone
68644B	Apple	Phone
6865B7	Zhishang Chuanglian	
686725	Espressif	IoT
6867C7	Sagemcom Broadband SAS	Storage
68692E	Zycoo	
686975	Angler	
6869CA	Hitachi	
6869F2	ComAp s.r.o	
686B6A	Phytium	
686CE6	Microsoft	Computer
686DBC	Hangzhou Hikvision	Camera
686E23	Wi3	
686E48	Prophet Electronic	
68709E	Silicon Laboratories	
687161	Cisco	Router
687251	Ubiquiti	Router
6872C3	Samsung	Phone
6872DC	CETORY.TV Company	TV
687627	Zhuhai Dingzhi	
68764F	Sony	
687724	Tp-Link	Router
6877DA	zte	Phone
687848	Westunitis	
68784C	Nortel	
6878A8	Fiberhome	
687909	Cisco	Router
687912	IEEE Registration	
687924	ELS-GmbH & Co	
6879C4	Shanghai MXCHIP	
6879DD	Omnipless Manufacturing	Smart Home
6879ED	SHARP	TV
687A64	Intel Corporate	Computer
687CC8	Measurement Systems S.	
687CD5	Y Soft Corporation, a.s	
687D00	Shenzhen YOUHUA	
687D6B	Samsung	Phone
687DB4	Cisco	Router
687F74	Cisco-Linksys	Router
687FF0	TP-Link	Router
6881E0	Huawei	Phone
6882F2	FIXME	
68831A	Pandora Mobility	
6883CB	Apple	Phone
688470	eSSys	
68847E	Fujitsu Limited	
688540	IGI Mobile	
68856A	OuterLink	
6885A4	Guangdong Oppo Mobile	Phone
6886A7	Cisco	Router
6886E7	Orbotix	
68871C	Motorola Mobility LLC,	Phone
68876B	INQ Mobile Limited	
6887BD	zte	Phone
6887C6	Cisco	Router
6888A1	Universal	
688975	nuoxc	
6889C1	Huawei	Phone
688AB5	EDP Servicos	
688AF0	zte	Phone
688B0F	China Mobile IOT	
688BF4	Arista	Switch
688D2B	Gsd Viet Nam Technology	
688DB6	Aetek	
688F2E	Hitron	
688F84	Huawei	Phone
688FC9	Zhuolian (Shenzhen)	
6891D0	IEEE Registration	
689234	Ruckus Wireless	Router
689268	Motorola Mobility LLC,	Phone
689320	New H3C	
68932E	Habana	
689361	Integrated Device	
689423	Hon Hai Precision Ind	
68944A	zte	Phone
68951B	Huawei Device	Phone
689575	Zhejiang Bodyguard	
68962E	Huawei	Phone
68966A	Ohsung	
68967B	Apple	Phone
68974B	Shenzhen Costar	
6897E8	Society of Motion	TV
689861	Beacon	
6899CD	Cisco	Router
689A21	Fiberhome	
689A87	Amazon	
689AB7	Atelier Vision	
689B43	Huawei Device	Phone
689C5E	AcSiP	
689C70	Apple	Phone
689CE2	Cisco	Router
689DD2	Espressif	IoT
689E0B	Cisco	Router
689E19	Texas Instruments	IoT
689E29	zte	Phone
689E67	Shenzhen Focuscom	
689E6A	Huawei Device	Phone
689FD4	Amazon	
689FF0	zte	Phone
68A03E	Huawei	Phone
68A0F6	Huawei	Phone
68A1B7	Honghao Mingchuan	
68A2AA	Acres Manufacturing	Smart Home
68A34F	Nokia	
68A378	Freebox Sas	
68A3C4	Liteon	
68A40E	BSH Hausgeräte	
68A46A	Huawei	Phone
68A47D	Sun Cupid Technology	
68A593	Apple	Phone
68A682	Shenzhen YOUHUA	
68A729	Apple	Phone
68A7B4	Honor Device	Phone
68A828	Huawei	Phone
68A86D	Apple	Phone
68A878	GeoWAN	
68A8E1	Wacom	
68AAC4	Altice	
68AAD2	Datecs	
68AB09	Nokia	
68AB1E	Apple	Phone
68AB8A	RF IDeas	
68ABA9	Sagemcom Broadband SAS	Storage
68ABBC	Beijing Xiaomi Mobile	Phone
68AE04	Shenzhen SuperElectron	
68AE20	Apple	Phone
68AF13	Futura Mobility	
68AFFF	Shanghai Cambricon	
68B094	Inesa Electron	
68B1C9	IYO	
68B35E	Shenzhen Neostra	
68B41E	Zeasn Technology	
68B43A	WaterFurnace	
68B599	Hewlett Packard	Computer
68B5E3	Huawei	Phone
68B691	Amazon	
68B6B3	Espressif	IoT
68B6FC	Hitron	
68B76B	Fiberhome	
68B8BB	Beijing Xiaomi	Phone
68B8D9	Act KDE	
68B983	b-plus	
68B9C2	Earda	
68B9D3	Shenzhen Trolink	
68BC0C	Cisco	Router
68BDAB	Cisco	Router
68BE49	Nebula Matrix	
68BF6C	Arista	Switch
68BFC4	Samsung	Phone
68C44C	Xiaomi	Phone
68C44D	Motorola Mobility LLC,	Phone
68C63A	Espressif	IoT
68C6AC	Intel Corporate	Computer
68C8C0	Gsd Viet Nam Technology	
68C8EB	Rockwell Automation	Industrial
68C90B	Texas Instruments	IoT
68C95D	SZ Knowact Robot	
68CA00	Octopus Systems Limited	
68CAC4	Apple	Phone
68CAE4	Cisco	Router
68CC6E	Huawei	Phone
68CC9C	Mine Site	
68CCAE	Fortinet	Router
68CCBA	Dense Air Networks US	
68CD0F	U Tek Company Limited	
68CE4E	L-3 Communications	Switch
68D1BA	Shenzhen YOUHUA	
68D1FD	Shenzhen Trimax	
68D247	Portalis LC	
68D40C	Tellescom Industria E	
68D482	Shenzhen Gongjin	
68D48B	Hailo	
68D6ED	GooWi Wireless	
68D79A	Ubiquiti	Router
68D925	ProSys Development	
68D927	Huawei	Phone
68D93C	Apple	Phone
68D972	Cisco	Router
68D976	EM Microelectronic	
68DA73	IEEE Registration	
68DB54	Phicomm (Shanghai)	
68DB67	Nantong Coship	
68DB96	OPWILL	
68DBCA	Apple	Phone
68DBF5	Amazon	
68DCE8	PacketStorm	
68DD26	Shanghai Focus Vision	
68DDB7	Tp-Link	Router
68DDD9	HMD Global Oy	
68DECE	Fiberhome	
68DFDD	Xiaomi	Phone
68DFE4	Samsung	Phone
68E154	SiMa.ai	
68E166	Private	
68E1DC	Buffalo.Inc	Storage
68E209	Huawei	Phone
68E41F	Unglaube Identech	
68E478	Qingdao Haier	Appliance
68E580	Apple	Phone
68E59E	Cisco	Router
68E6D4	Furuno	
68E74A	Texas Instruments	IoT
68E7C2	Samsung	Phone
68E8EB	Linktel	
68E905	Fiberhome	
68EBAE	Samsung	Phone
68EBC5	Angstrem Telecom	
68EC62	YODO	
68EC8A	IKEA of Sweden AB	
68ECC5	Intel Corporate	Computer
68ED43	BlackBerry RTS	
68ED57	Juniper	Router
68EDA4	Shenzhen Seavo	
68EE4B	Sharetronic Data	
68EE88	Shenzhen TINNO Mobile	
68EE8F	Espressif	IoT
68EE96	Cisco SPVTG	Router
68EF43	Apple	Phone
68EFA8	AutomationDirect.com	
68EFAB	Vention	
68EFBD	Cisco	Router
68EFDC	Apple	Phone
68F06D	Along Industrial Co.,	
68F0B5	Honor Device	Phone
68F0BC	Shenzhen LiWiFi	
68F0D0	SkyBell	
68F125	Data Controls	
68F21F	Bose	Audio
68F38E	Juniper	Router
68F44B	Home Control Singapore	
68F543	Huawei	Phone
68F62B	Itel Mobile Limited	
68F63B	Amazon	
68F728	LCFC(Hefei)	
68F7D8	Microsoft	Computer
68F895	Redflow Limited	
68F90F	Intel Corporate	Computer
68F956	Objetivos y Servicio de	
68FB7E	Apple	Phone
68FB95	Generalplus	
68FCB3	Next Level Security	
68FCB6	Guangdong Oppo Mobile	Phone
68FCCA	Samsung	Phone
68FDE8	Ruckus Wireless	Router
68FE71	Espressif	IoT
68FEDA	Fiberhome	
68FEF7	Apple	Phone
68FF7B	Tp-Link	Router
6A0E20	GeoFrenzy	
6A1F6C	iPass	
6A4065	Open Connectivity	
6A5C35	Secrétariat général de	
6A61EE	Nanjing Etlchips	
6A621E	DIFI Consortium	
6A71E6	FuelCloud	
6A737D	25G Ethernet Consortium	
6A8EAF	Waoo	
6A9DA4	Global Reach	
6AB6F2	Eli	
6AB87A	Acrosswaves	
6AE64A	S&O Electronics	
6AE732	UNIS-WDC Storage	
6C006B	Samsung	Phone
6C0273	Shenzhen Jin Yun Video	
6C02E0	HP	Computer
6C0309	Cisco	Router
6C0370	Extreme	Switch
6C03B5	Cisco	Router
6C0460	RBH Access	
6C047A	Huawei	Phone
6C05D3	China Dragon Technology	
6C05D5	Ethertronics	
6C06D6	Huawei Device	Phone
6C0831	Analog	
6C090A	Gematica	
6C09BF	Fiberhome	
6C09D6	Digiquest	
6C0B5E	HP	Computer
6C0B84	Universal Global	
6C0C9A	Amazon	
6C0D34	Nokia	
6C0DC4	Beijing Xiaomi	Phone
6C0DE1	Dongguan Cannice	Smart Home
6C0E0D	Sony	
6C0EE6	Chengdu Xiyida	
6C0F0B	China Mobile Group	
6C0F61	Hypervolt	
6C0F6A	JDC	
6C1041	Shenzhen Skyworth	
6C108B	WeLink	
6C11B3	Wu Qi	
6C11BA	zte	Phone
6C1270	Apple	Phone
6C13D5	Cisco	Router
6C1414	BUJEON ELECTRONICS	
6C146E	Huawei	Phone
6C14F7	Erhardt+Leimer	
6C1524	IEEE Registration	
6C1544	Microsoft	Computer
6C15DB	Arcadyan	
6C15F9	Nautronix Limited	
6C160E	ShotTracker	
6C1629	Edifier	
6C1632	Huawei	Phone
6C1811	Decatur	
6C198F	D-Link	Router
6C19C0	Apple	Phone
6C1A75	Huawei Device	Phone
6C1AEA	Texas Instruments	IoT
6C1B3F	MiraeSignal	
6C1C71	Zhejiang Dahua	Camera
6C1D2C	Huawei	Phone
6C1DEB	u-blox	
6C1E70	Guangzhou YBDS IT	
6C1E90	Hansol Technics	
6C1ED7	vivo Mobile	Phone
6C1F8A	Apple	Phone
6C1FF7	Ugreen Group Limited	
6C2056	Cisco	Router
6C21A2	AMPAK	
6C221A	AltoBeam	
6C22AB	Ainsworth Game	
6C22F7	Nokia Shanghai Bell	
6C2316	TATUNG	
6C23B9	Sony	
6C23CB	Wattty	
6C2408	LCFC(Hefei)	
6C2483	Microsoft Mobile Oy	
6C24A6	vivo Mobile	Phone
6C25B9	Bbk Educational	
6C2636	Huawei	Phone
6C2779	Microsoft Mobile Oy	
6C27C8	IEEE Registration	
6C2813	nFore	
6C2990	WiZ Connected Lighting	
6C2995	Intel Corporate	Computer
6C29D2	Cisco	Router
6C2ACB	Paxton Access	
6C2ADF	IEEE Registration	
6C2B59	Dell	Computer
6C2C06	OOO NPP	
6C2CDC	Skyworth Digital	
6C2D24	Zhen Shi Information	
6C2E33	Accelink	
6C2E72	B&B Exporting Limited	
6C2E85	Sagemcom Broadband SAS	Storage
6C2F1C	Nexus Raytek	
6C2F2C	Samsung	Phone
6C2F80	Intel Corporate	Computer
6C2F8A	Samsung	Phone
6C302A	Texas Instruments	IoT
6C310E	Cisco	Router
6C32DE	Indieon Technologies Pvt	
6C33A9	Magicjack LP	
6C3491	Huawei	Phone
6C3838	Marking System	
6C3845	Fiberhome	
6C38A1	Ubee Interactive Co.,	
6C391D	Beijing ZhongHuaHun	
6C3A36	Glowforge	
6C3A84	Shenzhen Aero-Startech	
6C3AFF	Apple	Phone
6C3B6B	Routerboard.com	
6C3BE5	Hewlett Packard	Computer
6C3C53	SoundHawk	
6C3C7C	Canon	Camera
6C3C8C	Dell	Computer
6C3D7D	Vantiva USA	
6C3DD8	Espressif Systems	IoT
6C3E51	Mindray North America	
6C3E6D	Apple	Phone
6C3E9C	KE Knestel Elektronik	Smart Home
6C4008	Apple	Phone
6C4033	Beijing Megwang	
6C40C6	Nimbus Data	
6C40E8	vivo Mobile	Phone
6C410E	Cisco	Router
6C416A	Cisco	Router
6C41DE	Huawei	Phone
6C42AB	Subscriber	
6C4329	Cosmiq Edusnap Private	
6C433C	Tecno Mobile Limited	
6C4418	Zappware	
6C442A	Huawei	Phone
6C4598	Antex Electronic	
6C45C4	Cloudflare	
6C4725	Rochester Network Supply	
6C4760	Sunitec Enterprise	
6C4780	IEEE Registration	
6C483F	Xiaomi	Phone
6C48A6	Fiberhome	
6C49C1	o2ones	
6C4A39	Bita	
6C4A74	Aerodisk	
6C4A85	Apple	Phone
6C4B7F	Vossloh-Schwabe	
6C4B90	LiteON	
6C4BB4	HUMAX	
6C4CBC	TP-Link	Router
6C4CE2	Intel Corporate	Computer
6C4D51	Shenzhen Ceres	
6C4D73	Apple	Phone
6C4E86	Third Millennium	
6C4EB0	Castelion	
6C4EF6	Cisco	Router
6C4F89	Zyxel	Router
6C4FA1	Cisco	Router
6C504D	Cisco	Router
6C51BF	Huawei Device	Phone
6C51E4	Huawei Device	Phone
6C54CD	Lampex Electronics	
6C5563	Samsung	Phone
6C558D	Huawei	Phone
6C55B1	Amazon	
6C55E8	Vantiva USA	
6C55F6	eero	
6C5640	BLU Products	
6C5697	Amazon	
6C5779	Aclima	
6C5940	Mercury Communication	
6C5976	Shanghai Tricheer	
6C5A34	Shenzhen Haitianxiong	
6C5AB0	TP-Link	Router
6C5AB5	TCL Technoly	Phone
6C5C14	Guangdong Oppo Mobile	Phone
6C5C3D	IEEE Registration	
6C5CB1	Silicon Laboratories	
6C5CDE	SunReports	
6C5D3A	Microsoft	Computer
6C5D63	ShenZhen Rapoo	
6C5E3B	Cisco	Router
6C5E7A	Ubiquitous Internet	
6C5F1C	Lenovo Mobile	Computer
6C6016	OnePlus Technology	Phone
6C60D0	Huawei Device	Phone
6C60EB	Zhi Yuan Electronics	
6C6126	Rinicom	
6C61F4	Sfr	
6C626D	Micro-Star INT'L	
6C6286	Nokia	
6C62FE	Juniper	Router
6C639C	Commscope	
6C63F8	Ubiquiti	Router
6C641A	Penguin Computing	
6C6567	BELIMO Automation	
6C67EF	Huawei	Phone
6C688A	Amazon	
6C68A4	Guangzhou V-Solution	
6C6A77	Intel Corporate	Computer
6C6C0F	Huawei	Phone
6C6CD3	Cisco	Router
6C6D09	Kyowa	
6C6E07	Ce Link Limited	
6C6EFE	Core Logic	
6C6F18	Stereotaxis	
6C7028	Landis+Gyr	
6C7039	Novar	
6C709F	Apple	Phone
6C70CB	Samsung	Phone
6C710D	Cisco	Router
6C71BD	Ezelink Telecom	
6C71D2	Huawei	Phone
6C71D9	AzureWave	
6C7220	D-Link	Router
6C724A	Onkyo Technology K.K	
6C72B8	LCFC(Hefei)	
6C72E2	amitek	
6C72E7	Apple	Phone
6C750D	WiFiSONG	
6C7637	Huawei Device	Phone
6C7660	Kyocera	Printer
6C76F7	MainStreaming SpA	Media Player
6C7742	zte	Phone
6C77F0	Huawei Device	Phone
6C78C1	Juniper	Router
6C79B8	Texas Instruments	IoT
6C7A63	Arista	Switch
6C7DB7	Cisco Meraki	Router
6C7E67	Apple	Phone
6C7F0C	Cisco Meraki	Router
6C7F49	Huawei Device	Phone
6C80AB	ifanr	
6C8166	Private	
6C81FE	Mitsuba	
6C8243	Huawei Device	Phone
6C8336	Samsung	Phone
6C8338	Ubihere	
6C8366	Nanjing SAC Power Grid	
6C8375	Broadcom Limited	
6C8686	Technonia	
6C8720	New H3C	
6C8814	Intel Corporate	Computer
6C885F	Private	
6C8AEC	Nantong Coship	
6C8B2F	zte	Phone
6C8BD3	Cisco	Router
6C8CDB	Otus	
6C8D65	Wireless Glue	
6C8D77	Cisco	Router
6C8DC1	Apple	Phone
6C8F4E	Chongqing Yipingfang	
6C8FB5	Microsoft Mobile Oy	
6C90B1	SanLogic	
6C9106	Katena Computing	
6C9188	Nokia	
6C92BF	IEIT	
6C92CF	Broadcom Limited	
6C92F6	Arista	Switch
6C9308	IEEE Registration	
6C9313	Mellanox	Switch
6C9354	Yaojin Technology	
6C9392	BEKO	
6C9466	Intel Corporate	Computer
6C94F8	Apple	Phone
6C9522	Scalys	
6C96CF	Apple	Phone
6C976D	Motorola Mobility LLC,	Phone
6C97AA	Ai	
6C98EB	Riverbed	
6C9961	Sagemcom Broadband SAS	Storage
6C9989	Cisco	Router
6C999D	Amazon	
6C9AB4	Brodersen A/S	
6C9AC9	Valentine Research	
6C9B02	Nokia	
6C9BC0	Chemoptics	
6C9CE9	Nimble Storage	
6C9CED	Cisco	Router
6C9E7C	Fiberhome	
6CA042	Silicon Laboratories	
6CA0AF	Cm Partner	
6CA0B4	Sky Uk Limited	
6CA100	Intel Corporate	Computer
6CA31E	Itel Mobile Limited	
6CA367	Avlinkpro	
6CA3D3	Peplink	Router
6CA401	essensys plc	
6CA4D1	Fiberhome	
6CA604	Commscope	
6CA613	AltoBeam	
6CA682	EDAM information &	
6CA75F	zte	Phone
6CA780	Nokia	
6CA7FA	Youngbo Engineering	Smart Home
6CA849	Avaya	VoIP
6CA858	Fiberhome	
6CA906	Telefield	
6CA928	HMD Global Oy	
6CA936	DisplayLink (UK)	
6CA96F	TransPacket AS	
6CAAB3	Ruckus Wireless	Router
6CAB05	Cisco	Router
6CAB31	Apple	Phone
6CAB4D	Digital Payment	
6CAC60	Venetex	
6CACC2	Samsung	Phone
6CAD3F	Hubbell Building	
6CADAD	Chongqing Fugui	
6CADEF	KZ Broadband	
6CADF8	AzureWave	
6CAE8B	IBM	
6CAEE3	Nokia	
6CAEF6	eero	
6CAF15	Webasto SE	
6CAFAB	UAB "Teltonika	
6CB077	ALL Winner (Hong Kong)	
6CB0CE	Netgear	Router
6CB0FD	Shenzhen Xinghai Iot	
6CB133	Apple	Phone
6CB158	Tp-Link	Router
6CB227	Sony Video & Sound	
6CB2AE	Cisco	Router
6CB2FD	Texas Instruments	IoT
6CB311	Shenzhen Lianrui	
6CB34D	SharkNinja Operating	
6CB350	Anhui comhigher	
6CB456	Espressif	IoT
6CB4A7	Landauer	
6CB4FD	Huawei Device	Phone
6CB56B	HUMAX	
6CB6CA	DIVUS	
6CB749	Huawei	Phone
6CB7E2	Huawei	Phone
6CB7F4	Samsung	Phone
6CB881	zte	Phone
6CB9C5	Delta	
6CBAB8	Sagemcom Broadband SAS	Storage
6CBEE9	Alcatel-Lucent IPD	VoIP
6CBF2F	eero	
6CBFB5	Noon	
6CC147	Xiamen Hanin Electronic	
6CC1D2	Commscope	
6CC217	Hewlett Packard	Computer
6CC242	Shenzhen Skyworth	
6CC26B	Apple	Phone
6CC36A	vivo Mobile	Phone
6CC374	Texas Instruments	IoT
6CC3B2	Cisco Meraki	Router
6CC41E	NEXSEC Incorporated	
6CC49F	Hewlett Packard	Computer
6CC4D5	HMD Global Oy	
6CC63B	Taicang T&W	
6CC7EC	Samsung	Phone
6CC840	Espressif	IoT
6CCA08	Commscope	
6CCB7F	GD Midea	Appliance
6CCDD6	Netgear	Router
6CCE44	1More	
6CCF39	Shanghai StarFive	
6CD008	zte	Phone
6CD032	LG	Phone
6CD146	FRAMOS	
6CD199	vivo Mobile	Phone
6CD1B0	Wing Sing Electronics	
6CD1E5	Huawei	Phone
6CD2BA	zte	Phone
6CD3EE	Zimi	
6CD552	Shenzhen Bilian	
6CD630	Rootous System	
6CD63F	Huawei	Phone
6CD68A	LG Electronics (Mobile	Phone
6CD6E3	Cisco	Router
6CD704	Huawei	Phone
6CD719	Fiberhome	
6CD71F	Guangdong Oppo Mobile	Phone
6CD7A0	WIKO Terminal	
6CD869	Guangzhou Sat Infrared	
6CD8FB	Qorvo Utrecht	
6CD94C	vivo Mobile	Phone
6CDA1D	Sunton Technology (M)	
6CDC6A	Promethean Limited	
6CDD30	Cisco	Router
6CDDBC	Samsung	Phone
6CDDEF	EPCOMM	
6CDEA9	Cisco Meraki	Router
6CDFD9	Concept2	
6CDFFB	IEEE Registration	
6CE01E	Modcam AB	
6CE0B0	Sound4	
6CE20C	Hangzhou SDIC	
6CE2D3	New H3C	
6CE3B6	Nera Telecommunications	
6CE40D	Raisecom	
6CE4A4	Silicon Laboratories	
6CE4CE	Villiger Security	
6CE4DA	NEC Platforms	
6CE5C9	Apple	Phone
6CE5F7	New H3C	
6CE85C	Apple	Phone
6CE873	Tp-Link	Router
6CE874	Huawei	Phone
6CE8C6	Earda	
6CE907	Nokia	
6CE983	Gastron	
6CEBB2	Dongguan Sen DongLv	
6CEBB6	Huawei	Phone
6CEC5A	Hon Hai Precision Ind	
6CECA1	Shenzhen Clou	
6CECEB	Texas Instruments	IoT
6CED51	NEXCONTROL	
6CEEF7	shenzhen scodeno	
6CEFBD	Cisco Meraki	Router
6CEFC6	Shenzhen Twowing	
6CF049	Giga-Byte	Computer
6CF17E	Zhejiang Uniview	Camera
6CF2D8	Canon	Camera
6CF373	Samsung	Phone
6CF37F	Hewlett Packard	Computer
6CF43D	VusionGroup	
6CF5E8	Mooredoll	
6CF6DA	Intel Corporate	Computer
6CF712	Nokia Solutions and	
6CF784	Xiaomi	Phone
6CF97C	Nanoptix	
6CF9D2	Chengdu Povodo	
6CFA58	Avaya	VoIP
6CFA89	Cisco	Router
6CFAA7	AMPAK	
6CFBED	GN Audio A/S	Automotive
6CFD22	Silicon Laboratories	
6CFDB9	Proware	
6CFE54	Intel Corporate	Computer
6CFFBE	MPB	
6CFFCE	Sagemcom Broadband SAS	Storage
700136	FATEK Automation	
7001B5	Cisco	Router
700258	01Db-Metravib	
70033F	Pimax	
70037E	Vantiva USA	
70039F	Espressif	IoT
70041D	Espressif	IoT
700433	California Things	
700514	LG Electronics (Mobile	Phone
700692	IEEE Registration	
7006AC	Eastcompeace	
700777	OnTarget	
700810	Intel Corporate	Computer
700894	Liteon	
700971	Samsung	Phone
700B01	Sagemcom Broadband SAS	Storage
700B4F	Cisco	Router
700BC0	Dewav	
700F6A	Cisco	Router
700FC7	Shenzhen Ikinloop	
700FEC	Poindus	
70105C	Cisco	Router
70106F	Hewlett Packard	Computer
70110E	zte	Phone
701124	Apple	Phone
701135	Livesecu	
7011AE	Music Life	
701301	Vantiva - Connected Home	
701384	Apple	Phone
701404	Limited Liability	
7014A6	Apple	Phone
7015FB	Intel Corporate	Computer
70169F	EtherCAT	
7017D7	Shanghai Enflame	
70188B	Hon Hai Precision Ind	
7018A7	Cisco	Router
70192F	Huawei	Phone
701988	Nanjing Qinheng	
701A04	Liteon	
701AB8	Intel Corporate	Computer
701AD5	Avigilon Alta	
701AED	Advas	
701BFB	Integrated Device	
701CE7	Intel Corporate	Computer
701D08	99IOT Shenzhen	
701D7F	Comtech	
701DC4	NorthStar Battery	
701E68	Hanna Instruments	
701F0B	Wilogy	
701F3C	Samsung	Phone
701F53	Cisco	Router
702084	Hon Hai Precision	
70217F	Xiaomi	Phone
7022FE	Apple	Phone
702393	Polytech A/S	
70246E	Zhejiang Laibao Display	
702526	Nokia	
702559	CyberTAN	
702605	SONY Visual Products	
702661	Universal Global	
702804	Realme Chongqing Mobile	Phone
70287D	Google	
70288B	Samsung	Phone
702900	Shenzhen ChipTrip	
702A7D	EpSpot AB	
702AD5	Samsung	Phone
702AD7	New H3C Intelligence	
702B1D	E-Domus International	
702C09	Nintendo	Gaming
702C1F	Wisol	
702D81	Infinix mobility limited	
702D84	i4C Innovations	
702DD1	Newings Communication	
702E22	zte	Phone
702E80	DIEHL Connectivity	
702ED9	Guangzhou Shiyuan	
702F35	Huawei	Phone
702F4B	Steelcase	
702F86	Marquardt	
702F97	Aava Mobile Oy	
703018	Avaya	VoIP
70305D	Ubiquoss	
70305E	Nanjing Zhongke	
70317F	Apple	Phone
703187	ACX	
70320C	Ruckus Wireless	Router
703217	Intel Corporate	Computer
7032D5	Athena Wireless	
703509	Cisco	Router
70357B	vivo Mobile	Phone
7036B2	Focusai	
70378E	Tianyi Telecom	
703811	Siemens Mobility Limited	
7038B4	Low Tech Solutions	
7038EE	Avaya	VoIP
703A0E	Hewlett Packard	Computer
703A2D	Shenzhen V-Link	
703A51	Xiaomi	Phone
703A73	Shenzhen Sundray	
703A8C	Shenzhen Skyworth	
703AA6	New H3C	
703ACB	Google	
703AD8	Shenzhen Afoundry	Switch
703C03	RadiAnt	
703C39	SEAWING Kft	
703C69	Apple	Phone
703D15	Hangzhou H3C	
703E76	Arcadyan	
703E97	Iton	
703EAC	Apple	Phone
7040FF	Huawei Device	Phone
7041B7	Edwards Lifesciences	
7042D3	Ruijie	
70441C	Shenzhen Kaifa	
704642	Chyng Hong Electronic	
704698	Huawei	Phone
704777	Ruckus Wireless	Router
7047E9	vivo Mobile	Phone
70480F	Apple	Phone
7048B5	CTS System	
7048F7	Nintendo	Gaming
7049A2	Zyxel	Router
704A0E	AMPAK	
704AAE	Xstream Flow (Pty)	
704AE4	Rinstrum	
704BCA	Espressif	IoT
704CA2	Apple	Phone
704CA5	Fortinet	Router
704CB6	Shenzhen SuperElectron	
704CC1	Tokyo Electron Miyagi	
704CED	TMRG	
704D7B	ASUSTek COMPUTER	Computer
704DE7	Tecno Mobile Limited	
704E01	Kwangwon	
704E66	Shenzhen Fast	
704E6B	Huawei	Phone
704EE0	Samsung	Phone
704F08	Shenzhen Huisheng	
704F57	Tp-Link	Router
704FB8	Commscope	
7050AF	Sky Uk Limited	
7050E7	IEEE Registration	
7052C5	Avaya	VoIP
7052D8	Itel Mobile Limited	
70533F	Alfa Instrumentos	
705425	Commscope	
705464	Silicon Laboratories	
7054B4	Vestel Elektronik San	
7054D2	Pegatron	
7054F5	Huawei	Phone
7055F8	Cerebras	
705681	Apple	Phone
7057BF	New H3C	
705812	Panasonic Corporation	
705846	Trig Avionics Limited	
705896	InShow	
7058A4	Actiontec	
705957	Medallion	
705986	Ooo Ttv	
705A0F	Hewlett Packard	Computer
705A6F	IEEE Registration	
705A9E	Vantiva USA	
705AAC	Samsung	Phone
705AB6	Compal Information	
705B2E	M2Communication	
705CAD	Konami Gaming	
705DCC	EFM	
705E55	Realme Chongqing	Phone
705EAA	Action Target	
705FA3	Xiaomi	Phone
7060DE	LaVision	
706173	Calantec	
70617B	Cisco	Router
7061BE	WNC	
7061EE	Sunwoda Electronic	
7062B8	D-Link	Router
7062CB	Apple	Phone
706417	Orbis Tecnologia	
706582	Suzhou Hanming	
7065A3	Kandao lightforge	
70661B	Sonova	
70662A	Sony Interactive	Gaming
706655	AzureWave	
7066B9	Huawei Device	Phone
7066E1	dnt Innovation	
706871	FN-LINK	
706879	Saijo Denki	
70695A	Cisco	Router
706979	IEEE Registration	
706AC9	zte	Phone
706BB9	Cisco	Router
706D15	Cisco	Router
706DEC	Wifi-soft	
706E10	Huawei	Phone
706E6D	Cisco	Router
706F81	Private	
70700D	Apple	Phone
707013	Huawei	Phone
70704C	Purple	
70708B	Cisco	Router
7070AA	Amazon	
7070D5	Huawei	Phone
7070FC	Gold&Water Industrial	
7071B3	Brain	
7071BC	Pegatron	
70720D	Lenovo Mobile	Computer
70723C	Huawei	Phone
7072CF	EdgeCore	
7072FE	Apple	Phone
70733A	Jiangxi Remote	
707362	Huawei	Phone
7073CB	Apple	Phone
707414	Murata Manufacturing	Smart Home
707630	Commscope	
7076DD	OxyGuard Internation A/S	
7076F0	LevelOne Communications	
7076FF	Kerlink	
707781	Hon Hai Precision Ind	
70788B	vivo Mobile	Phone
70792D	Mellanox	Switch
707938	Wuxi Zhanrui Electronic	
707990	Huawei	Phone
7079B3	Cisco	Router
707BE8	Huawei	Phone
707C18	ADATA	
707C69	Avaya	VoIP
707CE3	Huawei	Phone
707D95	Shenzhen City	
707DA1	Sagemcom Broadband SAS	Storage
707DAF	Plucent AB	
707DB9	Cisco	Router
707E43	Commscope	
707EDA	Gsd Viet Nam Technology	
707EDE	Nastec	
707FF2	Telechips	
708105	Cisco	Router
708185	New H3C	
7081EB	Apple	Phone
70820E	as	
70828E	OleumTech	
708536	Arcadyan	
708540	Skyworth Digital	
70856C	Ruijie	
7085C2	ASRock Incorporation	
7085C4	Ruijie	
7085C6	Commscope	
7086C1	Texas Instruments	IoT
7086CE	GD Midea	Appliance
70879E	Beken	
7087A7	Murata Manufacturing	Smart Home
70884D	Japan Radio	
708976	Tuya Smart	Smart Home
7089CC	China Mobile Group	
7089F5	Dongguan Lingjie IOT	
708A09	Huawei	Phone
708B78	citygrow	
708B97	INSYS icom	
708BCD	ASUSTek COMPUTER	Computer
708CB6	Huawei	Phone
708CBB	Mimodisplaykorea	
708CF2	Apple	Phone
708D09	Nokia	
708F47	vivo Mobile	Phone
709041	Mist	Access Point
7090B7	Huawei Device	Phone
70918F	Weber-Stephen Products	
7091F3	Universal	
709383	Intelligent Optical	
7093C1	eero	
7093F8	Space Monkey	
709684	Apple	Phone
709741	Arcadyan	
709751	Beijing Xiaomi Mobile	Phone
709756	Happyelectronics	
709883	Shenzhen Kayan	
70991C	Shenzhen Honesty	Smart Home
709A0B	Italian Institute of	
709AC4	Huawei Device	Phone
709BA5	Shenzhen Y&D	
709BFC	Bryton	
709C45	Huawei	Phone
709C8F	Nero	
709CD1	Intel Corporate	Computer
709E29	Sony Interactive	Gaming
709E86	X6D Limited	
709F2D	zte	Phone
709FA9	Tecno Mobile Limited	
709FEC	CU Velocity	
70A04B	Intel Corporate	Computer
70A191	Trendsetter Medical	Medical
70A2B3	Apple	Phone
70A3A4	Beijing Guming	
70A41C	Advanced Wireless	
70A56A	Shenzhen C-Data	
70A66A	Prox Dynamics AS	
70A6BD	Honor Device	Phone
70A6CC	Intel Corporate	Computer
70A703	Honor Device	Phone
70A741	Ubiquiti	Router
70A84C	MONAD	
70A8A5	Microsoft	Computer
70A8D3	Intel Corporate	Computer
70A8E3	Huawei	Phone
70A983	Cisco	Router
70AAB2	BlackBerry RTS	
70AC08	Silicon Laboratories	
70ACD7	Shenzhen YOUHUA	
70AD43	Blink by Amazon	Camera
70AD54	Malvern Instruments	
70AE2A	Apple	Phone
70AED5	Apple	Phone
70AF09	Espressif	IoT
70AF24	TP Vision Belgium NV	
70AF25	Nishiyama Industry	
70AF6A	Shenzhen Fenglian	
70B035	Shenzhen Zowee	
70B08C	Shenou Communication	
70B13D	Samsung	Phone
70B14E	Commscope	
70B258	Ruckus Wireless	Router
70B265	Hiltron s.r.l	
70B306	Apple	Phone
70B317	Cisco	Router
70B3D5	IEEE Registration	
70B51A	Huawei Device	Phone
70B599	Embedded Technologies	
70B5E8	Dell	Computer
70B64F	Guangzhou V-SOLUTION	
70B651	Eight Sleep	
70B7AA	vivo Mobile	Phone
70B7E2	Jiangsu Miter	
70B7E4	Broadcom Limited	
70B8F6	Espressif	IoT
70B921	Fiberhome	
70B950	Texas Instruments	IoT
70B9BB	Shenzhen Hankvision	
70BAEF	Hangzhou H3C	
70BB5B	Apple	Phone
70BBE9	Xiaomi	Phone
70BC10	Microsoft	Computer
70BC48	Cisco	Router
70BD96	Cisco	Router
70BDD2	Adva Network Security	
70BF3E	Charles River	
70BF92	GN Audio A/S	Automotive
70C288	Intel Corporate	Computer
70C59C	Silicon Laboratories	
70C6AC	Bosch Automotive	Automotive
70C6DD	New H3C	
70C76F	Inno S	
70C7F2	Huawei	Phone
70C833	Wirepas Oy	
70C912	Sichuan AI-Link	
70C932	Dreame Technology	
70C94E	Liteon	
70C9C6	Cisco	Router
70CA4D	Shenzhen lnovance	
70CA97	Ruckus Wireless	Router
70CA9B	Cisco	Router
70CD0D	Intel Corporate	Computer
70CD60	Apple	Phone
70CD91	Teracom Telematica	
70CE8C	Samsung	Phone
70CF49	Intel Corporate	Computer
70D07E	Silicon Laboratories	
70D081	Beijing Netpower	
70D313	Huawei	Phone
70D379	Cisco	Router
70D4F2	Rim	
70D51E	Fiberhome	
70D57E	Scalar	
70D5E7	Wellcore	
70D6B6	Metrum	
70D823	Intel Corporate	Computer
70D880	Upos System sp. z o.o	
70D8C2	Intel Corporate	Computer
70D923	vivo Mobile	Phone
70D931	Cambridge	
70D983	Shanghai JINXVM	
70DA17	Austrian Audio	Automotive
70DA48	Cisco	Router
70DA9C	Tecsen	
70DB98	Cisco	Router
70DDA1	Tellabs	
70DDA8	Guangdong Oppo Mobile	Phone
70DDEF	Huawei Device	Phone
70DEE2	Apple	Phone
70DEF9	Fai Wah International	
70DF2F	Cisco	Router
70DFF7	Commscope	
70E027	Hongyu Communication	
70E139	3view	
70E1FD	Flextronics	
70E24C	SAE IT-systems GmbH & Co	
70E284	Wistron Infocomm	
70E422	Cisco	Router
70E46E	Lytx	
70E56E	Texas Instruments	IoT
70E72C	Apple	Phone
70E843	Beijing C&W Optical	
70E997	Huawei	Phone
70EA1A	Cisco	Router
70EA5A	Apple	Phone
70EB74	Ningbo Goneo Electric	
70EBA5	Huawei Device	Phone
70ECE4	Apple	Phone
70EDFA	imperix	
70EE50	Netatmo	
70EEA3	Eoptolink	
70EF00	Apple	Phone
70F087	Apple	Phone
70F088	Nintendo	Gaming
70F096	Cisco	Router
70F11C	Shenzhen Ogemray	
70F176	Data Modul	
70F196	Actiontec	
70F1A1	Liteon	
70F1E5	Xetawave	
70F220	Actiontec	
70F35A	Cisco	Router
70F395	Universal Global	
70F6CF	Relay	
70F74F	Robert Bosch JuP1	
70F754	AMPAK	
70F82B	DWnet	
70F8AE	Microsoft	Computer
70F8E7	IEEE Registration	
70F927	Samsung	Phone
70F94A	Apple	Phone
70F96D	Hangzhou H3C	
70FC8C	OneAccess	
70FC8F	Freebox Sas	
70FD45	Huawei	Phone
70FD46	Samsung	Phone
70FD88	Nanjing Jiahao	
70FF5C	Cheerzing	
70FF76	Texas Instruments	IoT
7400E8	Huawei	Phone
7402E1	Texas Instruments	IoT
7403BD	Buffalo.Inc	Storage
74042B	Lenovo Mobile	Computer
7404F0	Mobiwire Mobiles	
7404F1	Intel Corporate	Computer
74051D	Jiangxi Risound	
74057C	Qorvo	
7405A5	Tp-Link	Router
740635	Sernet (Suzhou)	
74077E	Quectel Wireless	
7408AA	Ruijie	
7408DE	Fujian Landi Commercial	
7409AC	Quext	
740ABC	LightwaveRF	
740AE1	Huawei Device	Phone
740B12	Silicon Laboratories	
740BB0	Hirschmann Automation	
740CEE	Huawei Device	Phone
740EA4	Apple	Phone
740EDB	Optowiz	
7410E0	Broadcom Limited	
7411B2	Cisco	Router
741213	Linksys USA	Router
7412B3	Chongqing Fugui	
7412BB	Fiberhome	
741348	Blink by Amazon	Camera
74136A	Motorola Mobility LLC,	Phone
7413EA	Intel Corporate	Computer
741489	SRT Wireless	
7414D0	Apple	Phone
741575	Xiaomi	Phone
7415E2	Tri-Sen	
7415F5	Apple	Phone
741865	Shanghai DareGlobal	
74190A	Samsung	Phone
7419F8	IEEE Registration	
741AE0	IEEE Registration	
741B39	Convey India Private	
741BB2	Apple	Phone
741C27	Itel Mobile Limited	
741E93	Fiberhome	
741EB1	Samsung	Phone
741F4A	Hangzhou H3C	
741F79	Youngkook	
74205F	Shenzhen Zhongruixin	
74220D	Chengdu Xuguang	
7422BB	Huawei Device	Phone
742344	Xiaomi	Phone
74238D	zte	Phone
742435	Huawei Device	Phone
74249F	TIBRO	
7424CA	Guangzhou Shiyuan	
742554	NVIDIA	Computer
742584	IEEE Registration	
74258A	Hangzhou H3C	
7426AC	Cisco	Router
7426FF	zte	Phone
74272C	Advanced Micro Devices	Computer
74273C	ChangYang Technology	
7427EA	Elitegroup Computer	
742857	Mayfield Robotics	Storage
742869	Huawei Device	Phone
7428AE	Mellanox	Switch
742917	Apple	Phone
742920	MCX-PRO Kft	
742959	Apple	Phone
742972	Juniper	Router
742981	Texas Instruments	IoT
7429AF	Hon Hai Precision Ind	
742A8A	shenzhen worldelite	
742B0F	Infinidat	
742B62	Fujitsu Limited	
742D0A	Norfolk Elektronik	
742E4F	Stienen	
742EC1	Dixon Electro	
742EDB	Perinet	
742EFC	DirectPacket Research	
742F68	AzureWave	
74309D	Infinix mobility limited	
7430AF	Fiberhome	
743170	Arcadyan	
743174	Apple	Phone
74317E	Ruckus Wireless	Router
743256	NT-ware Systemprg	
7432C2	Kyolis	
743336	IEEE Registration	
743357	vivo Mobile	Phone
7433A6	Shenzhen SuperElectron	
7433E9	zte	Phone
743400	MTG	
74342B	Huawei	Phone
743491	Shenzhen Kings IoT	
7434AE	this is engineering	Smart Home
74366D	Vodafone Italia S.p.A	
74372F	Tongfang Shenzhen	
74373B	UNINET	
74375F	Sercomm Philippines	
743822	Xiaomi	Phone
743889	ANNAX Anzeigesysteme	
7438B7	Canon	Camera
743989	Tp-Link	Router
743A20	New H3C	
743A65	NEC	
743AEF	Kaon	
743AF4	Intel Corporate	Computer
743C18	Taicang T&W	
743C24	Huawei	Phone
743CDE	Hewlett Packard	Computer
743E2B	Ruckus Wireless	Router
743E39	YUSUR	
743ECB	Gentrice	
743F8E	Apple	Phone
743FC2	Hangzhou Hikvision	Camera
7440BB	Hon Hai Precision Ind	
7440BE	LG Innotek	
744218	Apple	Phone
74427F	AVM Audiovisuelles	Automotive
74428B	Apple	Phone
744401	Netgear	Router
74452D	Huawei Device	Phone
74458A	Samsung	Phone
7445CE	Cresyn	
744687	Kingsignal	
7446A0	Hewlett Packard	Computer
7446B3	Texas Instruments	IoT
7449D2	New H3C	
744AA4	zte	Phone
744BE9	Explorer Hypertech	
744CA1	Liteon	
744D28	Routerboard.com	
744D6D	Huawei	Phone
744D79	Arrive	
744DBD	Espressif	IoT
744DDC	Sonim	
744F80	shenzhen Amos	
74504E	New H3C	
7450CD	Huawei	Phone
7451BA	Xiaomi	Phone
7452CE	Hengtai Intelligent	
745327	Commsen Co., Limited	
7453A8	ACL Airshop	
745427	Shenzhen Fast	
74546B	hangzhou zhiyi	
74547D	Cisco SPVTG	Router
745612	Commscope	
74563C	Giga-Byte	Computer
745798	TRUMPF Laser GmbH + Co	
745889	Multilaser Industrial	
7458F3	Amazon	
745909	Huawei	Phone
745933	Danal Entertainment	
745AAA	Huawei	Phone
745BC5	IEEE Registration	
745C4B	GN Audio A/S	Automotive
745C9F	TCT mobile	
745CFA	Shenzhen Shunrui Gaojie	
745D22	LCFC(Hefei)	
745D43	BSH Hausgeräte	
745D68	Fiberhome	
745E1C	Pioneer	
745EB4	Yokowo	
745F00	Samsung Semiconductor	
745F90	LAM	
745FAE	Tsl Ppl	
74604C	Rode	
7460FA	Huawei	Phone
74614B	Chongqing Huijiatong	
7461D1	GOIP Global Services Pvt	
7463C2	Huawei Device	Phone
7463DF	VTS	
74650C	Apple	Phone
7465D1	Atlinks	
746630	T:mi Ytti	
74675F	Compal	
7467F7	Extreme	Switch
746859	Sunitec Technology	
74694A	Sichuan Tianyi Comheart	
746A3A	Aperi	
746A84	Texas Instruments	IoT
746A89	Rezolt	
746A8F	VS Vision	
746AB3	MICIUS Laboratory	
746B82	Movek	
746BAB	Guangdong Enok	
746DFA	Samsung	Phone
746EE4	Asia Vital Components	
746F19	Icarvisions (Shenzhen)	
746F3D	Contec	
746F88	zte	Phone
746FF7	WNC	
747069	Huawei Device	Phone
7470FD	Intel Corporate	Computer
74718B	Apple	Phone
74721E	Edison	
7472B0	Guangzhou Shiyuan	
7472F2	Chipsip	
74731D	ifm electronic	
747336	MICRODIGTAL	
7473B4	Apple	Phone
7473E2	Hillstone	
747446	Google	
747548	Amazon	
7475DF	Teclink	
74761F	Microsoft	Computer
74765B	Quectel Wireless	
74767D	shenzhen kexint	
747786	Apple	Phone
747818	Jurumani Solutions	
747827	Dell	Computer
747847	Interdisciplinary	
7478A6	Fortinet	Router
7478DE	vivo Mobile	Phone
747A90	Murata Manufacturing	Smart Home
747B7A	ETH	
747D24	Phicomm (Shanghai)	
747DB6	Aliwei	
747E1A	Red Embedded Design	
747E2D	Beijing Thomson CITIC	
74803F	Renesas Electronics	
748114	Apple	Phone
74819A	PT. Hartono Istana	
7483A0	Shenzhen MiaoMing	
7483C2	Ubiquiti	Router
7483EF	Arista	Switch
748469	Nintendo	Gaming
7484E1	Dongguan Haoyuan	
74852A	Pegatron	
7485C4	New H3C	
74860B	Cisco	Router
748669	Guangdong Oppo Mobile	Phone
74866F	zte	Phone
74867A	Dell	Computer
7486E2	Dell	Computer
74872E	Huawei	Phone
7487A9	OCT	
7487BB	Ciena	
74882A	Huawei	Phone
74888B	ADB Broadband Italia	
7488A8	Bouffalo Lab (Nanjing)	
7488BB	Cisco	Router
748A0D	Commscope	
748A28	HMD Global Oy	
748A69	Korea Image	
748B23	Samsung	Phone
748B29	Micobiomed	
748B34	Shanghai Smart System	
748D08	Apple	Phone
748DAA	Huawei	Phone
748E08	Bestek	
748EF8	Brocade	Switch
748F1B	MasterImage 3D	
748F3C	Apple	Phone
748F4D	duagon Germany	
748FBF	Guangdong Oppo Mobile	Phone
748FC2	Cisco	Router
74901F	Ragile	
749050	Renesas	
7490BC	Arcadyan	
74911A	Ruckus Wireless	Router
7491BD	Four	
7492BA	Movesense	
7493A4	Zebra	Printer
7493DA	Askey Computer	
74943D	AgJunction	
749533	Westala	
749552	Xuzhou WIKA Electronics	
7495A7	Keyence	
7495EC	Alpsalpine Co,.Ltd	
749637	Todaair Electronic	
749779	Cloud Network	
749781	zte	Phone
74978E	Nova	
7498F4	Buffalo.Inc	Storage
749975	IBM	
749AC0	Cachengo	
749B89	Huawei	Phone
749BE8	Hitron	
749C52	Huizhou Desay SV	
749CE3	KodaCloud Canada	
749D79	Sercomm	
749D8F	Huawei	Phone
749DDC	2Wire	
749E75	Hewlett Packard	Computer
749EA5	Ohsung	
749EAF	Apple	Phone
749EF5	Samsung	Phone
74A02F	Cisco	Router
74A063	Huawei	Phone
74A235	IEEE Registration	
74A2E6	Cisco	Router
74A34A	Zimi	
74A4A7	QRS Music	
74A4B5	Powerleader Science and	
74A528	Huawei	Phone
74A57E	Panasonic Ecology	
74A58C	Texas Instruments	IoT
74A5C2	KYOCERA	Printer
74A6CD	Apple	Phone
74A722	LG Electronics (Mobile	Phone
74A78E	zte	Phone
74A7EA	Amazon	
74A981	Huawei	Phone
74AB93	Blink by Amazon	Camera
74AC5F	Qiku Internet Network	
74ACB9	Ubiquiti	Router
74AD45	Valeo Auto- Electric	
74AD98	Cisco	Router
74ADB7	China Mobile Group	
74ADCB	New H3C	
74AE76	iNovo Broadband	
74B00C	Network Video	
74B059	Motorola Mobility LLC,	Phone
74B3EA	Ek	
74B472	Ciesse	
74B57E	zte	Phone
74B587	Apple	Phone
74B6B6	eero	
74B725	Huawei Device	Phone
74B7B3	Shenzhen YOUHUA	
74B7E6	Zegna-Daidong Limited	
74B80F	Zipline	
74B839	Texas Instruments	IoT
74B8A8	Huawei	Phone
74B91E	Nanjing Bestway	
74B9EB	JinQianMao	
74BADB	Longconn	
74BBD3	Shenzhen xeme	
74BC6B	Intel Corporate	Computer
74BE08	ATEK Products	
74BEF3	Motorola Mobility LLC,	Phone
74BFA1	Hyunteck	
74BFB7	Nusoft	
74BFC0	Canon	Camera
74C14F	Huawei	Phone
74C17D	Infinix mobility limited	
74C17E	LG	Phone
74C246	Amazon	
74C330	Shenzhen Fast	
74C412	Microsoft	Computer
74C530	vivo Mobile	Phone
74C621	Zhejiang Hite Renewable	
74C63B	AzureWave	
74C64A	AGOS	
74C76E	Rtk-Technologies	
74C90F	Microchip	IoT
74C929	Zhejiang Dahua	Camera
74C99A	Ericsson AB	
74C9A3	Fiberhome	
74CA25	Calxeda	
74CA60	Sonos	Smart Home
74CBF3	Lava international	
74CC39	Fiberhome	
74CC40	Apple	Phone
74CD0C	Smith Myers	
74CE56	Packet Force Technology	
74CF00	Shenzhen SuperElectron	
74D02B	ASUSTek COMPUTER	Computer
74D082	Hisense Visual	TV
74D0DC	Ericsson AB	
74D21D	Huawei	Phone
74D285	Texas Instruments	IoT
74D423	Amazon	
74D435	Giga-Byte	Computer
74D4DD	Quanta Computer	Server
74D558	Guangdong Oppo Mobile	Phone
74D59C	fluidiQ by Magnalytix	
74D5B8	Infraeo	
74D5C6	Microchip	IoT
74D5E8	Apple	Phone
74D637	Amazon	
74D654	Gint	
74D675	WYMA Tecnologia	
74D6CB	New H3C	
74D6E5	Huawei Device	Phone
74D6EA	Texas Instruments	IoT
74D713	Huaqin	
74D7CA	Panasonic Automotive	
74D809	Microsoft	Computer
74D83E	Intel Corporate	Computer
74D850	Evrisko	
74D873	Guangdong Genius	
74D9EB	Petabit Scale	
74DA38	Edimax	
74DA78	HP	Computer
74DA88	Tp-Link	Router
74DADA	D-Link	Router
74DAEA	Texas Instruments	IoT
74DBD1	Ebay	
74DC13	Telink Micro	
74DDCB	China Leadshine	
74DDF0	Shen Zhen Tenda	
74DE2B	Liteon	
74DFBF	Liteon	
74E06E	Ergophone	
74E147	Guangdong Oppo Mobile	Phone
74E14A	IEEE Registration	
74E182	Texas Instruments	IoT
74E19A	Fiberhome	
74E1B6	Apple	Phone
74E20C	Amazon	
74E277	Vizmonet	
74E28C	Microsoft	Computer
74E2E7	Cisco	Router
74E2F5	Apple	Phone
74E336	Fujian Star-Net	
74E424	Apiste	
74E50B	Intel Corporate	Computer
74E537	Radspin	
74E543	Liteon	
74E5F9	Intel Corporate	Computer
74E60F	Tecno Mobile Limited	
74E665	Dynabook Technology	
74E6B8	LG	Phone
74E6C7	LUXSHARE-ICT	
74E6E2	Dell	Computer
74E798	Juniper	Router
74E7C6	Commscope	
74E987	Apple	Phone
74E9BF	Huawei	Phone
74E9D8	Shanghai High-Flying	
74EA3A	Tp-Link	Router
74EAC8	New H3C	
74EACB	New H3C	
74EAE8	Commscope	
74EB80	Samsung	Phone
74EC42	Fiberhome	
74ECB2	Amazon	
74ECF1	Acumen	
74EE2A	Shenzhen Bilian	
74EE8D	Apollo Intelligent	
74EF4B	Guangdong Oppo Mobile	Phone
74F06D	AzureWave	
74F07D	BnCOM	
74F102	Beijing HCHCOM	
74F2FA	Xiaomi	Phone
74F413	Maxwell Forest	
74F441	Samsung	Phone
74F612	Commscope	
74F61C	HTC	
74F661	Schneider Electric Fire	Industrial
74F67A	Samsung	Phone
74F714	Lushare Precision	
74F726	Neuron Robotics	
74F737	Kce	
74F7F6	Shanghai Sunmi	
74F85D	Berkeley Nucleonics	
74F8DB	IEEE Registration	
74F90F	Huawei	Phone
74F91A	Onface	
74F92C	Ubiquiti	Router
74F9CA	Nintendo	Gaming
74FA29	Ubiquiti	Router
74FB17	Qingdao Goertek	
74FC45	Siemens	Industrial
74FC77	Huawei	Phone
74FDA0	Compupal (Group)	
74FE48	Advantech	Industrial
74FECE	TP-Link	Router
74FF4C	Skyworth Digital	
74FF7D	Wren Sound	
78009E	Samsung	Phone
7800A8	Pt Han Sung	
78028B	Apple	Phone
78028F	Adaptive Spectrum and	Automotive
7802B1	Cisco	Router
7802B7	ShenZhen Ultra Easy	
7802F8	Xiaomi	Phone
78034F	Nokia	
780473	Texas Instruments	IoT
78047A	Edge	
7804E3	Huawei Device	Phone
780541	Queclink Wireless	
78055F	Shenzhen WYC	
78058C	mMax	
7806C9	Huawei Device	Phone
78071C	Green Energy Options	
780738	Z.U.K. Elzab	
78078F	Huawei	Phone
78084D	Huawei	Phone
780A57	Shanghai Lightningsemi	
780AC7	Baofeng TV	TV
780B8C	Private	
780C26	Trafag	
780C48	Hong Kong Yihao	
780C71	Inseego Wireless	
780CB8	Intel Corporate	Computer
780CF0	Cisco	Router
780ED1	TRUMPF	
780F77	HangZhou Gubei	
780F81	Cisco Meraki	Router
781053	China Mobile Group	
781100	Quantumsolution	
781185	NBS Payment Solutions	
78119D	Cisco	Router
7811DC	XIAOMI	Phone
78123E	Tecno Mobile Limited	
7812B8	Orantek Limited	
781305	IEEE Registration	
7813E0	Fujian Star-Net	
78152D	Union Chip Technology	
781699	Huawei	Phone
781735	Nokia Shanghai Bell	
7817BE	Huawei	Phone
781881	AzureWave	
7818A8	Huawei Device	Phone
7818EC	Fortinet	Router
78192E	NASCENT	
7819F7	Juniper	Router
781C1E	Chongqing Yipingfang	
781C3C	Espressif	IoT
781C5A	SHARP	TV
781C9D	Silicon Laboratories	
781D4A	zte	Phone
781DBA	Huawei	Phone
781DFD	Jabil	
781EB8	Shenzhen iComm	
781F11	RAB Lighting	
781F7C	Nokia	
781FDB	Samsung	Phone
78202E	Skychers Creations	
782051	TP-Link	Router
782079	ID	
7820A5	Nintendo	Gaming
7820BD	Polysense (Beijing)	
782184	Espressif	IoT
78223D	Affirmed	
782288	Shenzhen Bilian	
782327	Samsung	Phone
7823AE	Commscope	
782459	Alcatel-Lucent	VoIP
7824AF	ASUSTek COMPUTER	Computer
7824BE	Cisco	Router
782544	Omnima Limited	
78257A	LEO Innovation	
782599	Huawei Device	Phone
7825AD	Samsung	Phone
7826A6	zte	Phone
7828CA	Sonos	Smart Home
7829AD	Ningbo Qixiang	
7829ED	Askey Computer	
782A79	Integrated Device	
782AF8	Iethcom Information	
782B46	Intel Corporate	Computer
782B60	Huawei Device	Phone
782B64	Bose	Audio
782BCB	Dell	Computer
782C29	New H3C	
782D7E	TRENDnet	
782DAD	Huawei	Phone
782E03	Guangdong Genius	
782E56	China Mobile Group	
782EEF	Nokia	
782F02	Honor Device	Phone
782F17	Xlab	
78303B	Stephen Technologies	
78305D	zte	Phone
7830E1	UltraClenz	
7830F5	TBT	
78312B	zte	Phone
7831C1	Apple	Phone
7831C4	Panascais ehf	
78321B	D-Link	Router
78324F	Millennium	
7833C6	Samsung	Phone
783409	Huawei	Phone
783486	Nokia	
7834B4	Huawei	Phone
7834FD	vivo Mobile	Phone
7835A0	Zurn	
783607	Cermate	
783690	Yulong Computer	
7836CC	Guangdong Oppo Mobile	Phone
783716	Samsung	Phone
78392D	IEEE Registration	
783A6C	Tecno Mobile Limited	
783A84	Apple	Phone
783CE3	Kai-EE	
783D5B	TELNET Redes	
783E53	Sky Uk Limited	
783EA1	Nokia Shanghai Bell	
783F15	EasySYNC	
783F4D	Apple	Phone
7840E4	Samsung	Phone
78421C	Espressif	IoT
784405	FUJITU(HONG KONG)	
78444A	Shenzhen Aiwinn	
784476	Zioncom Electronics	
7844FD	Tp-Link	Router
784501	Biamp	
784558	Ubiquiti	Router
784561	CyberTAN	
7845B3	Huawei Device	Phone
7845C4	Dell	Computer
7845DC	Huawei	Phone
78465C	Cloud Network	
78465F	Fiberhome	
78467D	SKAIChips	
7846C4	Daehap Hyper-Tech	
7846D4	Samsung	Phone
78471D	Samsung	Phone
7847E3	Sichuan Tianyi Comheart	
78482C	Start Usa	
784859	Hewlett Packard	Computer
7848FC	System Loco	
78491D	The Will-Burt	
784946	Cambridge Mobile	
7849D7	Samsung	Phone
784B08	f.robotics acquisitions	
784B87	Murata Manufacturing	Smart Home
784F24	Taicang T&W	
784F43	Apple	Phone
784F9B	Juniper	Router
785005	MOKO	
78507C	Juniper	Router
78510C	LiveU	
78521A	Samsung	Phone
785237	zte	Phone
785249	Loxone	
78524A	Optonic	
785262	Shenzhen Hojy Software	
78530D	Shenzhen Skyworth	
785333	Beijing Xiaomi	Phone
785364	SHIFT	
7853F2	Roxton	
78542E	D-Link	Router
785517	SankyuElectronics	
785536	shenzhen AZW	
785712	Mobile Integration	
785773	Huawei	Phone
7857B0	Gertec Brasil Ltda	
785844	Hangzhou Sciener Smart	
785860	Huawei	Phone
7858F3	Vachen	
78593E	RAFI GmbH & Co.KG	
78595E	Samsung	Phone
785968	Hon Hai Precision Ind	
785994	Alif Semiconductor	
785B64	Huawei Device	Phone
785C28	Prime Motion	
785C5E	Huawei	Phone
785C72	Hioso	
785DC8	LG	Phone
785EA2	Sunitec Enterprise	
785ECC	Apple	Phone
785EE8	IEEE Registration	
785F28	EM Microelectronic	
785F36	Shenzhen Skyworth	
785F4C	Argox Information	
785F6C	Arista	Switch
785FA4	Ciena	
78605B	Tp-Link	Router
786089	Samsung	Phone
78617C	Mitsumi Electric	Appliance
786256	Huawei	Phone
786299	BITSTREAM sp. z o.o	
7864A0	Cisco	Router
7864C0	Apple	Phone
7864E6	Green Motive Technology	
7864F0	Beijing Soynetic	
78653B	Shaoxing Ourten	
786559	Sagemcom Broadband SAS	Storage
78669D	Hui Zhou Gaoshengda	
7866A5	Chipsea Technologies	
7866AE	ZTEC Instruments	Phone
7866D7	Genstoraige	
7866F3	shenzhen worldelite	
78670E	WNC	
7867D7	Apple	Phone
786829	eero	
7868F7	YSTen	
7869D4	Shenyang Vibrotech	
786A1F	Commscope	
786A89	Huawei	Phone
786BA5	Changchun Jetty	
786C1C	Apple	Phone
786C84	Amazon	
786CAB	Guangdong Oppo Mobile	Phone
786D94	Palo Alto	Router
786DEB	GE Lighting	
787052	Welotec	
787104	Sichuan Tianyi Comheart	
78719C	Commscope	
78725D	Cisco	Router
787264	IEEE Registration	
787462	Intel Corporate	Computer
78753E	Apple	Phone
787689	eero	
7876D9	EXARA	
787826	Huawei	Phone
787835	IEEE Registration	
787871	Texas Instruments	IoT
787984	Apple	Phone
787A6F	Juice	
787B8A	Apple	Phone
787D48	Itel Mobile Limited	
787D53	Extreme	Switch
787DF3	Sterlite Technologies	
787E42	zte	Phone
787E61	Apple	Phone
787F62	GiK mbH	
788038	Funai Electric	
788102	Sercomm	
78818C	Nintendo	Gaming
78818F	Server Racks Australia	
7881CE	China Mobile Iot Limited	
788371	Huawei	Phone
78843C	Sony	
7884EE	Indra Espacio	
788517	Cisco	Router
7885F4	Huawei Device	Phone
78862E	Microsoft	Computer
7886B6	Shenzhen YOUHUA	
78870D	Unifiedgateways India	Access Point
78886D	Apple	Phone
78888A	CDR Sp. z o.o. Sp. k	
788973	Cmc	
788A20	Ubiquiti	Router
788A86	China Dragon Technology	
788AFB	Hanshow	
788B2A	Zhen Shi Information	
788B77	Standar Telecom	
788C4D	Indyme Solutions	
788C54	Ping Communication	
788C77	Lexmark	Printer
788CB5	TP-Link	Router
788DAF	Sagemcom Broadband SAS	Storage
788DF7	Hitron	
788E33	Jiangsu SEUIC	
788E45	Jizaie	
7890A2	zte	Phone
7891DE	Guangdong ACIGA	
7891E9	Raisecom	
78923E	Nokia	
78929C	Intel Corporate	Computer
7893C3	Hui Zhou Gaoshengda	
7894B4	Sercomm	
7894E8	Radio Bridge	
7895EB	Itel Mobile Limited	
78960D	Apple	Phone
78966E	Huawei Device	Phone
789682	zte	Phone
789684	Commscope	
7896A3	Extreme	Switch
7897C3	Dingxin Information	
7898E8	D-Link	Router
7898FD	Q9	
789912	Flyingvoice (HongKong)	
78995C	Nationz	Phone
789966	Musilab Electronics	
789987	Xiaomi	Phone
78998F	Mediline Italia	
789A18	Routerboard.com	
789C85	August Home	
789CE7	Shenzhen Aikede	
789ED0	Samsung	Phone
789F38	Shenzhen Feasycom	
789F4C	HOERBIGER Elektronik	
789F6A	Ruckus Wireless	Router
789F70	Apple	Phone
789F87	Siemens AG I IA PP PRM	Industrial
789FAA	Huawei Device	Phone
78A03F	Amazon	
78A051	iiNet	
78A106	Tp-Link	Router
78A13E	New H3C	
78A183	Advidia	
78A1D8	ShenzhenEnjoyTechnologyC	
78A2A0	Nintendo	Gaming
78A351	Shenzhen Zhibotong	
78A3E4	Apple	Phone
78A4BA	Marquardt India Pvt	
78A504	Texas Instruments	IoT
78A5DD	Shenzhen Smarteye	
78A683	Precidata	
78A6A0	Hangzhou Ezviz Software	
78A6BD	DAEYEON	
78A6E1	Brocade	Switch
78A714	Amphenol	
78A7C7	Apple	Phone
78A7EB	1More	
78A873	Samsung	Phone
78AA82	New H3C	
78AB60	ABB Australia	Industrial
78ABBB	Samsung	Phone
78AC44	Dell	Computer
78ACBF	Igneous	
78ACC0	Hewlett Packard	Computer
78AE0C	Far South	
78AF08	Intel Corporate	Computer
78AF58	Gimasi	
78AFB8	Shenzhen SDMC	
78AFE4	Comau S.p.A	
78B213	DWnet	
78B28D	Beijing Tengling	
78B39F	Sernet (Suzhou)	
78B3B9	ShangHai sunup lighting	
78B3CE	Elo touch solutions	
78B46A	Huawei	Phone
78B554	Huawei Device	Phone
78B5D2	Ever Treasure	
78B5F2	Huawei	Phone
78B6C1	AOBO Telecom	
78B6EC	Scuf Gaming	
78B6FE	Samsung	Phone
78B81A	Inter Sales A/S	
78B84B	Sichuan Tianyi Comheart	
78B8D6	Zebra	Printer
78BAD0	Shinybow	
78BAF9	Cisco	Router
78BB5C	Nokia Solutions and	
78BB88	Maxio Technology	
78BBC1	Servercom (India)	
78BC1A	Cisco	Router
78BDBC	Samsung	Phone
78BE81	FN-LINK	
78BEB6	Enhanced Vision	
78BEBD	STULZ	
78C11D	Samsung	Phone
78C1A7	zte	Phone
78C1AE	Hangzhou Ezviz Software	
78C213	Sagemcom Broadband SAS	Storage
78C2C0	IEEE Registration	
78C313	China Mobile Group	
78C3E9	Samsung	Phone
78C40E	H&D Wireless	
78C4AB	Shenzhen Runsil	
78C4FA	Meta Platforms	
78C57D	Zyxel	Router
78C5E5	Texas Instruments	IoT
78C5F8	Huawei Device	Phone
78C62B	Fujian Star-Net	
78C6BB	Analog Devices	
78C881	Sony Interactive	Gaming
78C884	Huawei Device	Phone
78C95E	Midmark RTLS	
78CA04	Nokia	
78CA39	Apple	Phone
78CA5E	Elno	
78CA83	IEEE Registration	
78CB2C	Join Digital	
78CB33	DHC Software	
78CB68	Daehap Hyper-Tech	
78CC2B	Sinewy	
78CD55	Texas Instruments	IoT
78CD8E	SMC	
78CEA5	Vital link vietnam	
78CF2F	Huawei	Phone
78CFF9	Huawei Device	Phone
78D004	Neousys	
78D129	Vicos	
78D162	Apple	Phone
78D294	Netgear	Router
78D347	Ericsson AB	
78D34F	Pace-O-Matic	
78D366	GuangZhou Dazzleview	
78D38D	Hongkong Yunlink	
78D3ED	Norma	
78D4F1	IEEE Registration	
78D5B5	Navielektro Ky	
78D66F	Aristocrat Technologies	
78D6B2	Toshiba	
78D6D6	eero	
78D6DC	Motorola (Wuhan)	Phone
78D6F0	Samsung Electro	Phone
78D71A	Ciena	
78D752	Huawei	Phone
78D75F	Apple	Phone
78D800	IEEE Registration	
78D840	Xiaomi	Phone
78D99F	NuCom HK	
78D9E9	Momentum Iot	
78DA07	Zhejiang Tmall	
78DA6E	Cisco	Router
78DAA2	Cynosure	
78DAAF	Huawei	Phone
78DAB3	GBO	
78DB2F	Texas Instruments	IoT
78DC87	Huawei	Phone
78DD08	Hon Hai Precision Ind	
78DD12	Arcadyan	
78DD33	Huawei	Phone
78DDD6	c-scape	
78DDD9	Guangzhou Shiyuan	
78DEE4	Texas Instruments	IoT
78DF72	Shanghai Imilab	
78E0C5	Samsung	Phone
78E103	Amazon	
78E167	Launch	
78E22C	Huawei Device	Phone
78E2BD	Vodafone Automotive	
78E36D	Espressif	IoT
78E3B5	Hewlett Packard	Computer
78E3DE	Apple	Phone
78E400	Hon Hai Precision Ind	
78E61C	Honor Device	Phone
78E7D1	Hewlett Packard	Computer
78E8B6	zte	Phone
78E980	RainUs	
78E996	IEEE Registration	
78E9CF	Tellescom Industria E	
78EB14	Shenzhen Fast	
78EB39	Instituto Nacional de	
78EB46	Huawei	Phone
78EC22	Shanghai Qihui Telecom	
78EC74	Kyland-USA	
78ECB5	Ruijie	
78ED25	New H3C	
78EDBC	OnePlus Technology	Phone
78EE4C	Espressif	IoT
78EF4C	Unetconvergence	
78F09B	Huawei Device	Phone
78F1C6	Cisco	Router
78F235	Sichuan AI-Link	
78F238	Samsung	Phone
78F276	Cyklop Fastjet	
78F29E	Pegatron	
78F505	Murata Manufacturing	Smart Home
78F557	Huawei	Phone
78F5E5	BEGA	
78F5FD	Huawei	Phone
78F7A3	Opentext	
78F7BE	Samsung	Phone
78F7D0	Silverbrook Research	
78F882	LG Electronics (Mobile	Phone
78F8B8	Rako Controls	
78F944	Private	
78F9B4	Nokia Solutions and	
78FBD8	Apple	Phone
78FC14	Family Zone Cyber Safety	
78FD94	Apple	Phone
78FDF1	Shenzhen Huadian	
78FE3D	Juniper	Router
78FE41	Socus	
78FEE2	Shanghai Diveo	
78FF57	Intel Corporate	Computer
78FFCA	Tecno Mobile Limited	
7A15EC	Yatomi	Smart Home
7A35EA	SHARP	TV
7A384E	PROFIBUS	
7A3F8C	Seagate Technology	Storage
7A4BA4	Innostor	
7A4BF3	Dilon	
7A4D2F	Open Compute Project	
7A84F0	McDowell Signal	
7A8DD1	TePS'EG	
7AAB77	Orange	
7AB230	European	
7AF955	Relay	
7AFD44	Rosenberger	Phone
7C004D	Huawei	Phone
7C010A	Texas Instruments	IoT
7C013E	Gsd Viet Nam Technology	
7C0187	Curtis Instruments	
7C0191	Apple	Phone
7C02BC	Hansung	
7C034C	Sagemcom Broadband SAS	Storage
7C035E	Xiaomi	Phone
7C03AB	Xiaomi	Phone
7C03C9	Shenzhen YOUHUA	
7C03D8	Sagemcom Broadband SAS	Storage
7C04D0	Apple	Phone
7C0507	Pegatron	
7C051E	Rafael	
7C0623	Ultra Electronics Sonar	
7C08D9	Shanghai B-Star	
7C092B	Bekey A/S	
7C0A3F	Samsung	Phone
7C0A50	J-MEX	
7C0BC6	Samsung	Phone
7C0C5F	Espressif	IoT
7C0C92	Suzhou Mobydata Smart	
7C0CF6	Guangdong Huiwei	
7C0CFA	Huawei	Phone
7C0ECE	Cisco	Router
7C1015	Brilliant Home	
7C10C9	ASUSTek COMPUTER	Computer
7C11BE	Apple	Phone
7C11CB	Huawei	Phone
7C11CD	QianTang	
7C131D	Sernet (Suzhou)	
7C1476	Damall Technologies SAS	
7C152D	Renesas Electronics	
7C160D	Saia-Burgess Controls	
7C162A	Huawei Device	Phone
7C1689	Sagemcom Broadband SAS	Storage
7C1779	EM Microelectronic	
7C18CD	E-TRON	
7C19E3	Google	
7C1A03	8Locations	
7C1AC0	Huawei	Phone
7C1AFC	Dalian Co-Edifice Video	
7C1B93	Huawei Device	Phone
7C1C4E	LG Innotek	
7C1C68	Samsung	Phone
7C1CF1	Huawei	Phone
7C1DD9	Xiaomi	Phone
7C1E06	New H3C	
7C1E4A	Fortune Marketing	
7C1E52	Microsoft	
7C1EB3	2N TELEKOMUNIKACE a.s	
7C2048	KoamTac	
7C2064	Alcatel-Lucent IPD	VoIP
7C210D	Cisco	Router
7C210E	Cisco	Router
7C214A	Intel Corporate	Computer
7C21D8	Shenzhen Think Will	
7C2302	Samsung	Phone
7C240C	Telechips	
7C246A	Scita Solutions	
7C2499	Apple	Phone
7C2586	Juniper	Router
7C2587	chaowifi.com	
7C25DA	Fn-Link Technology	
7C2634	Commscope	
7C2664	Sagemcom Broadband SAS	Storage
7C273C	Shenzhen Yunlink	
7C27BC	Hui Zhou Gaoshengda	
7C296F	Apple	Phone
7C2A31	Intel Corporate	Computer
7C2ACA	Apple	Phone
7C2ADB	Xiaomi	Phone
7C2BE1	Shenzhen Ferex	
7C2C67	Espressif	IoT
7C2CF3	Secure Electrans	
7C2E0D	Blackmagic Design	
7C2EBD	Google	
7C2EDD	Samsung	Phone
7C2F80	Gigaset	
7C310E	Cisco	Router
7C3180	SMK	
7C31FA	Silicon Laboratories	
7C336E	MEG	
7C33F9	Huawei	Phone
7C3548	Transcend Information	
7C35F8	Zhejiang Tmall	
7C3626	Huawei	Phone
7C3866	Texas Instruments	IoT
7C386C	Real Time Logic	
7C38AD	Samsung	Phone
7C3920	Ssoma Security	
7C3953	zte	Phone
7C3985	Huawei	Phone
7C3B2D	Apple	Phone
7C3BD5	Imago	
7C3CB6	Shenzhen Homecare	
7C3D2B	Huawei Device	Phone
7C3E74	Huawei Device	Phone
7C3E82	Bouffalo Lab (Nanjing)	
7C3E9D	Patech	
7C41A2	Nokia	
7C438F	E-Band	
7C444C	Entertainment	
7C45D0	Shenzhen Wewins Wireless	
7C45F9	IEEE Registration	
7C4685	Motorola (Wuhan)	Phone
7C477C	IEEE Registration	
7C48B2	Vida Resources Lte	
7C49B9	Plexus Manufacturing	Smart Home
7C49CF	eero	
7C49EB	XIAOMI	Phone
7C4A82	Portsmith	
7C4AA8	MindTree Wireless PVT	
7C4B26	Apple	Phone
7C4B78	Red Sun Synthesis	
7C4C58	Scale Computing	
7C4CA5	Sky Uk Limited	
7C4D4A	Zhiyue	
7C4D8F	HP	Computer
7C4E09	Shenzhen Skyworth	
7C4F7D	Sawwave	
7C4FAD	Espressif	IoT
7C4FB5	Arcadyan	
7C4FCD	Apple	Phone
7C5049	Apple	Phone
7C5079	Intel Corporate	Computer
7C50DA	E.J Ward	
7C5184	Unis Flash Memory	
7C5189	SG Wireless Limited	
7C5259	Sichuan Jiuzhou	
7C534A	Metamako	
7C55A7	Kastle	
7C55E7	YSI	
7C573C	Hewlett Packard	Computer
7C574E	COBI	
7C5758	HP	Computer
7C59B1	Apple	Phone
7C5A1C	Sophos	
7C5A67	JNC	
7C5C8D	EM Microelectronic	
7C5CF8	Intel Corporate	Computer
7C5E98	eero	
7C604A	Avelon	
7C6097	Huawei	Phone
7C60DB	zte	Phone
7C6130	Apple	Phone
7C6166	Amazon	
7C6193	HTC	
7C62E7	Cisco	Router
7C6305	Amazon	
7C6456	Samsung	Phone
7C646C	LG	Phone
7C669A	Huawei	Phone
7C669D	Texas Instruments	IoT
7C66EF	Hon Hai Precision IND.CO	
7C67A2	Intel Corporate	Computer
7C67AB	Roku	TV
7C68B9	Huawei Device	Phone
7C692B	Huawei	Phone
7C696B	Atmosic	
7C69F6	Cisco	Router
7C6A60	China Mobile Group	
7C6A8A	SINOBONDER	
7C6AB3	Ibc	
7C6AC3	GatesAir	
7C6AD7	New H3C	
7C6ADB	SafeTone	
7C6AF3	Integrated Device	
7C6B33	Tenyu	
7C6B52	Tigaro Wireless	
7C6B9C	Guangdong Oppo Mobile	Phone
7C6BF7	NTI	
7C6C39	Pixsys	
7C6C8F	Ams Neve	
7C6CE1	Shenzhen Honesty	Smart Home
7C6CF0	Shenzhen TINNO Mobile	
7C6D12	Microsoft	Computer
7C6D62	Apple	Phone
7C6DA6	Superwave	
7C6DF8	Apple	Phone
7C6E47	Huizhou Guangshijia	
7C6F06	Caterpillar Trimble	
7C6FF8	ShenZhen ACTO Digital	
7C70BC	IEEE Registration	
7C70DB	Intel Corporate	Computer
7C7176	Wuxi iData	
7C726E	Ericsson AB	
7C72E4	Unikey	
7C72E7	Texas Instruments	IoT
7C738B	Cocoon Alarm	
7C7398	Espressif	IoT
7C73EB	Huawei Device	Phone
7C752D	Samsung	Phone
7C7630	Shenzhen YOUHUA	
7C7635	Intel Corporate	Computer
7C7668	Huawei	Phone
7C7673	ENMAS	
7C7716	Zyxel	Router
7C787E	Samsung	Phone
7C78B2	Wyze	Camera
7C79E8	PayRange	
7C7A3C	New H3C	
7C7A53	Phytrex	
7C7A91	Intel Corporate	Computer
7C7B1C	Motorola Mobility LLC,	Phone
7C7B68	Vietnam Post And	
7C7B8B	Control Concepts	
7C7BBF	Samsung	Phone
7C7BE4	Z'Sedai Kenkyusho	
7C7D21	zte	Phone
7C7D3D	Huawei	Phone
7C7D41	Jinmuyu	
7C7EF9	eero	
7C822D	Nortec	
7C8274	Shenzhen Hikeen	
7C8306	Glen Dimplex Nordic as	Media Player
7C8334	IEEE Registration	
7C8437	China Post	
7C852F	Huawei Device	Phone
7C8530	Nokia	
7C8767	Cisco	Router
7C87CE	Espressif	IoT
7C8899	FN-LINK	
7C8931	Huawei Device	Phone
7C8956	Samsung	Phone
7C89C1	Palo Alto	Router
7C8A3C	Qingdao	
7C8AE1	Compal Information	
7C8BB5	Samsung	Phone
7C8BC1	Infinix mobility limited	
7C8BCA	Tp-Link	Router
7C8C09	Mellanox	Switch
7C8D91	Shanghai Hongzhuo	
7C8D9C	Edgecore Americas	
7C8EE4	Texas Instruments	IoT
7C8FDE	DWnet	
7C90E9	Guangdong Oppo Mobile	Phone
7C9122	Samsung	Phone
7C942A	Huawei	Phone
7C949F	Shenzhen iComm	
7C94B2	Philips Healthcare PCCI	Medical
7C95B1	Extreme	Switch
7C95F3	Cisco	Router
7C96D2	Fihonest communication	Smart Home
7C9763	Openmatics s.r.o	
7C97E1	Huawei Device	Phone
7C9824	Sagemcom Broadband SAS	Storage
7C992E	Shanghai Notion	
7C9946	Sector Alarm Tech S.L	
7C9A1D	Apple	Phone
7C9A54	Vantiva USA	
7C9A9B	VSE valencia smart	
7C9EBD	Espressif	IoT
7C9F07	Cig Shanghai	
7CA05E	Motorola Mobility LLC,	Phone
7CA15D	GN ReSound A/S	
7CA177	Huawei	Phone
7CA1AE	Apple	Phone
7CA236	Verizon Connect	
7CA237	King Slide	
7CA23E	Huawei	Phone
7CA29B	D.SignT GmbH & Co	
7CA449	Xiaomi	Phone
7CA4F7	Extreme	Switch
7CA53E	Motorola Mobility LLC,	Phone
7CA58F	shenzhen Qikai	
7CA61D	Mhl	
7CA62A	Hewlett Packard	Computer
7CA7B0	Shenzhen Bilian	
7CA85D	Rongcheeng Goer	
7CA8EC	Hewlett Packard	Computer
7CA909	Hui Zhou Gaoshengda	
7CA96B	Syrotech	
7CA97D	Objenious	
7CAADE	AltoBeam	
7CAB25	Mesmo	
7CAB60	Apple	Phone
7CACB2	Bosch Software	
7CAD4F	Cisco	Router
7CAD74	Cisco	Router
7CAF77	Nokia	
7CB03E	Inventronics	
7CB073	Realme Chongqing Mobile	Phone
7CB0C2	Intel Corporate	Computer
7CB15D	Huawei	Phone
7CB177	Satelco	
7CB21B	Cisco SPVTG	Router
7CB232	Hui Zhou Gaoshengda	
7CB25C	Acacia	
7CB27D	Intel Corporate	Computer
7CB30A	zte	Phone
7CB353	Cisco	Router
7CB37B	Qingdao	
7CB40F	Fibocom Wireless	
7CB542	ACES	
7CB566	Intel Corporate	Computer
7CB59B	Tp-Link	Router
7CB59F	Huawei	Phone
7CB68D	Mist	Access Point
7CB733	Askey Computer	
7CB77B	Paradigm	
7CB8DA	Murata Manufacturing	Smart Home
7CB8E6	Gree Electric	
7CB94C	Bouffalo Lab (Nanjing)	
7CB960	Shanghai X-Cheng telecom	
7CBAC0	EVBox	
7CBAC6	Solar Manager	
7CBACC	IEEE Registration	
7CBB6F	Cosco	
7CBB8A	Nintendo	Gaming
7CBC84	IEEE Registration	
7CBD06	AE REFUsol	
7CBECE	Private	
7CBF77	Speedtech	
7CBF88	Mobilicom	
7CBFAE	Renesas Electronics	
7CBFB1	Commscope	
7CC025	Palo Alto	Router
7CC06F	Apple	Phone
7CC0AA	Microsoft	Computer
7CC177	Ingram Micro Services	
7CC178	Ericsson AB	
7CC180	Apple	Phone
7CC225	Samsung	Phone
7CC255	Super Micro Computer	Server
7CC294	Beijing Xiaomi Mobile	Phone
7CC2C6	TP-Link	Router
7CC385	Huawei	Phone
7CC3A1	Apple	Phone
7CC4EF	Devialet	
7CC518	vivo Mobile	Phone
7CC537	Apple	Phone
7CC6B6	Silicon Laboratories	
7CC6C4	Kolff Computer Supplies	
7CC709	Shenzhen Rf-Link	
7CC74A	Fiberhome	
7CC77E	Fiberhome	
7CC790	Palo Alto	Router
7CC882	Huawei	Phone
7CC8AB	Acro Associates	
7CC8D0	Tianjin Yaan	
7CC8D7	Damalisk	
7CC8DF	Apple	Phone
7CC926	Wuhan GreeNet	
7CC95A	Dell EMC	Computer
7CC95E	Dongguan Liesheng	
7CCB0D	Antaira	
7CCBE2	IEEE Registration	
7CCC1F	Sichuan Tianyi Comheart	
7CCCB8	Intel Corporate	Computer
7CCCFC	Quectel Wireless	
7CCD11	MS-Magnet	
7CCD3C	Guangzhou Juzing	
7CCF0F	LCFC(Hefei)	
7CCF4E	Fine Triumph	
7CCFCF	Shanghai SEARI	
7CD1AD	Apple	Phone
7CD1C3	Apple	Phone
7CD2DA	Apple	Phone
7CD30A	Inventec	
7CD3E5	Huawei	Phone
7CD44D	Shanghai Moorewatt	
7CD4A8	Sagemcom Broadband SAS	Storage
7CD544	Espressif	IoT
7CD566	Amazon	
7CD62C	Apple	Phone
7CD661	Xiaomi	Phone
7CD762	Freestyle	
7CD844	Enmotus	
7CD95C	Google	
7CD9A0	Huawei	Phone
7CD9F4	UAB "Teltonika	
7CD9FE	New Cosmos Electric	
7CDA84	Dongnian	
7CDAC3	Sichuan Tianyi Comheart	
7CDB98	Askey Computer	
7CDC73	Huawei	Phone
7CDCCC	Beijing Starblaze	
7CDD11	Chongqing MAS	
7CDD20	IOXOS	
7CDD76	Suzhou Hanming	
7CDD90	Shenzhen Ogemray	
7CDDE9	ATOM	
7CDE78	New H3C	
7CDFA1	Espressif	IoT
7CE044	NEON	
7CE152	The Goodyear Tire &	
7CE1FF	Computer Performance,	
7CE269	Texas Instruments	IoT
7CE2CA	Juniper	Router
7CE4A1	IEEE Registration	
7CE4AA	Private	
7CE524	Quirky	
7CE53F	Huawei	Phone
7CE56B	ESEN Optoelectronics	
7CE712	Quectel Wireless	
7CE87F	Sagemcom Broadband SAS	Storage
7CE8B1	Espressif	IoT
7CE913	Fantasia Trading	
7CE97C	Itel Mobile Limited	
7CE9D3	Hon Hai Precision Ind	
7CEB7F	Dmet Products	
7CEBAE	Ridgeline Instruments	
7CEBEA	Asct	
7CEC79	Texas Instruments	IoT
7CEC9B	Fuzhou Teraway	
7CECB1	Apple	Phone
7CED8D	Microsoft	
7CEDC6	Amazon	
7CEE7B	Logically Us	
7CEF18	Creative Product Design	
7CEF40	Nextorage	
7CEF61	STR Elektronik Josef	
7CEF8A	Inhon	
7CF05F	Apple	Phone
7CF098	Bee Beans	
7CF0BA	Linkwell Telesystems Pvt	
7CF0E5	OnePlus Technology	Phone
7CF17E	TP-Link	Router
7CF2DD	Vence	
7CF31B	LG Electronics (Mobile	Phone
7CF34D	Apple	Phone
7CF429	NUUO	
7CF462	Beijing Huawoo	
7CF666	Tuya Smart	Smart Home
7CF854	Samsung	Phone
7CF880	Cisco	Router
7CF90E	Samsung	Phone
7CF95C	U.I. Lapp	
7CF9A0	Fiberhome	
7CFA80	JiangSu Fulian	
7CFAD6	Realme Chongqing Mobile	Phone
7CFADF	Apple	Phone
7CFC16	Apple	Phone
7CFC3C	Visteon	
7CFCFD	Fiberhome	
7CFD6B	Xiaomi	Phone
7CFD82	Guangdong Genius	
7CFE28	Salutron	
7CFE4E	Shenzhen Safe vision	
7CFE62	ShenZhen XinZhongXin	
7CFE90	Mellanox	Switch
7CFF4D	AVM Audiovisuelles	Automotive
7CFF62	Huizhou Super Electron	
80000B	Intel Corporate	Computer
800010	At&T	
80006E	Apple	Phone
80015C	Synaptics	
800184	HTC	
80029C	Gemtek	
8002DF	ORA	
8002F4	IEEE Registration	
80030D	Canon	Camera
800384	Ruckus Wireless	Router
80045F	Apple	Phone
800518	Huawei	Phone
80051F	Vizio	TV
80053A	CHeKT	
800588	Ruijie	
8005DF	Montage Technology	
8006D9	zte	Phone
80071B	Vsolution	
800794	Samsung	Phone
8007A2	Esson	
800902	Keysight	
800A06	COMTEC	
800A80	IEEE Registration	
800B51	Chengdu XGimi	
800C67	Apple	Phone
800CF9	Amazon	
800D3F	Samsung	Phone
800DD7	Latticework	
800E24	ForgetBox	
800EA9	TCL Yuxin Zhixing	Phone
801242	Apple	Phone
8012DF	Shenzhen SuperElectron	
801316	Intel Corporate	Computer
801382	Huawei	Phone
8013BE	Juniper	Router
801440	Sunlit System	
8014A8	Guangzhou V-SOLUTION	
801605	Vodafone Italia S.p.A	
801609	Sleep Number	
8016B7	Brunel University	
80177D	Nortel	
801844	Dell	Computer
8018A7	Samsung	Phone
801934	Intel Corporate	Computer
801967	Shanghai Reallytek	
801970	Samsung	Phone
8019FE	JianLing	
801A23	AltoBeam	
801D0D	IEEE Registration	
801D39	Apple	Phone
801DAA	Avaya	VoIP
801F02	Edimax	
801F12	Microchip	IoT
8020AF	Trade FIDES, a.s	
8020DA	Sagemcom Broadband SAS	Storage
8020E1	BVBA DPTechnics	
8020FD	Samsung	Phone
802275	Beijing Beny Wave	
802278	China Mobile IOT	
8022A7	NEC Platforms	
8022FA	Itel Mobile Limited	
802395	AVM Audiovisuelles	Automotive
80248F	Cisco	Router
802511	Itel Mobile Limited	
802689	D-Link	Router
80276C	Cisco	Router
80283C	Sonova	
802994	Vantiva USA	
802AA8	Ubiquiti	Router
802AF6	Honor Device	Phone
802AFA	Germaneers	
802BF9	Hon Hai Precision Ind	
802D1A	zte	Phone
802DBF	Cisco	Router
802DE1	Solarbridge	
802E14	azeti	
802EC3	Huawei	Phone
802EDE	Huawei Device	Phone
802FDE	Zurich Instruments	
803049	Liteon	
8030DC	Texas Instruments	IoT
8030E0	Hewlett Packard	Computer
8031F0	Samsung	Phone
803253	Intel Corporate	Computer
803428	Microchip	IoT
803457	OT Systems Limited	
8035C1	Xiaomi	Phone
803773	Netgear	Router
803896	SHARP	TV
8038BC	Huawei	Phone
8038D4	Fibercentury	
8038FB	Intel Corporate	Computer
8038FD	LeapFrog Enterprises	
80398C	Samsung	Phone
8039E5	Patlite	
803A0A	Integrated Device	
803A59	At&T	
803AF4	Fiberhome	
803B2A	ABB Xiamen Low Voltage	Industrial
803B70	Private	
803B9A	ghe-ces electronic	
803BF6	Look Easy International	
803C04	TP-Link	Router
803C20	Huawei	Phone
803E48	Shenzhen Gongjin	
803E4F	GD Midea	Appliance
803F5D	Winstars	
803FD4	Apple	Phone
803FD6	bytes at work	
804005	Guangdong COROS Sports	
804126	Huawei	Phone
80414E	Bbk Educational	
80427C	Adolf Tedsen GmbH & Co	
80433F	Juniper	Router
80435E	Luminys	
8044FD	China Mobile (Hangzhou)	
80456B	Espressif	IoT
8045DD	Intel Corporate	Computer
804715	Apple	Phone
804731	Packet Design	
804786	Samsung	Phone
80482C	Wyze	Camera
804863	Electralsys	
80489F	Hangzhou Hikvision	Camera
8048A5	Sichuan Tianyi Comheart	
804971	Apple	Phone
8049BF	Taicang T&W	
804A14	Apple	Phone
804AF2	Sonos	Smart Home
804B20	Ventilation Control	
804B50	Silicon Laboratories	
804C5D	NXP Semiconductor	IoT
804DCB	Huawei Device	Phone
804E70	Samsung	Phone
804E81	Samsung	Phone
804F58	ThinkEco	
80501B	Nokia	
805067	W & D	
8050F6	Itel Mobile Limited	
8053E0	Espressif	IoT
80542D	Samsung	Phone
80546A	Shenzhen Gongjin	
80549C	Samsung	Phone
8054D9	Huawei	Phone
8054E3	Apple	Phone
80563C	Zf	
8056F2	Hon Hai Precision Ind	
805719	Samsung	Phone
805722	Wuxi Sunning Smart	
8058C5	NovaTec	
8058F8	Motorola Mobility LLC,	Phone
8059FD	Noviga	
805A04	LG Electronics (Mobile	Phone
805A70	Fortinet	Router
805B65	LG Innotek	
805E0C	Yealink(Xiamen)	VoIP
805E4F	Fn-Link Technology	
805EC0	Yealink(Xiamen)	VoIP
805F8E	Huizhou BYD Electronic	
805FC5	Apple	Phone
806007	Rim	
806036	Huawei	Phone
8060B7	Cloud Network	
806132	Cisco	Router
80615F	Beijing Sinead	
80616C	New H3C	
80618F	Shenzhen sangfei	
806459	Nimbus	
80646F	Espressif	IoT
80647A	Ola Sense	
80647C	Tuya Smart	Smart Home
806559	EM Microelectronic	
80656D	Samsung	Phone
80657C	Apple	Phone
806599	Espressif	IoT
8065E9	BenQ	
806629	Prescope	
80691A	Belkin	
806933	Huawei	Phone
806940	Lexar Co.,Limited	
806A00	Cisco	Router
806A10	Whisker Labs - Ting	
806A34	Bouffalo Lab (Nanjing)	
806AB0	Shenzhen TINNO Mobile	
806C1B	Motorola Mobility LLC,	Phone
806C8B	Kaeser Kompressoren	
806CBC	NET New Electronic	
806D71	Amazon	
806D97	Private	
806DDE	Beken	
806F1C	Huawei Device	Phone
806FB0	Texas Instruments	IoT
80711F	Juniper	Router
80717A	Huawei	Phone
807215	Sky Uk Limited	
807264	Huawei Device	Phone
80739F	Kyocera	Printer
807459	K's	
807484	ALL Winner (Hong Kong)	
80751F	Sky Uk Limited	
8075BF	Samsung	Phone
807677	hangzhou puwell cloud	
807693	Newag	
8076C2	GD Midea	Appliance
807786	IEEE Registration	
8077A4	Tecno Mobile Limited	
807871	Askey Computer	
807933	Aigentec	
80795D	Infinix mobility limited	
8079AE	ShanDong Tecsunrise	
8079EF	Sub-Zero	
807A7F	ABB Genway Xiamen	Industrial
807ABF	HTC	
807B1E	Corsair Memory	Gaming
807B3E	Samsung	Phone
807B85	IEEE Registration	
807C0A	zte	Phone
807C62	Hangzhou Hikvision	Camera
807D14	Huawei	Phone
807D1B	Neosystem	
807D3A	Espressif	IoT
807DE3	Chongqing Sichuan	
807DF9	Mellanox	Switch
807EB4	Shenzhen SuperElectron	
807FF8	Juniper	Router
80802C	Fortinet	Router
8081A5	TONGQING COMMUNICATION	
808223	Apple	Phone
808287	ATCOM	
8082F5	STMicrolectronics	IoT
8082FE	Arcadyan	
8083F6	Apple	Phone
808489	Intel Corporate	Computer
8084A9	oshkosh	
808544	Intelbras	
808698	Netronics	
8086D9	Samsung	Phone
8086F2	Intel Corporate	Computer
808800	zte	Phone
808917	Tp-Link	Router
808943	Samsung	Phone
808A8B	vivo Mobile	Phone
808ABD	Samsung	Phone
808AF7	Nanoleaf	Smart Home
808B5C	Shenzhen Runhuicheng	
808C97	Kaon	
808DB7	Hewlett Packard	Computer
808F1D	Tp-Link	Router
808F97	Xiaomi	Phone
808FE8	Intelbras	
80912A	Lih Rong electronic	
809133	AzureWave	
8091C0	AgileMesh	
80929F	Apple	Phone
8092A5	Valeo Interior Controls	
809393	Xapt	
80946C	Tokyo Radar	
80953A	Apple	Phone
809562	Extreme	Switch
809621	Lenovo	Computer
809698	Apple	Phone
8096B1	Commscope	
8096CA	Hon Hai Precision Ind	
80971B	Altenergy Power System	
809733	Shenzhen Elebao	
80999B	Murata Manufacturing	Smart Home
8099CF	Texas Instruments	IoT
8099E7	Sony	
809B20	Intel Corporate	Computer
809B31	Xin Link Internaitonal	
809D65	FN-LINK	
809F9B	Sichuan AI-Link	
809FAB	Fiberhome	
809FE4	Shen Zhen Tenda	
809FF5	Samsung	Phone
80A036	Shanghai MXCHIP	
80A197	u-blox	
80A1AB	Intellisis	
80A1D7	Shanghai DareGlobal	
80A235	Edgecore	
80A2FC	AzureWave	
80A579	IEEE Registration	
80A589	AzureWave	
80A63C	Amazon	
80A796	Neuralink	
80A85D	Osterhout Design	
80A997	Apple	Phone
80AA1C	Luxottica Tristar	
80AAA4	Usag	
80AB4D	Nokia Solutions and	
80AC7C	Sichuan AI-Link	
80ACAC	Juniper	Router
80ACC8	Phyplus	
80AD16	Xiaomi	Phone
80AD67	Kasda	
80AE3C	Taicang T&W	
80AE54	Tp-Link	Router
80AF19	Apple	Phone
80AF9F	eero	
80AFCA	Shenzhen Cudy	
80B03D	Apple	Phone
80B07B	zte	Phone
80B219	Elektron Technology Uk	
80B234	Vantiva USA	
80B269	Subtle Computing	
80B289	Forworld	
80B32A	UK Grid Solutions	
80B54E	Espressif	IoT
80B575	Huawei	Phone
80B5C6	OMRON	Industrial
80B624	Ivs	
80B655	Intel Corporate	Computer
80B686	Huawei	Phone
80B708	Blue Danube	
80B709	Viptela	
80B745	The Silk Technologies	
80B82A	Realme Chongqing Mobile	Phone
80B946	Nokia	
80B95C	ELFTECH	
80B97A	eero	
80B989	Apple	Phone
80BA16	Micas	
80BAAC	TeleAdapt	
80BAE6	Neets	
80BBEB	Satmap	
80BC37	Ruckus Wireless	Router
80BE05	Apple	Phone
80BEAF	Hangzhou Hikvision	Camera
80BF21	vivo Mobile	Phone
80C01E	Intel Corporate	Computer
80C16E	Hewlett Packard	Computer
80C2F0	Xiamen Yeastar Digital	
80C3BA	Sonova Consumer Hearing	Smart Home
80C41B	Texas Instruments	IoT
80C429	Renesas Electronics	
80C45D	IPG Laser	
80C501	OctoGate IT Security	
80C548	Shenzhen Zowee	
80C5E6	Microsoft	Computer
80C5F2	AzureWave	
80C63F	Remec Broadband Wireless	
80C6AB	Vantiva USA	
80C6CA	Endian s.r.l	
80C755	Panasonic Appliances	
80C7C5	Fiberhome	
80C862	Openpeak	
80C955	Redpine Signals	
80CA4B	Shenzhen Gongjin	
80CA52	Wistron	
80CBBC	Qingdao	
80CC12	Huawei Device	Phone
80CC9C	Netgear	Router
80CE62	Hewlett Packard	Computer
80CEB1	Theissen Training	
80CEB9	Samsung	Phone
80CF41	Lenovo Mobile	Computer
80CFA2	Huawei Device	Phone
80D019	Embed	
80D04A	Vantiva USA	
80D065	CKS	
80D09B	Huawei	Phone
80D10A	Sichuan AI-Link	
80D160	Integrated Device	
80D175	iPanel.TV	TV
80D18B	Hangzhou I'converge	
80D1CE	Apple	Phone
80D21D	AzureWave	
80D266	ScaleFlux	
80D2E5	Nintendo	Gaming
80D336	Cern	
80D433	LzLabs	
80D4A5	Huawei	Phone
80D52C	Beijing Cheering	Smart Home
80D605	Apple	Phone
80D733	QSR Automations	
80DA13	eero	
80DABC	Megafone Limited	
80DAC2	Vantiva USA	
80DACE	Huawei Device	Phone
80DB17	Juniper	Router
80DB31	Power Quotient	
80DECC	HYBE	
80E01D	Cisco	Router
80E1BF	Huawei	Phone
80E455	New H3C	
80E4BA	Intel Corporate	Computer
80E4DA	IEEE Registration	
80E540	Commscope	
80E63C	Xiaomi	Phone
80E650	Apple	Phone
80E769	Realme Chongqing Mobile	Phone
80E82C	Hewlett Packard	Computer
80E869	AltoBeam	
80E86F	Cisco	Router
80E8A4	zte	Phone
80E94A	LEAPS s.r.o	
80EA07	Tp-Link	Router
80EA0B	Zyxel	Router
80EA23	WNC	
80EA96	Apple	Phone
80EACA	Dialog Semiconductor	
80EB77	Wistron	
80ED2C	Apple	Phone
80EE25	Shenzhen Skyworth	
80EE73	Shuttle	
80F0CF	Ruckus Wireless	Router
80F1A4	Huawei	Phone
80F1A8	Guangzhou V-Solution	
80F1B2	Espressif	IoT
80F1F1	Tech4home, Lda	
80F25E	Kyynel	
80F3DA	Espressif	IoT
80F3EF	Meta Platforms	
80F416	Chipsea Technologies	
80F503	Commscope	
80F593	IRCO Sistemas de	
80F5AE	Hangzhou Hikvision	Camera
80F5B5	Texas Instruments	IoT
80F62E	Hangzhou H3C	
80F7A6	Shenzhen C-Data	
80F8EB	RayTight	
80FA5B	Clevo Co	
80FB06	Huawei	Phone
80FBF0	Quectel Wireless	
80FBF1	Freescale Semiconductor	
80FD7A	BLU Products	
80FD7B	BLU Products	
80FFA8	Unidis	
84002D	Pegatron	
840055	VusionGroup	
8400D2	Sony	
8400EC	Shelly Europe	Smart Home
840112	Kaon	
84016E	Honor Device	Phone
8401A7	Greyware Automation	
840283	HUMAX	
840328	Juniper	Router
8404D2	Kirale Technologies SL	
840511	Apple	Phone
8406FA	Fiberhome	
8407C4	Walter Kidde Portable	
84083A	Intel Corporate	Computer
840A9E	Nexapp Technologies Pvt	
840B2D	Samsung Electro	Phone
840B7C	Hitron	
840BBB	MitraStar	
840C6D	Cisco	Router
840D8E	Espressif	IoT
840F2A	Jiangxi Risound	
840F45	Shanghai GMT Digital	
840F4C	Apple	Phone
84100D	Motorola Mobility LLC,	Phone
84119E	Samsung	Phone
8411C2	IEEE Registration	
84139F	zte	Phone
84144D	Intel Corporate	Computer
841571	TCT mobile	
8415D3	Huawei	Phone
84160C	Broadcom Limited	
841623	zte	Phone
8416F9	Tp-Link	Router
841715	GP Electronics (HK)	
841766	Weifang Goertek	
8417EF	Vantiva USA	
841826	Osram	
84183A	Ruckus Wireless	Router
841888	Juniper	Router
841985	Samsung	Phone
841A24	Unionman	
841B38	Shenzhen Excelsecu Data	
841B5E	Netgear	Router
841B77	Intel Corporate	Computer
841C70	zte	Phone
841DE8	CJ intelligent	
841E1A	Sanya Muyu	
841E26	KERNEL-I	
841EA3	Sagemcom Broadband SAS	Storage
841FE8	Espressif	IoT
842096	Shenzhen Rf-Link	
842141	Shenzhen Ginwave	
8421F1	Huawei	Phone
84225E	Shenzhen Technewchip	
842289	Samsung	Phone
842388	Ruckus Wireless	Router
84248D	Zebra	Printer
842519	Samsung	Phone
84253F	silex	
8425A4	Tariox Limited	
8425DB	Samsung	Phone
842615	ADB Broadband Italia	
84262B	Nokia	
84267A	Guangdong Taide Zhilian	
842690	Beijing Thought Science	
842712	Silicon Laboratories	
842789	Apple	Phone
8427B6	China Mobile IOT	
8427CE	Corporation of the	
842859	Amazon	
84285A	Saffron Solutions	
8428D6	Servercom (India)	
842914	EMPORIA TELECOM	
842999	Apple	Phone
842AFD	HP	Computer
842B2B	Dell	Computer
842B50	Huria	
842BBC	Modelleisenbahn	Computer
842C80	Sichuan Changhong	
842E14	Silicon Laboratories	
842E27	Samsung	Phone
842F57	Apple	Phone
842F75	Innokas	
843095	Hon Hai Precision IND.CO	
8430CE	Shenzhen Jaguar	
8430E5	SkyHawke	
8431A8	Funshion Online	
84326F	Guangzhou Ava	
8432EA	Anhui Wanzten P&T	Phone
8433F2	Shenzhen Stellamore	
843497	Hewlett Packard	Computer
843611	hyungseul publishing	
8437D5	Samsung	Phone
843835	Apple	Phone
843838	Samsung	Phone
84398F	Fortinet	Router
8439FC	Nokia	
843A4B	Intel Corporate	Computer
843A5B	Inventec(Chongqing)	
843B10	Lvswitches	Switch
843C4C	Robert Bosch	
843C99	zte	Phone
843CFC	Huawei	Phone
843DC6	Cisco	Router
843E03	Sagemcom Broadband SAS	Storage
843E1D	Hui Zhou Gaoshengda	
843E79	Shenzhen Belon	
843E92	Huawei	Phone
843F4E	Tri-Tech Manufacturing	Smart Home
844076	Drivenets	
844167	Apple	Phone
844464	ServerU	
8444AF	Zhejiang Tmall	
8445A0	Tube investments of	
844693	Beijing Xiaomi Mobile	Phone
8446FE	Huawei	Phone
844709	Shenzhen IP3 Century	
844765	Huawei	Phone
844823	WOXTER	
844880	Amazon	
844915	vArmour	
8449EE	Demant Enterprise A/S	
844BB7	Beijing Sankuai Online	
844BF5	Hon Hai Precision Ind	
844D4C	Adtran	
844DBE	Fiberhome	
844F03	Ablelink	
845029	Arista	Switch
845075	Huawei Device	Phone
84509A	Easy Soft TV	TV
845181	Samsung	Phone
845234	Juniper	Router
8453CD	China Mobile Group	
8454DF	Huawei Device	Phone
8455A5	Samsung	Phone
84569C	Coho Data	
845733	Microsoft	Computer
845787	DVR C&C	
8457EB	Motorola Mobility LLC,	Phone
8457F7	Meta Platforms	
845A3E	Cisco	Router
845A81	ffly4u	
845B0C	eFAB P.S.A	
845B12	Huawei	Phone
845C31	Dell	Computer
845C93	Chabrier Services	
845CF3	Intel Corporate	Computer
845DD7	Shenzhen Netcom	
845F04	Samsung	Phone
846082	Hyperloop Technologies,	
8461A0	Commscope	
846223	Shenzhen Coship	
8462A6	EuroCB (Phils)	
8463D6	Microsoft	Computer
8464DD	Huawei	Phone
84652B	Donaldson	
846569	New H3C	
84679A	Arm	
84683E	Intel Corporate	Computer
846878	Apple	Phone
8468C8	Totolink Technology	
846991	Nokia	
846993	HP	Computer
846A66	Sumitomo Kizai	
846AED	Wireless Tsukamoto	
846B48	ShenZhen EepuLink	
846EB1	Park Assist	
846EBC	Nokia Solutions and	
846FCE	Guangdong Oppo Mobile	Phone
847003	Axon	
847051	Alpsalpine Co,.Ltd	
8470D7	eero	
847127	Silicon Laboratories	
84716A	Huawei Device	Phone
847207	I&C	
847293	Texas Instruments	IoT
847303	Letv Mobile and	Computer
84742A	zte	Phone
847460	zte	Phone
847616	Addat s.r.o	
847637	Huawei	Phone
847778	Cochlear Limited	
847848	Ubiquiti	Router
84788B	Apple	Phone
8478AC	Cisco	Router
847933	profichip	
847973	Shanghai Baud Data	
847A88	HTC	
847AB6	AltoBeam	
847ADF	Fujian Star-Net	
847B57	Intel Corporate	Computer
847BEB	Dell	Computer
847C9B	GD Midea	Appliance
847CEE	Cisco	Router
847D50	Holley Metering Limited	Smart Home
847D7E	Cisco	Router
847E40	Texas Instruments	IoT
847F3D	Integrated Device	
84802D	Cisco	Router
848094	Meter	
848102	Fiberhome	
8481EA	Shanghai Baud Data	
84821B	PROX SG	
8482F4	Beijing Huasun Unicreate	
848319	Hangzhou Zero Zero	
848336	Newrun	
848371	Avaya	VoIP
848433	Paradox Engineering	Smart Home
848506	Apple	Phone
84850A	Hella Sonnen- und	Phone
848553	Biznes Systema Telecom	
8485E6	Guangdong Asano	
848687	weiyuantechnology	
8486F3	Greenvity	
8487FF	Shenzhen Skyworth	
848832	Guangzhou Shiyuan	
8488E1	Apple	Phone
8489AD	Apple	Phone
8489EC	IEEE Registration	
848A59	Hisilicon	
848A8D	Cisco	Router
848BCD	IEEE Registration	
848C8D	Apple	Phone
848D84	Rajant	
848DC7	Cisco SPVTG	Router
848DCE	Ciena	
848E0C	Apple	Phone
848E96	Embertec	
848EDF	Sony	
848F69	Dell	Computer
849000	Arnold&Richter Cine	
84900A	Arcadyan	
849265	Intel Corporate	Computer
8492E5	Huawei	Phone
84930C	InCoax Networks Europe	
8493A0	Huawei Device	Phone
8493B2	zte	Phone
8493EC	Guangzhou Shiyuan	
849437	Apple	Phone
849459	Hangzhou Hikvision	Camera
84948C	Hitron	
849681	Cathay Communication	
849690	Murata Manufacturing	Smart Home
8496D8	Commscope	
8497B8	Memjet	
849866	Samsung	Phone
8498A7	Texas Instruments	IoT
849A40	Hangzhou Hikvision	Camera
849C02	Druid Software	
849CA4	Mimosa	
849CA6	Arcadyan	
849D4B	Shenzhen Boomtech	
849D64	SMC	
849DC2	Shanghai MXCHIP	
849DC5	Centera Photonics	
849E56	Cloud Network	
849FB5	Huawei	Phone
84A06E	Sagemcom Broadband SAS	Storage
84A134	Apple	Phone
84A1B7	Honor Device	Phone
84A1D1	Sagemcom Broadband SAS	Storage
84A24D	Birds Eye Systems	
84A329	Arcadyan	
84A34B	Barrot	
84A3B5	Propulsion	
84A423	Sagemcom Broadband SAS	Storage
84A466	Samsung	Phone
84A6C8	Intel Corporate	Computer
84A783	Alcatel Lucent	VoIP
84A788	Perples	
84A824	Google	
84A8E4	Huawei	Phone
84A938	LCFC(Hefei)	
84A93E	Hewlett Packard	Computer
84A991	Cyber Trans Japan	
84A9C4	Huawei	Phone
84A9EA	Career Technologies USA	
84AA9C	MitraStar	
84AAA4	SONoC	
84AB1A	Apple	Phone
84AB26	Tiinlab	
84AC16	Apple	Phone
84AC60	Guangxi Hesheng	
84ACA4	Beijing Novel Super	TV
84ACFB	Crouzet Automatismes	
84AD58	Huawei	Phone
84AD8D	Apple	Phone
84AEDE	Xiaomi	Phone
84AF1F	GopherTec	
84AFEC	Buffalo.Inc	Storage
84B153	Apple	Phone
84B1E2	Microsoft	Computer
84B1E4	Apple	Phone
84B261	Cisco	Router
84B31B	Kinexon	
84B386	IEEE Registration	
84B4D2	Shenzhen iComm	
84B4DB	Silicon Laboratories	
84B517	Cisco	Router
84B541	Samsung	Phone
84B59C	Juniper	Router
84B630	Sichuan Tianyi Comheart	
84B802	Cisco	Router
84B866	Beijing XiaoLu	
84B890	Tp-Link	Router
84B8B8	Motorola (Wuhan)	Phone
84BA20	Silicon Laboratories	
84BA3B	Canon	Camera
84BA59	Wistron	
84BB26	Texas Instruments	IoT
84BB69	Commscope	
84BE52	Huawei	Phone
84BE8B	Chengdu Geeker	
84C065	Nintendo	Gaming
84C0EF	Samsung	Phone
84C1C1	Juniper	Router
84C2E4	Jiangsu Qinheng	
84C3E8	Vaillant	
84C5A6	Intel Corporate	Computer
84C665	Taicang T&W	
84C692	Texas Instruments	IoT
84C727	Gnodal	
84C78F	APS	
84C7A9	C3Po	
84C7BB	Espressif	IoT
84C7E2	VusionGroup	
84C7EA	Sony	
84C807	ADVA Optical Networking	
84C8A0	Hui Zhou Gaoshengda	
84C8B1	Incognito Software	
84C9B2	D-Link	Router
84C9C6	Shenzhen Gongjin	
84CB85	EM Microelectronic	
84CC11	LG Electornics	
84CC63	Huawei Device	Phone
84CCA8	Espressif	IoT
84CD62	ShenZhen IDWELL	
84CFBF	Fairphone	Phone
84D0DB	Guangdong Juan	
84D15A	TCT mobile	
84D1C1	Intel Corporate	Computer
84D303	Chipsea Technologies	
84D328	Apple	Phone
84D32A	Ieee 1905.1	
84D343	Calix	
84D352	Tonly	
84D3D5	Huawei Device	Phone
84D412	Palo Alto	Router
84D47E	Hewlett Packard	Computer
84D4C8	Widex A/S	
84D5A0	Mcot	
84D608	Wingtech Mobile	
84D6C5	SolarEdge	
84D6D0	Amazon	
84D7DE	Huawei	Phone
84D81B	Tp-Link	Router
84D931	Hangzhou H3C	
84D9C8	Unipattern Co	
84D9E0	eero	
84DB2F	Sierra Wireless, ULC	
84DB9E	Pink Nectarine Health AB	
84DBA4	Huawei Device	Phone
84DBAC	Huawei	Phone
84DBFC	Nokia	
84DD20	Texas Instruments	IoT
84DD84	Cisco	Router
84DDB7	Cilag	
84DE3D	Crystal Vision	
84DF0C	Net2Grid	
84DF19	Chuango Security	
84E058	Commscope	
84E0F4	IEEE Registration	
84E323	Green Wave	
84E327	Tailyn	
84E342	Tuya Smart	Smart Home
84E4D9	Shenzhen NEED	
84E585	EM Microelectronic	
84E59E	Shenzhen YOUHUA	
84E5D8	Guangdong UNIPOE IoT	
84E629	Bluwan	
84E657	Sony Interactive	Gaming
84E6B3	Tiinlab	
84E714	Liang Herng Enterprise	
84E892	Actiontec	
84E8CB	Buffalo.Inc	Storage
84E986	Huawei Device	Phone
84E9C1	Realme Chongqing Mobile	Phone
84EA97	Shenzhen iComm	
84EA99	Vieworks	
84EAD2	Koganei	
84EAED	Roku	TV
84EB0C	Mellanox	Switch
84EB18	Texas Instruments	IoT
84EB3E	Vivint Smart Home	
84EB3F	Vivint	
84EBEF	Cisco	Router
84ED33	BBMC	
84EE7F	Huawei	Phone
84EEE4	Samsung	Phone
84EF18	Intel Corporate	Computer
84F117	Newseason	
84F129	Metrascale	
84F147	Cisco	Router
84F175	Jiangxi Xunte	
84F1D0	Ehoome Iot Private	
84F1F7	NXP Semiconductor	IoT
84F2C1	zte	Phone
84F3EB	Espressif	IoT
84F44C	International Integrated	
84F493	OMS spol. s.r.o	
84F5EB	zte	Phone
84F64C	Cross Point	
84F6FA	Miovision Technologies	
84F703	Espressif	IoT
84F758	Huizhou BYD Electronic	
84F883	Luminar	
84FB43	Central Denshi Seigyo	
84FC14	Shenzhen Bilian	
84FCAC	Apple	Phone
84FCE6	Espressif	IoT
84FCFE	Apple	Phone
84FD27	Silicon Laboratories	
84FDD1	Intel Corporate	Computer
84FE40	Huawei	Phone
84FE9E	RTC	
84FEDC	Borqs Beijing	
84FFC2	Cisco	Router
8800C6	Sichuan Tianyi Comheart	
88010C	Sichuan Tianyi Comheart	
880118	BLT Co	
8801F2	Vitec System Engineering	Smart Home
8801F9	Texas Instruments	IoT
880264	Pascal Audio	Automotive
880348	Sercomm Philippines	
88034C	Weifang Goertek	
880355	Arcadyan	
8803E9	Guangdong Oppo Mobile	Phone
88074B	LG Electronics (Mobile	Phone
880894	Skullcandy	
880905	MTMCommunications	
880907	MKT Systemtechnik GmbH	
8809AF	Masimo	Medical
880AA3	Juniper	Router
880ABD	Wuhan Nexphoton	
880CE0	Texas Instruments	IoT
880E85	Shenzhen Boomtech	
880F10	Huami Information	
880F62	Silicon Laboratories	
880FA2	Sagemcom Broadband SAS	Storage
880FB6	Jabil Circuits India	
881032	Apple	Phone
881036	Panodic(ShenZhen)	
88108F	Huawei	Phone
881196	Huawei	Phone
88123D	Suzhou Aquila Solutions	
88124E	Qualcomm	IoT
88127D	Shenzhen Melon	
8812AC	Hunan Fn-Link	
8813BF	Espressif	IoT
8813C2	Tendyron	
88142B	Protonic Holland	
881544	Cisco Meraki	Router
881566	Huawei Device	Phone
8815C5	Huawei Device	Phone
8817A3	Integrated Device	
8817A8	Apple	Phone
8818AE	Tamron	
8818F1	Nokia	
881908	Apple	Phone
881A14	Silicon Laboratories	
881B99	Shenzhen Xin Fei Jia	
881C95	Itel Mobile Limited	
881DFC	Cisco	Router
881E59	Onion	
881E5A	Apple	Phone
881EC8	Bouffalo Lab (Nanjing)	
881FA1	Apple	Phone
88200D	Apple	Phone
882012	LMI	
882067	Fiberhome	
8821E3	Nebusens, S.L	
882222	VusionGroup	
88225B	Hewlett Packard	Computer
8822B2	Chipsea Technologies	
88231F	Fibocom Wireless	
882364	Watchnet DVR	
88238C	Fiberhome	
8823FE	TTTech Computertechnik	
882508	Meta Platforms	
882510	Hewlett Packard	Computer
88252C	Arcadyan	
882593	Tp-Link	Router
88263F	Zhejiang Uniview	Camera
88287D	AltoBeam	
8828B3	Huawei	Phone
8828FB	Juniper	Router
882949	Renesas Electronics	
882950	Netmoon	
882985	Sz Dji	
88299C	Samsung	Phone
8829BF	Amazon	
882A5E	New H3C	
882AE1	Mrc	
882B94	MADOKA SYSTEM	
882BD7	Addénergie	
882D53	Baidu Online Network	
882E5A	storONE	
882F64	BCOM Networks Limited	
882F92	Xiaomi	Phone
883037	Juniper	Router
88308A	Murata Manufacturing	Smart Home
88329B	Samsung	Phone
883314	Texas Instruments	IoT
883374	Askey Computer	
8833BE	Ivenix	
8834FE	Bosch Automotive	Automotive
88354C	Transics	
8835C1	Oi Electric	
883612	SRC Computers	
88365F	LG Electronics (Mobile	Phone
88366C	EFM	
8836CF	Huawei Device	Phone
883A30	Hewlett Packard	Computer
883B8B	Cheering Connection	Smart Home
883BDC	CJ intelligent	
883C1C	Mercury	
883C93	Alcatel-Lucent	VoIP
883CC5	IEEE Registration	
883D24	Google	
883E0D	HD Hyundai Electric	
883F0C	system a.v	
883F27	Huawei Device	Phone
883F37	Uhtek	
883F4A	Texas Instruments	IoT
883F99	Siemens	Industrial
883FD3	Huawei	Phone
884033	Huawei	Phone
88403B	Huawei	Phone
884067	infomark	
884157	Shenzhen Atsmart	
8841C1	Orbisat Da Amazonia Ind	
8841FC	AirTies Wireless	
8842D0	Earda	
8843E1	Cisco	Router
884477	Huawei	Phone
8844F6	Nokia	
884558	Amicro	
8845F0	Guangdong Genius	
884604	Xiaomi	Phone
88462A	Telechips	
88492D	Shenzhen Bilian	
884A18	Opulinks	
884A70	Wacom	
884AEA	Texas Instruments	IoT
884B39	Siemens AG, Healthcare	Industrial
884CCF	Pulzze	
884D7C	Apple	Phone
884F59	Cisco	Router
885046	Lear	
8850DD	Infiniband Trade	
8850F6	Shenzhen Jingxun	
88517A	HMD Global Oy	
8851F2	Apple	Phone
8851FB	Hewlett Packard	Computer
8852EB	Xiaomi	Phone
88532E	Intel Corporate	Computer
885395	Apple	Phone
8853D4	Huawei	Phone
88541F	Google	
88546B	Texas Instruments	IoT
88548E	vivo Mobile	Phone
8856A6	Espressif	IoT
88571D	Seongji Industry	
885721	Espressif	IoT
88576D	XTA	
8857EE	Buffalo.Inc	Storage
8858BE	kuosheng.com	
885A06	Guangdong Oppo Mobile	Phone
885A23	Celestica	
885A85	WNC	
885A92	Cisco	Router
885BDD	Extreme	Switch
885C47	Alcatel Lucent	VoIP
885D90	IEEE Registration	
885DFB	zte	Phone
885E54	Samsung	Phone
885EBD	NCKOREA	
885FE8	IEEE Registration	
886076	Sparnex n.v	
886078	Sparnex n.v	
88615A	Siano Mobile Silicon	
88625D	Bitnetworks	
8863C5	Huawei	Phone
8863DF	Apple	Phone
886440	Apple	Phone
8864A8	TeraNXT Global India Pvt	
88659F	Fiberhome	
886639	Huawei	Phone
88665A	Apple	Phone
8866A5	Apple	Phone
886746	eero	
8867DC	Huawei	Phone
88684B	Guangdong Oppo Mobile	Phone
88685C	Shenzhen ChuangDao &	
88693D	Huawei	Phone
886AB1	vivo Mobile	Phone
886AE3	Alpha	
886B0F	Bluegiga Technologies OY	
886B44	Sunnovo International	
886B6E	Apple	Phone
886B76	China Hopeful Group	
886BDB	Apple	Phone
886C60	Xiaomi	Phone
886D2D	Huawei Device	Phone
886EDD	Micronet union	
886EE1	Erbe Elektromedizin	
886EEB	Huawei	Phone
886F29	Pocketbook	
886FD4	Dell	Computer
887015	Apple	Phone
887033	Hangzhou Silan	
88708C	Lenovo Mobile	Computer
8870EF	SC Professional Trading	
8871B1	Commscope	
8871E5	Amazon	
887384	Toshiba	
887398	K2E Tekpoint	
887477	Huawei	Phone
887556	Cisco	Router
887598	Samsung	Phone
8876B9	D-Link	Router
887873	Intel Corporate	Computer
88789C	Game	
88795B	Konka	
88797E	Motorola Mobility LLC,	Phone
887A31	Velankani Electronics	
887ABC	Cisco	Router
887B2C	zte	Phone
887CC1	Zebronics India Pvt	
887E25	Extreme	Switch
887E9B	Apple	Phone
887F03	Comper Technology	
887FD5	zte	Phone
888187	Umeox Innovations	
8881B9	Huawei Device	Phone
888225	Telink Micro	
888279	Shenzhen RB-LINK	Camera
888322	Samsung	Phone
88835D	Fn-Link Technology	
888603	Huawei	Phone
8886A0	Simton	
8886C2	STABILO	
888717	Canon	Camera
8887DD	DarbeeVision	
888914	All Components	
88892F	Huawei	Phone
888964	GSI	
888B5D	Storage Appliance	Appliance
888C19	Brady Corp Asia Pacific	
888C1B	EM Microelectronic	
888E68	Huawei Device	Phone
888E7F	Atop	
888F10	Shenzhen Max Infinite	
888FA4	Huawei Device	Phone
889009	Juniper	Router
88908D	Cisco	Router
889166	Viewcooper	
8891DD	Racktivity	
8892CC	Tonly	
889471	Brocade	Switch
88947E	Fiberhome	
88948E	Max Weishaupt SE	
88948F	Xi'an Zhisensor	
8894F9	Gemicom	
8895B9	Unified Packet Systems	Access Point
88964E	Commscope	
889655	Zitte	
889676	TTC MARCONI s.r.o	
8896B6	Global Fire Equipment	
8896F2	Valeo Schalter und	
889746	Sichuan AI-Link	
889765	exands	
8897DF	Entrypass Corporation	
889821	Teraon	
889986	Tp-Link	Router
889AFF	SystemX	
889B39	Samsung	Phone
889CA6	BTB Korea	
889CAD	Cisco	Router
889D98	Allied-telesisK.K	
889E33	TCT mobile	
889E68	Vantiva USA	
889E96	zte	Phone
889F6F	Samsung	Phone
889FAA	Hella Gutmann Solutions	
889FFA	Hon Hai Precision Ind	
88A084	Formation Data	
88A0BE	Huawei	Phone
88A25E	Juniper	Router
88A29E	Raspberry Pi (Trading)	IoT
88A2D7	Huawei	Phone
88A303	Samsung	Phone
88A3CC	Amatis Controls	
88A479	Apple	Phone
88A4C2	LCFC(Hefei)	
88A5BD	Qpcom	
88A68D	Shanghai MXCHIP	
88A6C6	Sagemcom Broadband SAS	Storage
88A6EF	IEEE Registration	
88A73C	Ragentek	
88A9A7	IEEE Registration	
88A9B7	Apple	Phone
88AC9E	Shenzhen YOUHUA	
88ACC0	Zyxel	Router
88ACC1	Generiton	
88AD43	Pegatron	
88ADD2	Samsung	Phone
88AE07	Apple	Phone
88AE1D	Compal Information	
88AE35	Realme Chongqing Mobile	Phone
88AEDD	EliteGroup Computer	
88AF7B	Nanjing Powercore	
88B111	Intel Corporate	Computer
88B168	Delta Control	
88B1E1	Mojo	Access Point
88B291	Apple	Phone
88B2AB	Fiberhome	
88B362	Nokia Shanghai Bell	
88B436	FUJIFILM	
88B4A6	Motorola Mobility LLC,	Phone
88B4BE	Huawei	Phone
88B5FF	Shenzhen iComm	
88B627	Gembird Europe	
88B66B	easynetworks	
88B6BD	Flaircomm	
88B6EE	Dish	
88B7EB	Apple	Phone
88B863	Hisense Visual	TV
88B86F	Infinix mobility limited	
88B8D0	Dongguan Koppo	Phone
88B945	Apple	Phone
88B951	Xiaomi	Phone
88B9B8	NXP Semiconductors	IoT
88BA74	Silicon Laboratories	
88BA7F	Qfiednet	
88BCAC	Zebra	Printer
88BCC1	Huawei	Phone
88BD09	Netis	
88BD45	Samsung	Phone
88BD78	Flaircomm	
88BF35	Verifone	
88BFD5	Simple Audio	Automotive
88BFE4	Huawei	Phone
88C08B	Apple	Phone
88C093	Gigamedia	
88C174	zte	Phone
88C227	Huawei	Phone
88C22D	Buffalo.Inc	Storage
88C242	Poynt Co	
88C255	Texas Instruments	IoT
88C344	Google	
88C36E	Beijing Ereneben	
88C397	Beijing Xiaomi Mobile	Phone
88C3B2	Rotek	
88C3B3	Sovico	
88C3E5	Betop Techonologies	Smart Home
88C48E	Uneeviu Technologies	
88C626	Logitech	
88C663	Apple	Phone
88C6E8	Huawei	Phone
88C78F	zte	Phone
88C9B3	IEEE Registration	
88C9D0	LG Electronics (Mobile	Phone
88C9E8	Sony	
88CB87	Apple	Phone
88CBA5	Suzhou Torchstar	
88CC45	Skyworth Digital	
88CE3F	Huawei	Phone
88CEFA	Huawei	Phone
88CF98	Huawei	Phone
88CFCD	Texas Instruments	IoT
88D039	Tonly	
88D171	Beghelli S.P.A	
88D199	Vencer	
88D211	Eko Devices	
88D274	zte	Phone
88D2BF	German Autolabs	
88D37B	FirmTek	
88D50C	Guangdong Oppo Mobile	Phone
88D546	Apple	Phone
88D5A8	Itel Mobile Limited	
88D652	AMERGINT	
88D7BC	DEP	
88D7F6	ASUSTek COMPUTER	Computer
88D82E	Intel Corporate	Computer
88D962	Canopus Systems US	
88D98F	Juniper	Router
88DA04	Huawei	Phone
88DA18	China Mobile Group	
88DA1A	Redpine Signals	
88DA33	Beijing Xiaoyuer	
88DA36	Calix	
88DB08	EM Microelectronic	
88DC96	EnGenius	Access Point
88DD79	Voltaire	
88DDB8	Huawei Device	Phone
88DE39	Hangzhou Hikvision	Camera
88DE7C	Askey Computer	
88DEA9	Roku	TV
88DF9E	New H3C	
88E034	Shinwa industries(China)	
88E056	Huawei	Phone
88E0A0	Shenzhen VisionSTOR	
88E0F3	Juniper	Router
88E161	Art Beijing Science and	
88E3AB	Huawei	Phone
88E603	Avotek	
88E628	Shenzhen Kezhonglong	
88E64B	Juniper	Router
88E712	Whirlpool	Appliance
88E7A6	iKnowledge Integration	
88E87F	Apple	Phone
88E8F8	Yong Tai Electronic	
88E90F	innomdlelab	
88E917	Tamaggo	
88E9A4	Hewlett Packard	Computer
88E9FE	Apple	Phone
88ED1C	Cudo Communication	
88EF16	Commscope	
88F00F	Miraeil	
88F031	Cisco	Router
88F077	Cisco	Router
88F155	Espressif	IoT
88F2BD	GD Midea	Appliance
88F2CE	Apple	Phone
88F3D5	Zyxel	Router
88F488	cellon communications	
88F490	Jetmobile	
88F4DA	Intel Corporate	Computer
88F56E	Huawei	Phone
88F6DC	Huawei Device	Phone
88F715	Arista	Switch
88F7BF	vivo Mobile	Phone
88F7C7	Vantiva USA	
88F872	Huawei	Phone
88F916	Qingdao Dayu Dance	
88F9C0	KTS	
88FC5D	Cisco	Router
88FCA6	devolo	
88FD15	Lineeye	
88FEB6	Askey Computer	
88FED6	ShangHai WangYong	
8A00B0	Eoptolink	
8A0775	Horys	
8A0AF7	Montage Technology	
8A34BC	Fiberworks AS	
8A4F8B	Irdeto	
8A7DB3	Evolv	
8A852E	Kampr	
8A94AD	Nexgen A/S	
8AA5C1	Ranovus USA	
8AB3DA	HomePlug Powerline	
8AC72E	Roku	TV
8ACBA4	Resideo	
8AD20F	Pro Optix AB	
8AD85E	GigaIO	
8ADA26	Eleven	
8AFB16	TeraByte	
8C006D	Apple	Phone
8C019D	Arista	Switch
8C02CD	Fujian Star-Net	
8C02FA	COMMANDO Networks	
8C04BA	Dell	Computer
8C04FF	Vantiva USA	
8C0528	Shen Zhen Tenda	
8C0551	Koubachi	
8C0572	Huawei Device	Phone
8C06CB	Toradex	
8C0734	Private	
8C078C	Flow Data	
8C083C	EM Microelectronic	
8C0879	Texas Instruments	IoT
8C088B	Remote Solution	
8C08AA	Apple	Phone
8C09F4	Commscope	
8C0C87	Nokia	
8C0C90	Ruckus Wireless	Router
8C0CA3	Amper	
8C0D76	Huawei	Phone
8C0DD9	Skullcandy	
8C0E60	Nanjing Juplink	
8C0EE3	Guangdong Oppo Mobile	Phone
8C0F6F	Pegatron	
8C0F7E	TCL King Electrical	Phone
8C0F83	Angie Hospitality	
8C0FA0	di-soric GmbH & Co	
8C0FC9	Huawei Device	Phone
8C0FFA	Hutec	
8C10D4	Sagemcom Broadband SAS	Storage
8C11CB	ABUS Security-Center	
8C12C2	GLBB Japan	
8C13E2	Netlink Ict	
8C142A	Cisco	Router
8C147D	IEEE Registration	
8C14B4	zte	Phone
8C1553	Beijing Memblaze	
8C15C7	Huawei	Phone
8C1645	LCFC(Hefei)	
8C1759	Intel Corporate	Computer
8C17B6	Huawei Device	Phone
8C1801	zte	Phone
8C1850	China Mobile (Hangzhou)	
8C18D9	Shenzhen RF	
8C192D	IEEE Registration	
8C1952	Amazon	
8C19B5	Arcadyan	
8C1A50	China Mobile Group	
8C1ABF	Samsung	Phone
8C1AF3	Shenzhen Gooxi	
8C1CDA	IEEE Registration	
8C1D55	Hanwha NxMD (Thailand)	Camera
8C1D96	Intel Corporate	Computer
8C1E80	Cisco	Router
8C1ECB	Nanjing Jiahao	
8C1ECF	Unionman	
8C1ED9	Beijing Unigroup	
8C1F64	IEEE Registration	
8C1F94	RF Surgical System	
8C20F1	OpenAI	
8C210A	Tp-Link	Router
8C2114	Huawei Device	Phone
8C22D2	Hangzhou Hikvision	Camera
8C2505	Huawei	Phone
8C255E	VoltServer	
8C26AA	Apple	Phone
8C271D	QuantHouse	
8C278A	Vocollect	
8C2937	Apple	Phone
8C2A85	Amazon	
8C2A8E	DongGuan Ramaxel Memory	
8C2AC1	Gsd Viet Nam Technology	
8C2DAA	Apple	Phone
8C2E72	Samsung	Phone
8C2F39	IBA Dosimetry	
8C2FA6	Solid Optics	
8C3066	Ubiquiti	Router
8C31E2	Dayouplus	
8C3223	JWIPC	
8C3330	EmFirst	
8C3357	HiteVision Digital Media	
8C3396	Apple	Phone
8C3401	Guangdong Oppo Mobile	Phone
8C3446	Huawei Device	Phone
8C34FD	Huawei	Phone
8C3579	QDIQO Sp. z o.o	
8C3592	Guangzhou Shiyuan	
8C367A	Palo Alto	Router
8C37B7	Hosin Global	
8C3957	Telink Micro	
8C395C	Bit4id	
8C3A7E	Universal	
8C3AE3	LG Electronics (Mobile	Phone
8C3B32	Microfan	
8C3B4A	Universal Global	
8C3BAD	Netgear	Router
8C3C07	Skiva	
8C3C4A	NAKAYO	
8C3D16	Shenzhen Four Seas	
8C3DB1	Beijing H-IoT	
8C3F44	GD Midea	Appliance
8C41F2	RDA	
8C41F4	IPmotion	
8C426D	Huawei	Phone
8C4361	Hailo Digital Hub GmbH	
8C4435	Shanghai BroadMobi	
8C444F	HUMAX	
8C44A5	Cisco	Router
8C44BB	Shen Zhen Tenda	
8C4500	Murata Manufacturing	Smart Home
8C476E	IEEE Registration	
8C477F	NambooSolution	
8C47BE	Dell	Computer
8C4962	Roku	TV
8C497A	Extreme	Switch
8C49B6	vivo Mobile	Phone
8C49CF	Private	
8C4AEE	Giga Tms	
8C4B14	Espressif	IoT
8C4B59	3D Imaging & Simulations	
8C4CAD	Evoluzn	
8C4CDC	Planex	
8C4DB9	Unmonday	
8C4DEA	Cerio	
8C4E46	Motorola Mobility LLC,	Phone
8C4EBB	Amazon	
8C4F00	Espressif	IoT
8C501A	Private	
8C5105	Shenzhen ireadygo	
8C5109	IEEE Registration	
8C5219	SHARP	TV
8C5387	Huzhou Luxshare	
8C53C3	Beijing Xiaomi Mobile	Phone
8C53D2	China Mobile Group	
8C53E6	WNC	
8C53F7	A&D Engineering	Smart Home
8C541D	Lge	
8C554A	Intel Corporate	Computer
8C5570	IEEE Registration	
8C55BB	Songwoo Information &	
8C5646	LG	Phone
8C569D	Imaging Solutions	
8C56C5	Nintendo	Gaming
8C579B	WNC	
8C57FD	LVX Western	
8C5823	Sz Dji	
8C5877	Apple	Phone
8C593C	IEEE Registration	
8C5973	Zyxel	Router
8C598B	C Technologies AB	
8C59C3	ADB Italia	
8C59DC	ASR Microelectronics	
8C5A25	Commscope	
8C5AC1	Huawei Device	Phone
8C5AF0	Exeltech Solar Products	
8C5AF8	Beijing Xiaomi	Phone
8C5BF0	Commscope	
8C5C20	Vantiva USA	
8C5C53	AltoBeam	
8C5CA1	d-broad	
8C5D54	Kisi	
8C5D60	UCI	
8C5DB2	IEEE Registration	
8C5E4D	DragonWave Technologies	
8C5EBD	Huawei Device	Phone
8C5F48	AUMOVIO	
8C5FAD	Fiberhome	
8C5FDF	Beijing Railway Signal	
8C604F	Cisco	Router
8C6078	Swissbit	
8C60E7	Mpgio	
8C6102	Beijing Baofengmojing	
8C6120	EM Microelectronic	
8C61A3	Commscope	
8C640B	Beyond Devices d.o.o	
8C6422	Sony	
8C64A2	OnePlus Technology	Phone
8C64D4	Hyeco Smart	
8C65A3	Silicon Laboratories	
8C65EC	Tubitak Mam	
8C6794	vivo Mobile	Phone
8C683A	Huawei	Phone
8C6878	Nortek-AS	
8C68C8	zte	Phone
8C6914	Freebox Sas	
8C6A3B	Samsung	Phone
8C6A8D	Vantiva USA	
8C6AE4	Viogem Limited	
8C6BDB	Huawei Device	Phone
8C6D50	Shenzhen Mtc	
8C6D77	Huawei	Phone
8C6DC4	Megapixel VR	
8C6FB9	Silicon Laboratories	
8C705A	Intel Corporate	Computer
8C7086	Gesellschaft für	
8C7112	Microchip	IoT
8C71F8	Samsung	Phone
8C736E	Fujitsu Limited	
8C73A0	Fiberhome	
8C73DA	Silicon Laboratories	
8C763F	Commscope	
8C76C1	Goden Tech Limited	
8C7712	Samsung	Phone
8C7716	Longcheer	
8C7779	Arcadyan	
8C78D7	Shenzhen Fast	
8C7909	Hewlett Packard	Computer
8C7967	zte	Phone
8C79F5	Samsung	Phone
8C7A00	Nokia	
8C7A15	Ruckus Wireless	Router
8C7A3D	Xiaomi	Phone
8C7AAA	Apple	Phone
8C7AB3	Guangzhou Shiyuan	
8C7B9D	Apple	Phone
8C7BF0	Xufeng Development	
8C7C92	Apple	Phone
8C7CB5	Hon Hai Precision Ind	
8C7CFF	Brocade	Switch
8C7EB3	Lytro	
8C7F3B	Commscope	
8C8126	Arcom	
8C8172	Sichuan Tianyi Comheart	
8C8283	Apple	Phone
8C82A8	Insigma	
8C8394	Arcadyan	
8C839D	Shenzhen Xinyupeng	
8C83DF	Nokia	
8C83E1	Samsung	Phone
8C83E8	Huawei	Phone
8C83FC	Axioma Metering UAB	Smart Home
8C8401	Private	
8C8442	Cisco	Router
8C8474	Broadcom Limited	
8C8580	Smart Innovation	
8C8590	Apple	Phone
8C85C1	Hewlett Packard	Computer
8C85E6	Cleondris	
8C861E	Apple	Phone
8C862A	Huawei	Phone
8C86DD	TP-Link	Router
8C8726	VAST Data	
8C873B	Leica Camera	Camera
8C87D0	Shenzhen Uascent	
8C8881	Cisco Meraki	Router
8C897A	Augtek	
8C89A5	Micro-Star INT'L	
8C89FA	Zhejiang Hechuan	
8C8A6E	Estun Automation	
8C8ABB	Beijing Orient View	
8C8ACD	Huawei	Phone
8C8B48	Silicon Laboratories	
8C8B5B	WNC	
8C8B83	Texas Instruments	IoT
8C8C29	Espressif	IoT
8C8CAA	LCFC(Hefei)	
8C8D28	Intel Corporate	Computer
8C8E0D	zte	Phone
8C8E4E	Baylan Olcu Aletleri	
8C8E76	taskit	
8C8EF2	Apple	Phone
8C8F8B	China Mobile Chongqing	
8C8FE9	Apple	Phone
8C902D	TP-Link	Router
8C90D3	Nokia	
8C9109	Toyoshima Electric	
8C913A	Mellanox	Switch
8C91A4	Apple	Phone
8C9236	Aus.Linx	
8C9246	Oerlikon Textile	
8C9351	Jigowatts	
8C938B	Realme Chongqing Mobile	Phone
8C941F	Cisco	Router
8C9461	Cisco	Router
8C946A	New H3C	
8C94CC	Sfr	
8C94CF	Encell	
8C94DF	Espressif	IoT
8C965F	Shandong Zhongan	
8C96A5	New H3C	
8C97EA	Freebox Sas	
8C9806	Shenzhen Sei Robotics	Appliance
8C986B	Apple	Phone
8C9885	Samsung	Phone
8C99E6	TCT mobile	
8C9A8F	Sagemcom Broadband SAS	Storage
8C9B2D	Plantronics	
8C9F3B	Qingdao Hisense	TV
8CA048	Beijing NeTopChip	
8CA2F5	Huawei Device	Phone
8CA2FD	Starry	
8CA399	Servercom (India)	
8CA3EC	Samsung	Phone
8CA401	Shenzhen New Chip	
8CA454	Private	
8CA5A1	Oregano Systems -	
8CA5CF	Huawei	Phone
8CA682	IEEE Registration	
8CA6DF	Tp-Link	Router
8CA96D	Huawei	Phone
8CA96F	D&M	
8CA982	Intel Corporate	Computer
8CA9FD	Copper Mountain	
8CAAB5	Espressif	IoT
8CAACE	Xiaomi	Phone
8CAB8E	Shanghai Feixun	
8CAE49	IEEE Registration	
8CAE4C	Plugable	
8CAE89	Y-cam Solutions	
8CAEDB	Nagtech	
8CB094	Airtech I&C	
8CB0E9	Samsung	Phone
8CB50E	Cisco	Router
8CB64F	Cisco	Router
8CB6C5	Mimosa	
8CB7F7	Shenzhen UniStrong	
8CB82C	IPitomy	
8CB84A	Samsung	Phone
8CB864	AcSiP	
8CB87E	Intel Corporate	Computer
8CBA25	Union Man	
8CBAFC	JOYNEXT	
8CBD37	Shenzhen Phaten	
8CBE24	Tashang	
8CBE6F	Tianyi Telecom	
8CBEBE	Xiaomi	Phone
8CBF9D	Shanghai Xinyou	
8CBFA6	Samsung	Phone
8CBFEA	Espressif	IoT
8CC121	Panasonic Corporation	
8CC246	Apple	Phone
8CC573	Xsight	
8CC58C	ShenZhen Elsky	
8CC5B4	Sagemcom Broadband SAS	Storage
8CC5D0	Samsung	Phone
8CC5E1	ShenZhen Konka	
8CC661	Current, powered by GE	
8CC681	Intel Corporate	Computer
8CC7AA	Radinet	
8CC7C3	Netlink Ict	
8CC7D0	zhejiang ebang	
8CC84B	Chongqing Fugui	
8CC8CD	Samsung	Phone
8CC8F4	IEEE Registration	
8CC9E9	Huawei Device	Phone
8CCB14	TBS	
8CCBDF	Foxconn Interconnect	
8CCD55	EM Microelectronic	
8CCDA2	ACTP	
8CCDE8	Nintendo	Gaming
8CCDFE	AMPAK	
8CCE4E	Espressif	IoT
8CCEFD	Shenzhen zhouhai	
8CCF09	Dell EMC	Computer
8CCF5C	BEFEGA	
8CCF8F	ITC	
8CD066	Texas Instruments	IoT
8CD08B	WuXi Rigosys	
8CD0B2	Beijing Xiaomi Mobile	Phone
8CD17B	CG Mobile	
8CD1A6	eero	
8CD2E9	Yokote Seiko	
8CD3A2	VisSim AS	
8CD48E	Itel Mobile Limited	
8CD54A	Taiyo Yuden	
8CD628	Ikor Metering	Smart Home
8CD67F	EM Microelectronic	
8CD9D6	Xiaomi	Phone
8CDB25	ESG Solutions	
8CDC02	zte	Phone
8CDCD4	Hewlett Packard	Computer
8CDD0B	eero	
8CDD30	Ruijie	
8CDD8D	Wifly-City System	
8CDE52	ISSC	
8CDE99	Comlab	
8CDEE6	Samsung	Phone
8CDEF9	Beijing Xiaomi Mobile	Phone
8CDF2C	vivo Mobile	Phone
8CDF9D	NEC	
8CE042	vivo Mobile	Phone
8CE081	zte	Phone
8CE117	zte	Phone
8CE2DA	Circle Media	
8CE38E	Kioxia	
8CE468	Guangzhou Sageran	
8CE4DB	Shenzhen MiaoMing	
8CE5C0	Samsung	Phone
8CE5EF	Huawei	Phone
8CE748	Hangzhou Hikvision	Camera
8CE78C	DK	
8CE7B3	Sonardyne	
8CE807	Bouffalo Lab (Nanjing)	
8CE9B4	Zhejiang Dahua	Camera
8CE9EE	Intel Corporate	Computer
8CE9FF	Dell	Computer
8CEA12	Shenzhen MiaoMing	
8CEA1B	Edgecore	
8CEA48	Samsung	Phone
8CEA88	Chengdu Yocto	
8CEBC6	Huawei	Phone
8CEC4B	Dell	Computer
8CEC7B	Apple	Phone
8CEDE1	Ubiquiti	Router
8CEE17	Gyges	
8CEEC6	Precepscion	
8CEEFD	zte	Phone
8CF0DF	Beijing Zhongyuan	
8CF112	Motorola Mobility LLC,	Phone
8CF228	Mercury Communication	
8CF319	Siemens Industrial	
8CF3E7	solidotech	
8CF5A3	Samsung	Phone
8CF681	Silicon Laboratories	
8CF710	AMPAK	
8CF773	Nokia	
8CF813	Orange Polska	
8CF8C5	Intel Corporate	Computer
8CF945	Power Automation	
8CF957	RuiXingHengFang Network	
8CF9C9	MESADA	
8CFABA	Apple	Phone
8CFADD	Huawei	Phone
8CFCA0	Shenzhen Smart Device	
8CFD15	Imagine Marketing	
8CFD18	Huawei	Phone
8CFD49	Espressif	IoT
8CFDDE	Sagemcom Broadband SAS	Storage
8CFDF0	Qualcomm	IoT
8CFE57	Apple	Phone
8CFE74	Ruckus Wireless	Router
8CFEB4	Vsoontech Electronics	
90004E	Hon Hai Precision Ind	
9000DB	Samsung	Phone
900117	Huawei	Phone
90013B	Sagemcom Broadband SAS	Storage
900218	Sky Uk Limited	
90027A	Shenzhen Sworix	Smart Home
90028A	Shenzhen Shidean	
9002A9	Zhejiang Dahua	Camera
900325	Huawei	Phone
90032E	Taicang T&W	
900371	Quectel Wireless	
900372	Longnan Junya Digital	
9003B7	Parrot	
900628	Samsung	Phone
9006DB	Huawei	Phone
9006F2	Texas Instruments	IoT
900917	Far-sighted mobile	
9009D0	Synology Incorporated	Storage
9009DF	Intel Corporate	Computer
900A1A	Taicang T&W	
900A39	Wiio	
900A3A	PSG Plastic Service	
900A48	Samsung	Phone
900A62	Inventus Power	
900A75	New H3C	
900A84	Mellanox	Switch
900BC1	Sprocomm	
900C0F	Flume-io	
900CB4	Alinket Electronic	
900CC8	Google	
900D66	Digimore	
900DCB	Commscope	
900E83	Monico Monitoring	Smart Home
900E84	eero	
900E9E	Shenzhen SuperElectron	
900EB3	Shenzhen Amediatech	
900F0C	Cloud Network	
901057	Intel Corporate	Computer
901195	Amazon	
901234	Shenzhen YOUHUA	
9012A1	We	
9013DA	Athom	
9014AF	Cambium Networks Limited	Access Point
901506	Espressif	IoT
901564	IEEE Registration	
9016BA	Huawei	Phone
901711	Hagenuk	
90173F	Huawei	Phone
90179B	Nanomegas	
9017AC	Huawei	Phone
9017C8	Huawei	Phone
90185E	Apex Tool Group GmbH &	
90187C	Samsung Electro	Phone
9018AE	Shanghai Meridian	
901900	Scs	
901A4F	EM Microelectronic	
901ACA	Commscope	
901B0E	Fujitsu Technology	
901C9E	Alcatel-Lucent	VoIP
901D27	zte	Phone
901EDD	Great Computer	
901F09	Silicon Laboratories	
901F94	TP-Link	Router
90203A	BYD Precision	
902083	General Engine	
9020C2	Hewlett Packard	Computer
9020D7	Microsoft	Computer
902106	Sky Uk Limited	
90212E	Apption	
902155	HTC	
902181	Shanghai Huaqin Telecom	
90235B	Amazon	
9023B4	New H3C	
9023EC	Availink	
9025F2	Huawei	Phone
90272B	Algorab S.r.l	
902759	Nanjing Jiahao	
902778	Open Infrastructure	
9027E4	Apple	Phone
9028F6	Wuhan Yangtze Optical	
902962	Linkpower	
902AEE	Xiaomi	Phone
902B34	Giga-Byte	Computer
902BD2	Huawei	Phone
902C09	Apple	Phone
902CC7	C-MAX Asia Limited	
902CFB	CanTops Co,.Ltd	
902D77	Edgecore Americas	
902E16	LCFC(Hefei)	
902E1C	Intel Corporate	Computer
902E87	LabJack	
9030D6	Quectel Wireless	
90314B	AltoBeam	
903196	Shenzhen Ip-Com	
9031CD	Onyx Healthcare	
90324B	Hon Hai Precision Ind	
90342B	Gatekeeper	
9034FC	Hon Hai Precision Ind	
90356E	Vodafone Omnitel N.V	
9035A2	Apple	Phone
9035EA	Silicon Laboratories	
9036B2	Traton Ab	
903809	Ericsson AB	
90380C	Espressif	IoT
9038DF	Changzhou Tiannengbo	
90395E	Silicon Laboratories	
90395F	Amazon	
903A72	Ruckus Wireless	Router
903AA0	Nokia	
903AE6	Parrot	
903C1D	Hisense Visual	TV
903C92	Apple	Phone
903CAE	Yunnan KSEC Digital	
903CB3	Edgecore	
903CDA	Fiberhome	
903D5A	Shenzhen Wision	
903D68	G-Printec	
903D6B	Zicon	
903DBD	Secure Meters Limited	
903E7F	Fiberhome	
903EAB	Commscope	
903F86	New H3C	
903FC3	Huawei Device	Phone
903FEA	Huawei	Phone
9041B2	Ubiquiti	Router
9043E2	Cornami	
904506	Tokyo Boeki Medisys	
904528	Nintendo	Gaming
9046A2	Tedipay UK	
9046B7	Vadaro	
904716	Rorze	
90473C	China Mobile Group	
904748	Sony Interactive	Gaming
9047C2	Intel Corporate	Computer
904846	Texas Instruments	IoT
90486C	Ring	Smart Home
90489A	Hon Hai Precision Ind	
904992	YSTen	
9049FA	Intel Corporate	Computer
904C02	vivo Mobile	Phone
904C81	Hewlett Packard	Computer
904CC5	Apple	Phone
904CE5	Hon Hai Precision Ind	
904D4A	Sagemcom Broadband SAS	Storage
904DC3	Flonidan A/S	
904DE2	Apple	Phone
904E2B	Huawei	Phone
904E91	IEEE Registration	
90505A	unGlue	
90507B	Advanced PANMOBIL	
9050CA	Hitron	
90513F	Elettronica Santerno SpA	
9051F8	Hewlett Packard	Computer
9052BF	Sichuan Tianyi Comheart	
905446	Tes Electronic Solutions	
9054B7	Eltex Enterprise	
9055AE	Ericsson, EAB/RWI/K	
9055DE	Fiberhome	
905607	Sichuan AI-Link	
905671	Cisco	Router
905682	Lenbrook Industries	
905692	Autotalks	
9056FC	Tecno Mobile Limited	
905851	Vantiva USA	
90593C	Az-Technology Sdn Bhd	Phone
9059AF	Texas Instruments	IoT
905A08	Super Micro Computer	Server
905C34	Sirius Electronic	
905C44	Compal Broadband	
905D7C	New H3C	
905E44	Huawei	Phone
905F2E	TCT mobile	
905F7A	Apple	Phone
905F8D	modas	
9060F1	Apple	Phone
90610C	Fida International (S)	
9061AE	Intel Corporate	Computer
90623F	Apple	Phone
90633B	Samsung	Phone
90649B	Espressif	IoT
9064AD	Huawei	Phone
906560	EM Microelectronic	
906584	Intel Corporate	Computer
906717	Alphion India Private	
90671C	Huawei	Phone
9067B5	Alcatel-Lucent	VoIP
9067F3	Alcatel Lucent	VoIP
9068C3	Motorola Mobility LLC,	Phone
906976	Withrobot	
906A94	hangzhou huacheng	
906AEB	Microsoft	Computer
906C4B	Advance Security	
906CAC	Fortinet	Router
906D05	Bxb	
906D62	Cambium Networks Limited	Access Point
906DC8	DLG Automação	
906EBB	Hon Hai Precision Ind	
906F18	Afero	
906FA7	Funshion Online	
906FA9	Nanjing Putian	
907025	Garea Microsys	
907065	Texas Instruments	IoT
907069	Espressif	IoT
9070BF	Mimosa	
9070D3	Fiberhome	
907240	Apple	Phone
907282	Sagemcom Broadband SAS	Storage
90735A	Motorola Mobility LLC,	Phone
90742E	New H3C	
90749D	IRay	
9074AE	AzureWave	
9074F2	Huawei	Phone
9075BC	Nokia Shanghai Bell	
9075DE	Zebra	Printer
90769F	Shenzhen Mercury	
9077EE	Cisco	Router
907841	Intel Corporate	Computer
9078B2	Xiaomi	Phone
907910	Integrated Device	
907990	Benchmark Electronics	
9079CF	zte	Phone
907A0A	Gebr. Bode GmbH & Co	
907A28	Beijing Morncloud	
907A58	Zegna-Daidong Limited	
907ABE	Gsd Viet Nam Technology	
907ADA	China Dragon Technology	
907AF1	Wally	
907BC6	Texas Instruments	IoT
907E30	Lars	
907E43	zte	Phone
907EBA	Utek Technology	
907F61	Chicony	
908060	Nilfisk A/S	
90808F	Huawei Device	Phone
90812A	Apple	Phone
908158	Apple	Phone
908175	Samsung	Phone
908260	IEEE 1904.1 Working	
9082C3	Quanta Computer	Server
90834B	Beijing Yunyi Times	
90837A	General Electric Water	
90837E	Fiberhome	
90840D	Apple	Phone
90842B	LEGO System A/S	
90848B	HDR10+	
90848E	Fujian Star-Net	
908674	Sichuan Tianyi Comheart	
90869B	zte	Phone
908855	Cisco	Router
9088A2	Ionics Technology Me	
9088A9	IEEE Registration	
908938	Hefei Linkin	
90895F	Weifang Goertek	
908A80	Cisco	Router
908C09	Total Phase	
908C43	Apple	Phone
908C44	H.K Zongmu	
908C63	GZ Weedong Networks	
908D1D	GH	
908D6C	Apple	Phone
908D6E	Dell	Computer
908D78	D-Link	Router
908FCF	UNO System	
90903C	Trison	
909060	Rsi Video	
909164	ChongQing Lavid	
90916E	nFore	
90922C	Changzhi City Zhouyi	
9092B4	Diehl BGT Defence GmbH	
90935A	Commscope	
90940A	Analog Devices	
909497	Huawei	Phone
9094E4	D-Link	Router
909507	Huawei	Phone
9096F3	Buffalo.Inc	Storage
9097D5	Espressif	IoT
9097F3	Samsung	Phone
909838	Huawei Device	Phone
909864	Impex-Sat GmbH&Co	
909877	Vestel Elektronik San	
909916	ELVEES NeoTek OJSC	
909A4A	Tp-Link	Router
909A77	Texas Instruments	IoT
909B6F	Apple	Phone
909C4A	Apple	Phone
909D7D	Commscope	
909DAC	Infinix mobility limited	
909DE0	Newland Design + Assoc	
909E24	ekey biometric	
909F22	Zyxel	Router
909F33	EFM	
909F43	Accutron Instruments	
90A0BE	Cannice	
90A137	Beijing Splendidtel	
90A196	Private	
90A1BA	PNetworks Electronics	
90A210	United Telecoms	
90A25B	Apple	Phone
90A2DA	Gheo	
90A365	HMD Global Oy	
90A46A	Sisnet	
90A4DE	WNC	
90A57D	Huawei Device	Phone
90A5AF	Huawei	Phone
90A62F	Naver	
90A6BF	Quectel Wireless	
90A783	Jsw Pacific	
90A7BF	EM Microelectronic	
90A7C1	Pakedge Device and	
90A822	Amazon	
90A935	JWEntertainment	
90A9F7	IEEE Registration	
90AAC3	Hitron	
90AB96	Silicon Laboratories	
90AC3F	BrightSign	
90AC6D	Apple	Phone
90ADF7	vivo Mobile	Phone
90ADFC	Telechips	
90AE1B	Tp-Link	Router
90AF59	Choice IT Global	
90AFD1	netKTI	
90B021	Intel Corporate	Computer
90B0ED	Apple	Phone
90B11C	Dell	Computer
90B134	Commscope	
90B141	Motorola Mobility LLC,	Phone
90B144	Samsung	Phone
90B176	Intel Corporate	Computer
90B1E0	Beijing Nebula Link	
90B21F	Apple	Phone
90B339	Espressif	IoT
90B4DD	Zpt R&D	
90B57F	Shenzhen iComm	
90B622	Samsung	Phone
90B67A	Shenzhen Skyworth	
90B685	Weifang Goertek	
90B686	Murata Manufacturing	Smart Home
90B790	Apple	Phone
90B832	Extreme	Switch
90B8D0	Joyent	
90B8E0	Shenzhen Yanray	
90B931	Apple	Phone
90B942	zte	Phone
90B97D	Johnson Outdoors Marine	
90B9F9	Motorola Mobility LLC,	Phone
90BA09	Huawei	Phone
90BDE6	Quectel Wireless	
90BFD9	Smart Innovation	
90C115	Sony	
90C119	Nokia	
90C1C6	Apple	Phone
90C35F	Nanjing Jiahao	
90C54A	vivo Mobile	Phone
90C682	IEEE Registration	
90C710	zte	Phone
90C792	Commscope	
90C7D8	zte	Phone
90C952	Durin	
90C97E	Huawei	Phone
90C99B	Tesorion Nederland	
90CAFA	Google	
90CBA3	Tecno Mobile Limited	
90CC24	Synaptics	
90CC7A	Huawei Device	Phone
90CCDF	Intel Corporate	Computer
90CD1F	Quectel Wireless	
90CDB6	Hon Hai Precision Ind	
90CDE8	Apple	Phone
90CEB8	Texas Instruments	IoT
90CF15	Nokia	
90CF6F	Dlogixs	
90CF7D	Qingdao Hisense	TV
90D092	HUMAX	
90D11B	Palomar Medical	Medical
90D20B	Nokia Shanghai Bell	
90D3CF	Askey Computer	
90D432	zte	Phone
90D473	vivo Mobile	Phone
90D529	Accton	
90D689	Huahao Fangzhou	
90D733	Huawei	Phone
90D74F	Bookeen	
90D7BE	Wavelab Global	
90D7EB	Texas Instruments	IoT
90D852	Comtec	
90D8F3	zte	Phone
90D92C	Hug-Witschi	
90DA4E	Avanu	
90DA6A	FOCUS H&S	
90DA72	Espressif	IoT
90DAF9	Siemens Rail Automation	
90DB46	E-Lead Electronic	
90DD5D	Apple	Phone
90DE80	Shenzhen Century Xinyang	
90DF06	Ciena	
90DF7D	Realme Chongqing Mobile	Phone
90DFB7	s.m.s smart microwave	
90DFFB	Homerider	
90E0F0	IEEE 1722a Working	
90E17B	Apple	Phone
90E202	Texas Instruments	IoT
90E2BA	Intel Corporate	Computer
90E2FC	IEEE Registration	
90E317	Mellanox	Switch
90E468	Guangzhou Shiyuan	
90E4B0	SHARP	TV
90E5B1	Espressif	IoT
90E643	Tesla	Automotive
90E6BA	ASUSTek COMPUTER	Computer
90E710	New H3C	
90E7C4	HTC	
90E868	AzureWave	
90E95E	Cisco	Router
90EA60	SPI Lasers	
90EB48	Shanghai XinMiaoLink	
90EB50	Cisco	Router
90EC50	C.O.B.O. Spa	
90EC77	silicom	
90ECE3	Nokia	
90ECEA	Apple	Phone
90EEC7	Samsung	Phone
90EED9	Universal De	
90EF4A	Dongguan Liesheng	
90EF68	Zyxel	Router
90F005	Xi'an Molead	
90F04C	Nokia Solutions	
90F052	MEIZU	
90F157	Garmin	Wearable
90F1AA	Samsung	Phone
90F1B0	Hangzhou Anheng	
90F260	Shenzhen Honesty	Smart Home
90F278	Radius Gateway	
90F305	HUMAX	
90F3B7	Kirisun	
90F3B8	China Mobile Group	
90F421	IEEE Registration	
90F4C1	Rand McNally	
90F510	Technologie Optic.ca	
90F644	Huawei Device	Phone
90F652	Tp-Link	Router
90F721	IndiNatus (IndiNatus	
90F72F	Phillips Machine &	
90F7B2	New H3C	
90F80C	Samsung	Phone
90F82E	Amazon	
90F861	u-blox	
90F891	Kaon	
90F964	Rawasi Co	
90F970	Huawei	Phone
90F9B7	Huawei	Phone
90FB5B	Avaya	VoIP
90FB5D	Beijing Xiaomi Mobile	Phone
90FB93	Renesas Design US	
90FBA6	Hon Hai Precision Ind	
90FC55	Hyve Solutions	
90FD61	Apple	Phone
90FD73	zte	Phone
90FD9F	Silicon Laboratories	
90FEE2	Isif	
90FF79	Metro Ethernet Forum	
90FFD6	Honor Device	Phone
940006	jinyoung	
940070	Nokia	
9400B0	Huawei	Phone
940149	AutoHotBox	
94017D	Shenzhen	
9401AC	Wuhan Qianyang Iotian	
9401C2	Samsung	Phone
940230	Logitech	
94026B	Optictimes	
94049C	Huawei	Phone
9404E3	Vantiva USA	
9405B6	Liling FullRiver	
9405BB	IEEE Registration	
940853	Liteon	
9408C7	Huawei Device	Phone
940937	HUMAX	
9409C9	Alpsalpine Co,.Ltd	
9409D3	shenzhen maxtopic	
940B19	Huawei	Phone
940B2D	NetView	
940B83	zte	Phone
940BCD	Apple	Phone
940BD5	Himax	
940BFA	EM Microelectronic	
940C6D	Tp-Link	Router
940C98	Apple	Phone
940D2D	Universal	
940D4B	Cisco	Router
940E2A	NXP Semiconductors	IoT
940E5F	Apple	Phone
940E6B	Huawei	Phone
940EE7	Huawei	Phone
940F3B	Askey Computer	
94103E	Belkin	
941042	Fanox Electronic S.L	
94105A	Dell	Computer
9411DA	ITF Fröschl	
941457	Shenzhen Sundray	
94147A	vivo Mobile	Phone
9415B2	Huawei Device	Phone
941625	Apple	Phone
941673	Point Core SARL	
941700	Xiaomi	Phone
941724	Anhui Guoke Ruidian	
941787	Nokia	
941865	Netgear	Router
941882	Hewlett Packard	Computer
94193A	Elvaco AB	
941C56	Actiontec	
941D1C	TLab West Systems AB	
941DD4	Google	
941F3A	Ambiq	
941FA2	Wuhan YuXin	
942053	Nokia	
942157	Apple	Phone
942197	Stalmart Technology	
94224C	Qingdao Haier	Appliance
94236E	Shenzhen Junlan	
942453	Huawei	Phone
9424B8	Gree Electric	
9424E1	Alcatel-Lucent	VoIP
942533	Huawei	Phone
94261D	Huawei	Phone
94270E	Intel Corporate	Computer
942770	BSH Hausgeräte	
942790	TCT mobile	
94282E	New H3C	
94286F	zte	Phone
94290C	Shenyang wisdom	
94292F	New H3C	
942957	Airpo	
94298D	Shanghai AdaptComm	
942A3F	Diversey	
942A6F	Ubiquiti	Router
942B68	Apple	Phone
942CB3	HUMAX	
942D3A	Prizor Viztech Limited	Phone
942DDC	Samsung	Phone
942E17	Schneider Electric	Industrial
942E63	Finsécur	
94319B	Alphatronics	
9431CB	vivo Mobile	Phone
943251	Askey Computer	
9432C1	Honor Device	Phone
9433D8	Cisco	Router
9433DD	Taco	
94342F	Itel Mobile Limited	
943469	Silicon Laboratories	
94350A	Samsung	Phone
943589	Huawei	Phone
9436E0	Sichuan Bihong	TV
9437F7	Huawei Device	Phone
9438AA	Technology Innovation	
94390E	Intel Corporate	Computer
9439E5	Hon Hai Precision Ind	
943A91	Amazon	
943AF0	Nokia	
943B22	Netgear	Router
943BB0	New H3C	
943BB1	Kaon	
943C96	Sagemcom Broadband SAS	Storage
943CC6	Espressif	IoT
943DC9	Asahi Net	
943EE4	WiSA	
943EFD	IEEE Registration	
943F0C	Genexis	
943FBB	JSC RPC Istok named	
943FC2	Hewlett Packard	Computer
943FD6	Apple	Phone
9440A2	Anywave Communication	
9440C9	Hewlett Packard	Computer
9440F3	Huawei	Phone
9441C1	Mini-Cam Limited	
94434D	Ciena	
944444	LG Innotek	
944452	Belkin	
944560	Google	
944667	Cisco	Router
944696	BaudTec	
944788	Huawei	Phone
9447B0	Beijing Eswin Computing	
944996	WiSilica	
9449F6	Huawei Device	Phone
944A09	BitWise Controls	
944A0C	Sercomm	
944BF8	Tozo	
944E5B	Ubee Interactive Co.,	
944F4C	Sound United	
944FDB	Nokia	
945044	Texas Instruments	IoT
945047	Rechnerbetriebsgruppe	
945089	SimonsVoss	
945103	Samsung	Phone
94513D	iSmart Alarm	
9451BF	Hyundai ESG	
9451DC	Espressif	IoT
945244	Samsung	Phone
945330	Hon Hai Precision Ind	
9453FF	Intel Corporate	Computer
945493	Rigado	
9454A0	Fosilicon	
9454C5	Espressif	IoT
9454CE	Guangdong Oppo Mobile	Phone
9454DF	Yst	
945641	Palo Alto	Router
9457A5	Hewlett Packard	Computer
9458CB	Nintendo	Gaming
945907	Shanghai HITE-BELDEN	
945915	Amazon	
94592D	EKE Building	
945AEA	Huawei	Phone
945AFC	Amazon	
945B7E	Trilobit Ltda	
945C9A	Apple	Phone
945DBF	Nokia Solutions and	
945F34	Renesas Electronics	
946010	Huawei Device	Phone
9460D5	Hewlett Packard	Computer
94611E	Wata	
946124	Pason	
946269	Commscope	
94626D	Beijing Xiaomi	Phone
946372	vivo Mobile	Phone
9463D1	Samsung	Phone
946424	Hewlett Packard	Computer
946442	Celestica	
94652D	OnePlus Technology	Phone
94659C	Intel Corporate	Computer
9466E7	WOM Engineering	Smart Home
94677E	Belden India Private	
946A77	Vantiva USA	
946A7C	OnePlus Technology	Phone
946AB0	Arcadyan	
946C04	EM Microelectronic	
946DAE	Mellanox	Switch
94706C	Quectel Wireless	
9470D2	Winfirm	
9471AC	TCT mobile	
94720F	Guangdong Nanguang	
94742E	Mercusys	
94756E	QinetiQ North America	
9476B7	Samsung	Phone
94772B	Huawei	Phone
947806	Ningbo Sunvot	
947918	Itel Mobile Limited	
947AF4	Huawei	Phone
947BAE	Xiaomi	Phone
947BBE	Ubicquia	
947BE7	Samsung	Phone
947C3E	Polewall Norge AS	
947D77	Huawei	Phone
947EB9	National Narrowband	
947F1D	Shenzhen Fastrain	
947FD8	Shenzhen Skyworth	
9481A4	Azuray	
9482B2	GL Intelligence	
9483C4	GL Technologies (Hong	
94857A	Evantage	
9486CD	Seoul	
9486D4	Surveillance Pro	
94877C	Commscope	
9487E0	Xiaomi	Phone
948815	Infinique Worldwide	
948835	Crestron	
948854	Texas Instruments	IoT
94885E	Surfilter	
948978	Apple	Phone
948AC6	Realme Chongqing Mobile	Phone
948B03	EAGET Innovation and	
948B93	Xiaomi	Phone
948BC1	Samsung	Phone
948CD7	Hui Zhou Gaoshengda	
948D50	Beamex Oy Ab	
948DEF	Oetiker Schweiz	
948E6D	Nintendo	Gaming
948E89	Industrias Unidas Sa De	
948ED3	Arista	Switch
948FCF	Commscope	
948FEE	Verizon Telematics	
949010	Huawei	Phone
949034	Shenzhen Chuangwei-Rgb	
94917F	Askey Computer	
9492BC	Syntech(Hk) Technology	
9492D2	KCF	
949386	Shenzhen SiACRRIER	
949426	Apple	Phone
94944A	Particle	IoT
9495A0	Google	
94974F	Liteon	
9497AE	Guangdong Oppo Mobile	Phone
949869	zte	Phone
94988F	Sagemcom Broadband SAS	Storage
9498A2	Shanghai LISTEN TECH.LTD	
949901	Shenzhen YITOA Digital	
949990	VTC Telecommunications	
949AA9	Microsoft	Computer
949B2C	Extreme	Switch
949BFD	Trans New	
949C55	Alta Data	
949CBE	Huawei	Phone
949D57	Panasonic do Brasil	
949F3E	Sonos	Smart Home
949F3F	Optek Digital	
949F8B	zte	Phone
949FB4	ChengDu JiaFaAnTai	
94A04E	Bostex	
94A07D	Huawei Device	Phone
94A081	Silicon Laboratories	
94A1A2	AMPAK	
94A25D	Huawei	Phone
94A3CA	KonnectONE	
94A408	Shenzhen Trolink	
94A40C	Diehl Metering	Smart Home
94A4B5	Mitsubishi Electric	
94A4CE	Sensear	
94A4F9	Huawei	Phone
94A67E	Netgear	Router
94A6D8	New H3C	
94A748	New H3C	
94A7B7	zte	Phone
94A7BC	BodyMedia	
94A990	Espressif	IoT
94A9A8	Texas Instruments	IoT
94AA07	Nokia	
94AA0A	Fiberhome	
94AAB8	Joview(Beijing)	
94AB18	cellXica	
94ABDE	OMX Technology - FZE	
94ABFE	Nokia	
94ACCA	trivum	
94AD05	Huawei Device	Phone
94AD23	Apple	Phone
94AE61	Alcatel Lucent	VoIP
94AEE3	Belden Hirschmann	
94AEF0	Cisco	Router
94B01F	Apple	Phone
94B10A	Samsung	Phone
94B216	Silicon Laboratories	
94B271	Huawei	Phone
94B2CC	Pioneer	
94B34F	Ruckus Wireless	Router
94B3F7	Hui Zhou Gaoshengda	
94B40F	Hewlett Packard	Computer
94B555	Espressif	IoT
94B5AD	ERM Electronic	
94B609	Intel Corporate	Computer
94B819	Nokia	
94B86D	Intel Corporate	Computer
94B8C5	RuggedCom	
94B97E	Espressif	IoT
94B9B4	Aptos	
94BA06	Shenzhen Bilian	
94BA31	Visiontec da Amazônia	
94BA56	Shenzhen Coship	
94BB43	AzureWave	
94BBAE	Husqvarna AB	
94BDBE	TPV Display Technology	
94BE09	China Mobile Group	
94BE36	Adopt Nettech Pvt	
94BE46	Motorola (Wuhan)	Phone
94BE50	Remote Solution	
94BF1E	eflow Inc. / Smart	
94BF2D	Apple	Phone
94BF80	zte	Phone
94BF94	Juniper	Router
94BF95	Shenzhen Coship	
94BFC4	Ruckus Wireless	Router
94C014	Sorter Sp. j. Konrad	
94C038	Tallac	
94C150	2Wire	
94C2BD	Tecnobit	
94C2EF	Askey Computer	
94C36B	DRD Automation	
94C3E4	Atlas Copco IAS	
94C4E9	PowerLayer Microsystems	
94C5A6	Itel Mobile Limited	
94C691	EliteGroup Computer	
94C6EB	NOVA	
94C7A8	Jiangsu Huitong	
94C7AF	Raylios	
94C960	Zhongshan B&T	
94C962	Teseq	
94C9B7	IEEE Registration	
94CA0F	Honeywell Analytics	Industrial
94CA9A	Paul Vahle GmbH & Co	
94CBCD	zte	Phone
94CC04	IEEE Registration	
94CCB9	Commscope	
94CDAC	Creowave Oy	
94CDFD	eero	
94CE0F	Huawei Device	Phone
94CE2C	Sony	
94CE31	CTS Limited	
94CFB0	Huawei Device	Phone
94D00D	Huawei	Phone
94D019	Cydle	
94D029	Guangdong Oppo Mobile	Phone
94D075	CIS Crypto	
94D299	Techmation	
94D2BC	Huawei	Phone
94D331	Xiaomi	Phone
94D417	Gpi Korea	
94D469	Cisco	Router
94D505	Fiberhome	
94D54D	Huawei	Phone
94D60E	shenzhen yunmao	
94D6DB	NexFi	
94D723	Shanghai DareGlobal	
94D771	Samsung	Phone
94D859	TCT mobile	
94D86B	nass magnet Hungária Kft	
94D93C	Enelps	
94D9B3	Tp-Link	Router
94DB49	Sitcorp	
94DB56	Sony Home	
94DBC9	AzureWave	
94DBDA	Huawei	Phone
94DC4E	AEV, spol. s r. o	
94DD3F	A+V Link	
94DDF8	Brother	Printer
94DE0E	SmartOptics AS	
94DE80	Giga-Byte	Computer
94DEB8	Silicon Laboratories	
94DF34	Huawei	Phone
94DF4E	Wistron	
94DF58	IJ Electron	
94E0D0	HealthStream Taiwan	
94E0D6	China Dragon Technology	
94E129	Samsung	Phone
94E1AC	Hangzhou Hikvision	Camera
94E226	D. ORtiz Consulting	
94E23C	Intel Corporate	Computer
94E2FD	Boge Kompressoren OTTO	
94E300	Huawei	Phone
94E36D	Texas Instruments	IoT
94E3EE	zte	Phone
94E4BA	Huawei Device	Phone
94E686	Espressif	IoT
94E6BA	Samsung	Phone
94E6F7	Intel Corporate	Computer
94E70B	Intel Corporate	Computer
94E711	Xirka Dama Persada PT	
94E7EA	Huawei	Phone
94E7F3	Huawei	Phone
94E848	Fylde Micro	
94E8C5	Commscope	
94E96A	Apple	Phone
94E979	Liteon	
94E98C	Nokia	
94E9EE	Huawei Device	Phone
94EA32	Apple	Phone
94EAE7	Lynq	
94EAEA	Tellescom Industria E	
94EB2C	Google	
94EBCD	BlackBerry RTS	
94EC13	Hangzhou Ezviz Software	
94EC32	Silicon Laboratories	
94EE9F	HMD Global Oy	
94EF49	BDR Thermea	
94EF50	TP-Link	Router
94EF97	Edgecore Americas	
94F128	Hewlett Packard	Computer
94F19E	Huizhou Maorong	
94F278	Elma Electronic	
94F2BB	Valeo Vision	
94F392	Fortinet	Router
94F524	Chengdu BeiZhongWangXin	
94F551	Cadi Scientific	
94F665	Ruckus Wireless	Router
94F692	Geminico	
94F6A3	Apple	Phone
94F6D6	Apple	Phone
94F6F2	Honor Device	Phone
94F717	Cig Shanghai	
94F720	Tianjin Deviser	
94F7AD	Juniper	Router
94F7BE	Sercomm Philippines	
94F827	Shanghai Imilab	
94F929	Meta Platforms	
94FAE8	Shenzhen Eycom	
94FB29	Zebra	Printer
94FBA7	IEEE Registration	
94FBB2	Shenzhen Gongjin	
94FC87	Hirschmann Automation	
94FD1D	WhereWhen	
94FD2E	Shanghai Uniscope	
94FE22	Huawei	Phone
94FE9D	Shenzhen Gongjin	
94FEF4	Sagemcom Broadband SAS	Storage
94FF06	Hewlett Packard	Computer
94FF34	Hanshow	
94FF3C	Fortinet	Router
94FF61	China Mobile Group	
94FF7D	AltoBeam	
98006A	zte	Phone
980074	Raisecom	
9800C1	GuangZhou CREATOR	
9800C6	Apple	Phone
9801A7	Apple	Phone
980284	Theobroma	
9802D8	IEEE Registration	
98038A	Texas Instruments	IoT
98038E	TP-Link	Router
98039B	Mellanox	Switch
9803A0	ABB n.v. Power Quality	Industrial
9803CF	Shenzhen Bilian	
9803D8	Apple	Phone
98045F	Huawei Device	Phone
980637	IEEE Registration	
98063A	Home Control Singapore	
98063C	Samsung	Phone
9806A3	Gsd Viet Nam Technology	
980709	Huawei Device	Phone
98072D	Texas Instruments	IoT
980802	Orbis	
980818	AltoBeam	
9809CF	OnePlus Technology	Phone
980A4B	Nokia Solutions and	
980C33	Silicon Laboratories	
980C82	Samsung Electro	Phone
980CA5	Motorola (Wuhan)	Phone
980D2E	HTC	
980D51	Huawei Device	Phone
980D67	Zyxel	Router
980D6F	Samsung	Phone
980DAF	Apple	Phone
980E24	Phytium	
980EE4	Private	
981082	Nsolution	
981094	Shenzhen Vsun	
9810E8	Apple	Phone
9811CC	Ciena	
981223	Tarmoc	
9812B7	Karst.Ai	
9812E0	Xiaomi	Phone
981333	zte	Phone
9814D2	Avonic	
9816CD	leapio	
9816EC	IC Intracom	
98171A	Beijing Xiaomi Mobile	Phone
98173C	Private	
9817F1	zte	Phone
981888	Cisco Meraki	Router
98192C	Edgecore	
981A35	Huawei	Phone
981BB5	ASSA ABLOY Korea Co.,	
981C42	Laiier	
981CA2	Apple	Phone
981DAC	Cyviz AS	
981DFA	Samsung	Phone
981E0F	Jeelan (Shanghai Jeelan	
981E19	Sagemcom Broadband SAS	Storage
981E89	Tianyi Telecom	
981FB1	Shenzhen Lemon	
982044	New H3C	
98208E	Definium	
98226E	Amazon	
9822EF	Liteon	
98234E	Micromedia	
98247B	Huawei	Phone
98254A	TP-Link	Router
98256E	Private	
98262A	Applied Research	
9826AD	Quectel Wireless	
982782	IEEE Registration	
98288B	zhejiang Dusun Electron	
9828A6	Compal Information	
98291D	Jaguar de Mexico, SA de	
98293F	Fujian Start Computer	
9829A6	Compal Information	
982A0A	Intelbras	
982AC3	Silicon Laboratories	
982AFD	Huawei	Phone
982BA6	Motorola Mobility LLC,	Phone
982CBC	Intel Corporate	Computer
982CBE	2Wire	
982CC6	Sernet (Suzhou)	
982D56	Resolution Audio	Automotive
982D68	Samsung	Phone
982DBA	Fibergate	
982F3C	Sichuan Changhong	
982F86	vivo Mobile	Phone
982FF8	Huawei Device	Phone
983000	Beijing KEMACOM	
983071	Daikyung Vascom	
983268	Silicon Laboratories	
98348C	Great Talent Technology	
98349D	Krauss Maffei	
983571	Sub10	
9835B8	Assembled Products	
9835ED	Huawei	Phone
983713	PT.Navicom Indonesia	
98387D	Itronic Technology Co	
983910	Kaon	
98398E	Samsung	Phone
9839C0	Flextronics	
983A1F	Google	
983B16	AMPAK	
983B67	DWnet	
983B8A	Sekisui Jushi CAP-AI	
983B8F	Intel Corporate	Computer
983C8C	Apple	Phone
983DAE	Espressif	IoT
983F60	Huawei	Phone
983F66	Funshion Online	
983F9F	China SSJ (Suzhou)	
983FA4	zte	Phone
983FE8	Samsung	Phone
9840BB	Dell	Computer
9840D4	Vantiva Connected Home	
98415C	Nintendo	Gaming
984246	Sol Industry Pte	
984265	Sagemcom Broadband SAS	Storage
9842AB	GN Hearing A/S	Smart Home
9843DA	Intertech	
9843FA	Intel Corporate	Computer
9844B6	Infranor Sas	
9844CE	Huawei	Phone
984562	Shanghai Baud Data	
98460A	Apple	Phone
98473C	Shanghai Sunmon	
984744	Shenzhen Boomtech	
984827	Tp-Link	Router
984874	Huawei	Phone
984914	WNC	
984925	Juniper	Router
98499F	Domo Tactical	
9849E1	Boeing Defence Australia	
984A47	CHG Hospital Beds	
984A6B	Ruijie	
984B06	Huawei	Phone
984B4A	Commscope	
984BE1	Hewlett Packard	Computer
984C04	Zhangzhou Keneng	
984CD3	Mantis Deposition	
984E8A	Samsung	Phone
984E97	Starlight Marketing (H.	
984FEE	Intel Corporate	Computer
98502E	Apple	Phone
9850A3	Signaltek Jsc	
985207	Huawei	Phone
98523D	Sunitec Enterprise	
98524A	Vantiva USA	
9852B1	Samsung	Phone
98535F	Huawei	Phone
98541B	Intel Corporate	Computer
9857D3	Hon Hai-Ccpbg Precision	
98588A	SYSGRATION	
985945	Texas Instruments	IoT
985949	Luxottica Group S.P.A	
98597A	Intel Corporate	Computer
985A98	Huawei	Phone
985AEB	Apple	Phone
985B76	Vantiva Connected Home	
985BB0	Kmdata	
985C93	SBG Systems SAS	
985D46	PeopleNet Communication	
985D82	Arista	Switch
985DAD	Texas Instruments	IoT
985E1B	ConversDigital	
985F41	Intel Corporate	Computer
985F4F	Tongfang Computer	
985FD3	Microsoft	Computer
986022	EMW	
9860CA	Apple	Phone
986110	Huawei	Phone
986297	Shenzhen Techwinsemi	
986610	zte	Phone
9866EA	Industrial Control	
98672E	Skullcandy	
98698A	Apple	Phone
986B3D	Commscope	
986C5C	Jiangxi Gosun Guard	
986CF5	zte	Phone
986D35	IEEE Registration	
986DC8	Toshiba	
986EE8	IEEE Registration	
986F60	Guangdong Oppo Mobile	Phone
9870E8	Innatech Sdn Bhd	
9873C4	Sage Electronic	Smart Home
98743D	Shenzhen Jun Kai Hengye	
9874DA	Infinix mobility limited	
98751A	Huawei Device	Phone
987552	Xiaomi	Phone
987596	EM Microelectronic	
9876B6	Adafruit	IoT
987770	Pep Digital Technology	
9877CB	Vorteks ED	
9877D5	WiZ	
9877E7	Kaon	
987800	TCT mobile	
987A10	Ericsson AB	
987A14	Microsoft	Computer
987A9B	TCL MOKA International	Phone
987BF3	Texas Instruments	IoT
987DDD	China Mobile Group	
987E46	Emizon Networks Limited	
987EB5	Huawei Device	Phone
987ECA	Inventus Power	
987EE3	vivo Mobile	Phone
9880BB	IEEE Registration	
9880EE	Samsung	Phone
98818A	Huawei Device	Phone
988217	Disruptive	
988389	Samsung	Phone
9884E3	Texas Instruments	IoT
98865D	Nokia Shanghai Bell	
98868B	Juniper	Router
9886B1	Flyaudio corporation	Automotive
988744	Wuxi Hongda Science and	
98874C	Servercom (India)	
98876C	Huawei Device	Phone
98886C	Huawei Device	Phone
9888E0	Espressif	IoT
988924	Texas Instruments	IoT
9889ED	Anadem Information	
988B0A	Hangzhou Hikvision	Camera
988B5D	Sagemcom Broadband SAS	Storage
988B69	Shenzhen hylitech	
988BAD	Corintech	
988CB3	Sichuan Tianyi Comheart	
988D46	Intel Corporate	Computer
988E34	Zhejiang Boxsam	
988E4A	Noxus(Beijing)	
988E79	Qudelix	
988ED4	Itel Mobile Limited	
988EDD	TE Connectivity Limerick	
988F00	Hewlett Packard	Computer
988FE0	IEEE Registration	
989080	Linkpower Network System	
989096	Dell	Computer
9893CC	Lg	Phone
989449	Skyworth Wireless	
9897CC	Tp-Link	Router
9897D1	MitraStar	
9898FB	Google	
989AB9	zte	Phone
989BCB	AVM Audiovisuelles	Automotive
989C57	Huawei	Phone
989D39	China Mobile Group	
989D40	Miwa Lock	
989D5D	Vantiva USA	
989DB2	GOIP Global Services Pvt	
989DE5	Hangzhou Hikvision	Camera
989E63	Apple	Phone
989E80	tonies	
989E85	Honor Device	Phone
989F1A	Private	
989F1E	Huawei	Phone
98A14A	Quectel Wireless	
98A2C0	Cisco	Router
98A316	Espressif	IoT
98A375	Huawei Device	Phone
98A404	Ericsson AB	
98A40E	Snap	
98A44E	IEC Technologies S. de	
98A5F9	Apple	Phone
98A7B0	Mcst Zao	
98A829	AltoBeam	
98A878	Agnigate Technologies	
98A92D	New H3C	
98A942	Tozed Kangwei	
98A965	AVM Audiovisuelles	Automotive
98AA3C	Will i-tech	
98AAD7	Blue Wave Networking	
98AAFC	IEEE Registration	
98AB15	Fujian Youyike	
98ACEF	Realme Chongqing Mobile	Phone
98AD1D	Huawei Device	Phone
98AE71	VVDN Technologies Pvt	
98AF65	Intel Corporate	Computer
98B039	Nokia	
98B08B	Samsung	Phone
98B177	Landis+Gyr	
98B379	Apple	Phone
98B3EF	Huawei Device	Phone
98B6E9	Nintendo	Gaming
98B71E	Infinix mobility limited	
98B785	Shenzhen 10Gtek	
98B8BA	LG Electronics (Mobile	Phone
98B8BC	Samsung	Phone
98B8E3	Apple	Phone
98BA39	Doro AB	
98BA5F	TP-Link	Router
98BB1E	BYD Precision	
98BB99	Phicomm (Sichuan)	
98BC57	Sva	
98BC99	Edeltech	
98BD80	Intel Corporate	Computer
98BE94	Ibm	
98BEDC	Honor Device	Phone
98BFF4	MARKIN	
98C08A	Huawei	Phone
98C0EB	Global Regency	
98C377	Espressif	IoT
98C3D2	Ningbo Sanxing Medical	Medical
98C5B3	New H3C	
98C5DB	Ericsson AB	
98C7A4	Shenzhen HS Fiber	
98C81C	Baytec Limited	
98C845	PacketAccess	
98C854	Chiun Mai Communication	
98C8B8	vivo Mobile	Phone
98C97C	Shenzhen iComm	
98C9BE	Shenzhen SDMC	
98CA20	Shanghai SIMCOM	
98CA33	Apple	Phone
98CB27	Galore Networks Pvt	
98CB38	Boxin Communications	
98CBA4	Benchmark	
98CC4D	Shenzhen mantunsci	
98CCD9	Shenzhen SuperElectron	
98CCE4	Shenzhen Mindray Animal	Medical
98CCF3	Amazon	
98CDAC	Espressif	IoT
98CDB4	Virident	
98CF53	Bbk Educational	
98CF7D	Apple	Phone
98D293	Google	
98D331	Shenzhen Bolutek	
98D3D2	MEKRA Lang GmbH & Co	
98D3D7	Huawei	Phone
98D3E7	Netafim L	
98D686	Chyi Lee industry	
98D6BB	Apple	Phone
98D6F7	LG Electronics (Mobile	Phone
98D742	Samsung	Phone
98D7E1	Cisco	Router
98D863	Shanghai High-Flying	
98D88C	Nortel	
98D93D	Demant Enterprise A/S	
98DA92	Vuzix	
98DAC4	Tp-Link	Router
98DCD9	UNITEC	
98DD5B	Takumi Japan	
98DD60	Apple	Phone
98DDEA	Infinix mobility limited	
98DED0	Tp-Link	Router
98DF82	Hangzhou Hikvision	Camera
98E081	Beijing Xiaomi Mobile	Phone
98E0D9	Apple	Phone
98E165	Accutome	
98E255	Nintendo	Gaming
98E301	Shenzhen Sundray	
98E476	Zentan	
98E55B	Intelbras	
98E743	Dell	Computer
98E79A	Foxconn(NanJing)	
98E7D5	NXP Semiconductor	IoT
98E7F4	Hewlett Packard	Computer
98E7F5	Huawei	Phone
98E848	Axiim	
98E859	Apple	Phone
98E8FA	Nintendo	Gaming
98EC65	Cosesy ApS	
98ED5C	Tesla	Automotive
98ED7E	eero	
98EDCA	Fiberhome	
98EE8C	zte	Phone
98EE94	Xiaomi	Phone
98EECB	Wistron Infocomm	
98EF9B	Ohsung	
98F04C	Cisco	Router
98F058	Lynxspring, Incl	Smart Home
98F07B	Texas Instruments	IoT
98F083	Huawei	Phone
98F0AB	Apple	Phone
98F112	Hangzhou Hikvision	Camera
98F170	Murata Manufacturing	Smart Home
98F181	New H3C	
98F199	NEC Platforms	
98F1AE	Senaisc	
98F217	Castlenet	
98F2B3	Hewlett Packard	Computer
98F3F6	Huawei	Phone
98F428	zte	Phone
98F487	Texas Instruments	IoT
98F4AB	Espressif	IoT
98F537	zte	Phone
98F5A9	Ohsung	
98F621	Xiaomi	Phone
98F67A	Chipsea Technologies	
98F781	Commscope	
98F7D7	Commscope	
98F8C1	IDT Technology Limited	
98F8DB	Marini Impianti	
98F9C7	IEEE Registration	
98F9CC	Zhejiang Dahua	Camera
98FA2E	Sony Interactive	Gaming
98FA9B	LCFC(Hefei)	
98FAA7	Innonet	
98FAE3	Xiaomi	Phone
98FB12	Grand Electronics (HK)	
98FB27	Samsung	Phone
98FBF5	Atraltech	
98FC11	Cisco-Linksys	Router
98FC84	IEEE Registration	
98FD74	Act.Co.Ltd	
98FDB4	Primax	
98FE03	Ericsson - North America	
98FE3E	Intel Corporate	Computer
98FE54	Raspberry Pi (Trading)	IoT
98FE94	Apple	Phone
98FEE1	Apple	Phone
98FF6A	OTEC(Shanghai)Technology	
98FFD0	Lenovo Mobile	Computer
9A1B22	InfoCore	
9A564B	Cubix	
9A5CC3	NuCOMM	
9AADCA	Credo	
9AB2F8	SFF Committee	
9AD263	FirmTek	
9C00D3	SHENZHEN IK WORLD	
9C0111	Shenzhen Newabel	
9C0298	Samsung	Phone
9C0351	Huawei	Phone
9C039E	Beijing Winchannel	
9C0473	Tecmobile	
9C04B6	Quectel Wireless	
9C04EB	Apple	Phone
9C0567	Honor Device	Phone
9C0591	Mellanox	Switch
9C05D6	Ubiquiti	Router
9C061B	Hangzhou H3C	
9C066E	Hytera Communications	
9C06CF	PLAUD	
9C0971	New H3C	
9C098B	Cisco	Router
9C09CA	Huawei Device	Phone
9C0B05	eero	
9C0C35	Shenzhenshi Xinzhongxin	
9C0CDF	Guangdong Oppo Mobile	Phone
9C0DAC	Tymphany HK Limited	
9C0E4A	Shenzhen Vastking	
9C0E51	Schneider Electric	Industrial
9C1221	Sichuan AI-Link	
9C139E	Espressif	IoT
9C13AB	Chanson Water	
9C1463	Zhejiang Dahua	Camera
9C1465	Edata Elektronik San.	
9C1874	Nokia Danmark A/S	
9C19C2	Dongguan Liesheng	
9C1A25	Apple	Phone
9C1C12	Hewlett Packard	Computer
9C1C37	AltoBeam	
9C1C6D	Hefei Datang Storage	
9C1D36	Huawei	Phone
9C1D58	Texas Instruments	IoT
9C1E95	Actiontec	
9C1EA4	Renesas Electronics	
9C1ECE	ALT	
9C1ECF	Valeo Telematik und	
9C1FCA	Hangzhou AlmightyDigit	
9C1FDD	Accupix	
9C1FE6	Shenzhen Skyworth	
9C207B	Apple	Phone
9C216A	Tp-Link	Router
9C2183	Broadcom Limited	
9C220E	TASCAN	
9C2410	Bouffalo Lab (Nanjing)	
9C2472	Sagemcom Broadband SAS	Storage
9C2595	Samsung	Phone
9C25BE	Wildlife Acoustics	
9C2840	Discovery	
9C28B3	Apple	Phone
9C28BF	AUMOVIO Czech Republic	
9C28EF	Huawei	Phone
9C28F7	Xiaomi	Phone
9C293F	Apple	Phone
9C2976	Intel Corporate	Computer
9C2A70	Hon Hai Precision Ind	
9C2A83	Samsung	Phone
9C2BA6	Ruijie	
9C2D49	Nanowell Info Tech Co.,	
9C2DCD	LCFC(Hefei)	
9C2DCF	Shishi Tongyun	
9C2E7A	Samsung	Phone
9C2EA1	Xiaomi	Phone
9C2F4E	zte	Phone
9C2F73	Universal Tiancheng	
9C2F9D	Liteon	
9C305B	Hon Hai Precision Ind	
9C3066	RWE Effizienz	
9C3178	Foshan Huadian	
9C31B6	Kulite Semiconductor	
9C31C3	Sky Uk Limited	
9C32A9	Sichuan Tianyi Comheart	
9C32CE	Canon	Camera
9C3312	Treon Oy	
9C3426	Commscope	
9C3583	Nipro Diagnostics	
9C35EB	Apple	Phone
9C36F8	Hyundai Kefico	
9C3708	Hewlett Packard	Computer
9C37CB	Sony Interactive	Gaming
9C37F4	Huawei	Phone
9C3818	Cisco	Router
9C3928	Samsung	Phone
9C3A9A	Shenzhen Sundray	
9C3AAF	Samsung	Phone
9C3B91	Vssl	
9C3DCF	Netgear	Router
9C3E53	Apple	Phone
9C3EAA	EnvyLogic	
9C40CD	Synclayer	
9C417C	Hame Technology Co.,	
9C431E	IEEE Registration	
9C443D	Chengdu Xuguang	
9C44A6	SwiftTest	
9C4563	DIMEP Sistemas	
9C45F0	Skylark Electronics Pvt	
9C4711	Accton	
9C4782	Tp-Link	Router
9C47F4	Nokia	
9C47F9	LJU	
9C4929	Huawei	Phone
9C4952	Dongguan Liesheng	
9C497F	Integrated Device	
9C4A7B	Nokia	
9C4B6B	iFlight Technology	
9C4CAE	Mesa	
9C4DC2	Cisco	Router
9C4E20	Cisco	Router
9C4E36	Intel Corporate	Computer
9C4E8E	ALT	
9C4EBF	BoxCast	
9C4F5F	Google	
9C4FAC	zte	Phone
9C4FCF	TCT mobile	
9C4FDA	Apple	Phone
9C50D1	Murata Manufacturing	Smart Home
9C50EE	Cambridge	
9C5187	Sunitec Technology	
9C52F8	Huawei	Phone
9C5322	TP-Link	Router
9C5385	PT. Hartono Istana	
9C53CD	ENGICAM s.r.l	
9C5416	Cisco	Router
9C541C	Shenzhen My-power	
9C5440	ChengDu TD	
9C5467	Nokia	
9C54C2	New H3C	
9C54CA	Zhengzhou VCOM Science	
9C54DA	SkyBell	
9C558F	Lockin	
9C55B4	I.S.E. S.r.l	
9C5636	Huawei Device	Phone
9C5711	Feitian Xunda(Beijing)	
9C5766	Huawei	Phone
9C57AD	Cisco	Router
9C57BC	eero	
9C583C	Apple	Phone
9C5884	Apple	Phone
9C5A44	Compal Information	
9C5A80	Juniper	Router
9C5A81	Xiaomi	Phone
9C5A8A	Dji Baiwang	
9C5B96	NMR	
9C5C8D	Firemax Indústria E	
9C5C8E	ASUSTek COMPUTER	Computer
9C5CF9	Sony	
9C5D12	Extreme	Switch
9C5D95	VTC	
9C5E73	Calibre UK	
9C5F5A	Guangdong Oppo Mobile	Phone
9C5FB0	Samsung	Phone
9C6076	Apple	Phone
9C611D	Panasonic Corporation	
9C6121	Sichuan Tianyi Comheart	
9C61D7	Huawei	Phone
9C62AB	Sumavision	
9C635B	zte	Phone
9C63C0	Mellanox	Switch
9C63ED	zte	Phone
9C645E	Harman Consumer	Automotive
9C648B	Apple	Phone
9C65B0	Samsung	Phone
9C65EB	Intel Corporate	Computer
9C65EE	Zhone	
9C65F9	AcSiP	
9C65FA	AcSiP	
9C6650	Glodio Technolies	
9C6697	Cisco	Router
9C67D6	Intel Corporate	Computer
9C685B	Octonion	
9C6865	Fiberhome	
9C6937	Qorvo	
9C69B4	IEEE Registration	
9C69D1	Huawei	Phone
9C69D3	ASIX	
9C69ED	Arista	Switch
9C6ABE	QEES ApS	
9C6B00	ASRock Incorporation	
9C6B37	Renesas Electronics	
9C6B72	Realme Chongqing	Phone
9C6BF0	Shenzhen Yipingfang	
9C6C15	Microsoft	Computer
9C6D92	Shanghai Kanghai	
9C6F52	zte	Phone
9C713A	Huawei	Phone
9C7370	Huawei	Phone
9C73B1	Samsung	Phone
9C7403	Guangdong Oppo Mobile	Phone
9C741A	Huawei	Phone
9C746F	Huawei	Phone
9C7514	Wildix	
9C756E	Ajax Systems DMCC	
9C760E	Apple	Phone
9C7613	Ring	Smart Home
9C77AA	Nadasnv	
9C79AC	Suntec	
9C79E3	Apple	Phone
9C7A03	Ciena	
9C7BD2	NEOLAB Convergence	
9C7BEF	Hewlett Packard	Computer
9C7C1E	Cloud Network	
9C7DA3	Huawei	Phone
9C7DC0	Tech4home, Lda	
9C7F57	UNIC Memory	
9C7F64	Nanjing Qinheng	
9C7F81	Shenzhen Fast	
9C803D	TCT mobile	
9C807D	SYSCABLE Korea	
9C80DF	Arcadyan	
9C823F	Huawei Device	Phone
9C8275	Yichip Microelectronics	
9C8281	vivo Mobile	Phone
9C8306	Samsung	Phone
9C83BF	PRO-VISION	
9C84B6	Shenzhen iComm	
9C84BF	Apple	Phone
9C8566	Wingtech Mobile	
9C862B	Motorola Solutions	Phone
9C86DA	Phoenix Geophysics	
9C8824	PetroCloud	
9C8888	Simac Techniek NV	
9C88AD	Fiberhome	
9C891E	FireBrick	
9C8ACB	Juniper	Router
9C8BA0	Apple	Phone
9C8BF1	The Warehouse Limited	
9C8C6E	Samsung	Phone
9C8CD8	Hewlett Packard	Computer
9C8D1A	INTEG process	
9C8D7C	Alpsalpine Co,.Ltd	
9C8DD3	Leonton	
9C8E99	Hewlett Packard	Computer
9C8E9C	Huawei Device	Phone
9C8ECD	Amcrest	Camera
9C8EDC	Teracom Limited	
9C8FA9	Genexis	
9C9019	Beyless	
9C924F	Apple	Phone
9C934E	Xerox	Printer
9C935C	Unisyue Technologies	
9C93B0	Megatronix (Beijing)	
9C93E4	Private	
9C9561	Hui Zhou Gaoshengda	
9C9567	Huawei Device	Phone
9C956E	Microchip	IoT
9C95F8	SmartDoor	
9C9613	Lenovo Future	Computer
9C961B	IFTER Jerzy Taczalski	
9C971B	Intel Corporate	Computer
9C9726	Vantiva Technologies	
9C9774	Huawei	Phone
9C9789	1More	
9C9793	Huawei	Phone
9C9811	Guangzhou Sunrise	
9C99A0	Xiaomi	Phone
9C99CD	Voippartners	
9C9AC0	LEGO System A/S	
9C9C1D	Starkey	
9C9C1F	Espressif	IoT
9C9C40	Sichuan Tianyi Comheart	
9C9D07	FN-LINK	
9C9D5D	Raden	
9C9D7E	Beijing Xiaomi Mobile	Phone
9C9E03	awayfrom	
9C9E6E	Espressif	IoT
9C9E71	Huawei Device	Phone
9C9ED5	Xiaomi	Phone
9CA10A	Scle Sfe	
9CA134	Nike	
9CA2F4	TP-Link	Router
9CA389	Nokia	
9CA3A9	Guangzhou Juan Optical	
9CA3BA	SAKURA Internet	
9CA513	Samsung	Phone
9CA525	Shandong USR IOT	
9CA570	eero	
9CA577	Osorno Enterprises	
9CA5C0	vivo Mobile	Phone
9CA615	Tp-Link	Router
9CA69D	Whaley	
9CA6D8	Fiberhome	
9CA9B8	Cisco	Router
9CA9C5	Apple	Phone
9CA9E4	zte	Phone
9CAA1B	Microsoft	Computer
9CAA5D	Guangdong Oppo Mobile	Phone
9CAC6D	Universal	
9CAD97	Hon Hai Precision Ind	
9CADEF	Obihai	
9CAED3	Seiko Epson	Printer
9CAF6F	Itel Mobile Limited	
9CAFCA	Cisco	Router
9CB008	Ubiquitous Computing	
9CB150	Intel Corporate	Computer
9CB1DC	Earda	
9CB206	HMS Industrial	Computer
9CB2B2	Huawei	Phone
9CB2E8	Huawei	Phone
9CB400	zte	Phone
9CB654	Hewlett Packard	Computer
9CB6D0	Rivet	
9CB70D	Liteon	
9CB793	Creatcomm	
9CB8B4	AMPAK	
9CBAC9	Telit Communication	
9CBB98	Shen Zhen RND Electronic	
9CBCA6	Hewlett Packard	Computer
9CBCF0	Xiaomi	Phone
9CBD6E	DERA	
9CBD9D	SkyDisk	
9CBEE0	Biosoundlab	
9CBF0D	Framework Computer	
9CBFCD	Huawei	Phone
9CC077	PrintCounts	
9CC0D2	Conductix-Wampfler	
9CC12D	GD Midea	Appliance
9CC172	Huawei	Phone
9CC2C4	IEIT	
9CC394	Apple	Phone
9CC7A6	AVM	
9CC7B1	Elitegroup Computer	
9CC7D1	SHARP	TV
9CC7D3	AzureWave	
9CC893	Juniper	Router
9CC8AE	Becton, Dickinson and	
9CC8E9	Amazon	
9CC8FC	Commscope	
9CC950	Baumer	
9CC9EB	Netgear	Router
9CCAD9	Nokia	
9CCBF7	Cloud Star	
9CCC01	Espressif	IoT
9CCC83	Juniper	Router
9CCD42	Dongguan Liesheng	
9CCD82	Cheng Uei Precision	
9CCE22	PROMED Soest	
9CCE88	Ruijie	
9CD1D0	Guangzhou Ronsuo	
9CD21E	Hon Hai Precision Ind	
9CD24B	zte	Phone
9CD332	PLC	
9CD35B	Samsung	Phone
9CD36D	Netgear	Router
9CD48B	Innolux Technology	
9CD4A6	Servercom (India)	
9CD57D	Cisco	Router
9CD643	D-Link	Router
9CD8E3	Wuhan Huazhong	
9CD917	Motorola Mobility LLC,	Phone
9CD9CB	Lesira Manufacturing	Smart Home
9CDA36	Tecno Mobile Limited	
9CDA3E	Intel Corporate	Computer
9CDAA8	Apple	Phone
9CDAB7	Hewlett Packard	Computer
9CDB07	Yellowtec	
9CDBAF	Huawei	Phone
9CDBCB	Funshion Online	
9CDC71	Hewlett Packard	Computer
9CDC99	Extreme	Switch
9CDD1F	Intelligent Steward	
9CDE4D	ML vision	
9CDEF0	Jiangxi Risound	
9CDF03	Harman/Becker Automotive	Automotive
9CDF8A	Huawei	Phone
9CDFB1	Shenzhen Crave	
9CDFB3	NXP Semiconductor	IoT
9CE041	Nokia	
9CE063	Samsung	Phone
9CE10E	NCTech	
9CE176	Cisco	Router
9CE1D6	Junger	Automotive
9CE230	Julong Co,.Ltd	
9CE330	Cisco Meraki	Router
9CE33F	Apple	Phone
9CE374	Huawei	Phone
9CE450	IEEE Registration	
9CE549	IEEE Registration	
9CE635	Nintendo	Gaming
9CE65E	Apple	Phone
9CE6E7	Samsung	Phone
9CE7BD	Winduskorea	
9CE82B	vivo Mobile	Phone
9CE895	New H3C	
9CE91C	zte	Phone
9CE91E	Tejas	
9CE951	Shenzhen Sang Fei	
9CEA97	Honor Device	Phone
9CEBE8	BizLink (Kunshan)	
9CEC61	Huawei Device	Phone
9CEDFA	EVUlution	
9CEFD5	Panda Wireless	
9CF029	Integrated Device	
9CF155	Nokia	
9CF1D4	Roku	TV
9CF27E	Samsung	Phone
9CF387	Apple	Phone
9CF3AC	Apple	Phone
9CF48E	Apple	Phone
9CF531	Guangdong Oppo Mobile	Phone
9CF55F	Harman/Becker Automotive	Automotive
9CF61A	Carrier Fire & Security	Thermostat
9CF67D	Ricardo Prague, s.r.o	
9CF6DD	IEEE Registration	
9CF86B	AgiTech Distribution	
9CF8B8	Shenzhen Skyworth	
9CF8DB	shenzhen eyunmei	
9CF938	AREVA NP	
9CF9A1	Juniper	Router
9CFA3C	Daeyoung	
9CFA76	Apple	Phone
9CFA96	T3	
9CFB77	Guangdong Oppo Mobile	Phone
9CFBD5	vivo Mobile	Phone
9CFBF1	MESOMATIC GmbH & Co.KG	
9CFC01	Apple	Phone
9CFC28	Apple	Phone
9CFCD1	Aetheris Technology	
9CFCE8	Intel Corporate	Computer
9CFEA1	Fiberhome	
9CFFBE	OTSL	
9CFFC2	AVI	
A0004C	Hisense Visual	TV
A0024A	IEEE Registration	
A002A5	Intel Corporate	Computer
A002DC	Amazon	
A00363	Robert Bosch Healthcare	
A0043E	Parker Hannifin	Smart Home
A00460	Netgear	Router
A00627	NEXPA System	
A00798	Samsung	Phone
A007B6	Advanced Technical	
A0086F	Huawei	Phone
A0092E	zte	Phone
A0094C	CenturyLink	
A009ED	Avaya	VoIP
A00A9A	Huawei Device	Phone
A00ABF	Wieson	
A00BBA	Samsung Electro	Phone
A00CA1	SKTB SKiT	
A00CE2	Shenzhen Shokz	
A00E98	Huawei	Phone
A00F37	Cisco	Router
A01077	zte	Phone
A01081	Samsung	Phone
A01290	Avaya	VoIP
A012DB	Tabuchi Electric	
A0133B	HiTi Digital	
A013CB	Fiberhome	
A0143D	Parrot	
A0146D	Suzhou NODKA Automation	
A0165C	Triteka	
A017F1	Allwinner	
A01828	Apple	Phone
A01842	Comtrend	
A01859	Shenzhen Yidashi	
A01917	Bertel S.p.a	
A019B2	IEEE Registration	
A01AE3	Edgecore Americas	
A01B04	Hefei Huanxin	
A01B29	Sagemcom Broadband SAS	Storage
A01B9E	Samsung	Phone
A01BD6	Nautitech Mining	
A01C05	Nimax Telecom	
A01C87	Union Man	
A01C8D	Huawei	Phone
A01D48	Hewlett Packard	Computer
A01E0B	MINIX Technology Limited	
A020A6	Espressif	IoT
A0218B	ACE Antenna	
A02195	Samsung	Phone
A021AA	China Mobile Group	
A021B7	Netgear	Router
A0224E	IEEE Registration	
A02252	Astra Wireless	
A022DE	vivo Mobile	Phone
A0231B	TeleComp R&D	
A0239F	Cisco	Router
A02442	Shenzhenshi Xinzhongxin	
A02490	IEEE Registration	
A024F9	Chengdu InnovaTest	
A025D7	Hewlett Packard	Computer
A02605	Belden Hirschmann	
A027B6	Samsung	Phone
A02833	IEEE Registration	
A02884	Garmin	Wearable
A028ED	HMD Global Oy	
A02919	Dell	Computer
A02942	Intel Corporate	Computer
A029BD	Team	
A02B44	WaveGo	
A02BB8	Hewlett Packard	Computer
A02C36	Fn-Link Technology	
A02D13	AirTies Wireless	
A02DDB	Sagemcom Broadband SAS	Storage
A02EF3	United Integrated	
A03131	Procenne Digital	
A031DB	Huawei	Phone
A031EB	Semikron Elektronik	
A03299	Lenovo (Beijing)	Computer
A0334F	Cisco	Router
A0341B	Adero	
A03679	Huawei	Phone
A0369F	Intel Corporate	Computer
A036BC	ASUSTek COMPUTER	Computer
A036F0	Comprehensive Power	
A036FA	Ettus Research	
A03768	Shenzhen E-Life	
A038F8	OURA Health Oy	Wearable
A03975	Leo Bodnar	
A039EE	Sagemcom Broadband SAS	Storage
A039F7	LG Electronics (Mobile	Phone
A039F9	Sagemcom Broadband SAS	Storage
A03A75	PSS Belgium N.V	
A03B01	Kyung In	
A03B1B	Inspire	
A03BE3	Apple	Phone
A03C20	Sagemcom Broadband SAS	Storage
A03C31	Shenzhen Belon	
A03D6E	Cisco	Router
A03D6F	Cisco	Router
A03E6B	IEEE Registration	
A04025	Actioncable	
A04041	SAMWONFA	
A0406F	Huawei	Phone
A040A0	Netgear	Router
A0412D	Lansen Systems AB	
A04147	Huawei Device	Phone
A0415E	Opsens Solution	
A041A7	NL Ministry of Defense	
A0423F	Tyan Computer	
A04246	IT Telecom	
A042D1	Huawei Device	Phone
A043B0	Hangzhou BroadLink	Router
A043DB	Sitael S.p.A	
A0445C	Huawei	Phone
A04466	Intellics	
A044B7	PAX Computer	
A044F3	RafaelMicro	
A0465A	Motorola Mobility LLC,	Phone
A0479B	PROCITEC	
A047D7	Best IT World (India)	
A0481C	Hewlett Packard	Computer
A04839	Huawei	Phone
A04A5E	Microsoft	Computer
A04C0C	Shenzhen Skyworth	
A04C5B	Shenzhen TINNO Mobile	
A04CC1	Helixtech	
A04E01	CENTRAL ENGINEERING	Smart Home
A04E04	Nokia	
A04E8D	Cisco Meraki	Router
A04EA7	Apple	Phone
A04ECF	Apple	Phone
A04F52	Intel Corporate	Computer
A04F85	LG Electronics (Mobile	Phone
A04FD4	ADB Broadband Italia	
A04FE4	PAX Computer	
A0510B	Intel Corporate	Computer
A051C6	Avaya	VoIP
A05272	Apple	Phone
A052AB	Avm	
A05394	Shenzhen zediel	
A0551F	Sagemcom Broadband SAS	Storage
A0552E	zte	Phone
A0554F	Cisco	Router
A055DE	Commscope	
A0562C	Samsung	Phone
A056B2	Harman/Becker Automotive	Automotive
A056F3	Apple	Phone
A057E3	Huawei	Phone
A05866	Qorvo Utrecht	
A05911	Cisco Meraki	Router
A0593A	V.D.S. Video Display	
A05950	Intel Corporate	Computer
A05AA4	Grand Products Nevada	
A05B21	ENVINET	
A05D0E	Alpsalpine	
A05DC1	TMCT	
A05DE7	DIRECTV	
A05E6B	MELPER	
A06032	Amcrest	Camera
A06090	Samsung	Phone
A06260	Private	
A062FB	Hisense Visual	TV
A06391	Netgear	Router
A0648F	Askey Computer	
A06518	Vnpt	
A06610	Fujitsu Limited	
A06636	Intracom SA Telecom	
A06720	China Dragon Technology	
A067BE	Sicon	
A067D6	Nokia	
A0681C	GD Midea	Appliance
A0687E	Commscope	
A06974	Honor Device	Phone
A06986	Wellav	
A069D9	New H3C	
A06A00	Verilink	
A06A44	Vizio	TV
A06B4A	TCT mobile	
A06C65	Texas Instruments	IoT
A06CEC	Rim	
A06D09	Intelcan Technosystems	
A06E50	Nanotek Elektronik	
A06FAA	LG Innotek	
A07099	Beijing Huacan	
A070B7	Huawei	Phone
A071A9	Nokia	
A0722C	HUMAX	
A072E4	Nj System	
A07332	Cashmaster	
A073FC	Rancore Technologies	
A07591	Samsung	Phone
A075EA	BoxLock	
A0764E	Espressif	IoT
A07751	ASMedia	
A07771	Vialis	
A0779E	Chipsea Technologies	
A07817	Apple	Phone
A0782D	Apple	Phone
A078BA	Pantech	
A07D9C	Samsung	Phone
A07E16	EM Microelectronic	
A07F8A	Sagemcom Broadband SAS	Storage
A08069	Intel Corporate	Computer
A0821F	Samsung	Phone
A08222	Qingdao Haier	Appliance
A082AC	Linear DMS Solutions	
A082C7	P.T.I	
A083B4	Velorum	
A084CB	SonicSensory	
A08527	Intel Corporate	Computer
A085E3	Espressif	IoT
A085FC	Microsoft	Computer
A0861D	Chengdu Fuhuaxin	
A086C6	Xiaomi	Phone
A086EC	SAEHAN HITEC	
A087BE	Apple	Phone
A0885E	Anhui Xiangyao New	
A08869	Intel Corporate	Computer
A0889D	Huawei Device	Phone
A088B4	Intel Corporate	Computer
A088C2	Mellanox	Switch
A08966	Cig Shanghai	
A089E4	Skyworth Digital	
A08A06	Askey Computer	
A08A87	HuiZhou KaiYue	
A08C15	Gerhard D. Wempe	
A08C9B	Xtreme	
A08CF2	Yinuolink	
A08CF8	Huawei	Phone
A08CFD	Hewlett Packard	Computer
A08D16	Huawei	Phone
A08E24	eero	
A08E78	Sagemcom Broadband SAS	Storage
A090B5	Tiinlab	
A090DE	Veedims	
A09169	LG Electronics (Mobile	Phone
A091A2	OnePlus Electronics	Phone
A091C8	zte	Phone
A091CA	Nokia Solutions and	
A09208	Tuya Smart	Smart Home
A09347	Guangdong Oppo Mobile	Phone
A09351	Cisco	Router
A0941A	Guangdong Oppo Mobile	Phone
A0946A	Shenzhen XGTEC	
A0950C	China Mobile IOT	
A0957F	Sernet (Suzhou)	
A09805	OpenVox Communication	
A09857	Shenzhen ELINK	
A098ED	Shandong Intelligent	
A09921	GD Midea	Appliance
A0999B	Apple	Phone
A09A0C	Honor Device	Phone
A09A52	Shenzhen MoreSense	
A09A5A	Time Domain	
A09A8E	Apple	Phone
A09B12	China Mobile IOT	
A09B17	Taicang T&W	
A09BBD	Total Aviation Solutions	
A09C19	Cig Shanghai	
A09D22	Apple	Phone
A09D86	Alcatel-Lucent Shanghai	VoIP
A09D91	SoundBridge	
A09DC1	China Dragon Technology	
A09E1A	Polar Electro Oy	Wearable
A09F10	Shenzhen Bilian	
A09F7A	D-Link Middle East FZCO	Router
A0A001	Hewlett Packard	Computer
A0A0DC	Huawei Device	Phone
A0A130	DLI Taiwan Branch office	
A0A23C	Gpms	
A0A309	Apple	Phone
A0A33B	Huawei	Phone
A0A3B3	Espressif	IoT
A0A3B8	Wiscloud	
A0A3E2	Actiontec	
A0A3F0	D-Link	Router
A0A47F	Cisco	Router
A0A4C5	Intel Corporate	Computer
A0A65C	Supercomputing	
A0A763	Polytron Vertrieb	
A0A8CD	Intel Corporate	Computer
A0AAFD	EraThink	
A0AB1B	D-Link	Router
A0AB51	Weifang Goertek	
A0AC69	Samsung	Phone
A0AC78	Shenzhen iComm	
A0AD62	Huawei	Phone
A0AD9F	ASUSTek COMPUTER	Computer
A0ADA1	JMR	
A0AF12	Huawei	Phone
A0AFBD	Intel Corporate	Computer
A0B045	Halong Mining	
A0B086	Hirschmann Automation	
A0B0BD	Samsung	Phone
A0B100	ShenZhen Cando	
A0B15C	Google	
A0B339	Intel Corporate	Computer
A0B3CC	Hewlett Packard	Computer
A0B40F	Apple	Phone
A0B437	GD Mission	
A0B439	Cisco	Router
A0B4A5	Samsung	Phone
A0B4BF	InfiNet	
A0B53C	Vantiva Technologies	
A0B549	Arcadyan	
A0B5DA	HongKong THTF	
A0B662	Acutvista Innovation	
A0B765	Espressif	IoT
A0B8F8	Amgen U.S.A	
A0B9ED	Skytap	
A0BAB8	Pixon Imaging	
A0BB3E	IEEE Registration	
A0BC6F	Cisco	Router
A0BD1D	Zhejiang Dahua	Camera
A0BD71	QUALCOMM Incorporated	IoT
A0BDCD	Sky Uk Limited	
A0BF50	S.C. Add-Production	
A0BFA5	Coresys	
A0C016	Sichuan Changhong	
A0C1C5	Apple	Phone
A0C20D	Huawei Device	Phone
A0C2DE	Costar Video	
A0C3DE	Triton Electronic	
A0C4A5	Sygn House	
A0C562	Commscope	
A0C589	Intel Corporate	Computer
A0C5F2	IEEE Registration	
A0C6A5	Lierda Science &	
A0C6EC	ShenZhen ANYK	
A0C7D2	Cisco	Router
A0C926	Huawei Device	Phone
A0C98B	Nokia Solutions and	
A0C9A0	Murata Manufacturing	Smart Home
A0CA4A	AltoBeam	
A0CAA5	Intelligence Technology	
A0CBFD	Samsung	Phone
A0CC2B	Murata Manufacturing	Smart Home
A0CDF3	Murata Manufacturing	Smart Home
A0CEC8	Ce Link Limited	
A0CF5B	Cisco	Router
A0CFF5	zte	Phone
A0D05B	Samsung	Phone
A0D0DC	Amazon	
A0D12A	AXPRO	
A0D1B3	Apple	Phone
A0D2B1	Amazon	
A0D365	Intel Corporate	Computer
A0D37A	Intel Corporate	Computer
A0D385	AUMA Riester GmbH & Co	
A0D3C1	Hewlett Packard	Computer
A0D42D	G.Tech	
A0D635	WBS	
A0D722	Samsung	Phone
A0D795	Apple	Phone
A0D7A0	Huawei Device	Phone
A0D7F3	Samsung	Phone
A0D807	Huawei Device	Phone
A0D83D	Fiberhome	
A0D86F	Argo Ai	
A0D91A	Texas Instruments	IoT
A0DA92	Nanjing Glarun Atten	
A0DC04	Becker-Antriebe	
A0DD6C	Espressif	IoT
A0DD97	PolarLink	Wearable
A0DDE5	SHARP	TV
A0DE05	JSC "Irbis-T	
A0DE0F	Huawei Device	Phone
A0DF15	Huawei	Phone
A0E025	Provision-ISR	
A0E06D	Fiberhome	
A0E0AF	Cisco	Router
A0E201	AVTrace Ltd.(China)	
A0E25A	Amicus SK, s.r.o	
A0E295	DAT System	
A0E390	Apple	Phone
A0E453	Sony	
A0E4CB	Zyxel	Router
A0E534	Stratec Biomedical	Medical
A0E5E9	enimai	
A0E617	Matis	
A0E6F8	Texas Instruments	IoT
A0E70B	Intel Corporate	Computer
A0E7AE	Commscope	
A0E9DB	Ningbo FreeWings	
A0EB76	AirCUVE	
A0EC80	zte	Phone
A0ECF9	Cisco	Router
A0ED6D	Ubee Interactive Co.,	
A0EDCD	Apple	Phone
A0EDFB	Quectel Wireless	
A0EE1A	Apple	Phone
A0EEEE	Cig Shanghai	
A0EF84	Seine Image Int'l	
A0F217	GE Medical System(China)	Medical
A0F261	Palo Alto	Router
A0F262	Espressif	IoT
A0F3C1	Tp-Link	Router
A0F3E4	Alcatel-Lucent IPD	VoIP
A0F419	Nokia	
A0F450	HTC	
A0F459	Fn-Link Technology	
A0F479	Huawei	Phone
A0F509	IEI Integration	
A0F6FD	Texas Instruments	IoT
A0F7C3	Ficosa Automotive SLU	
A0F849	Cisco	Router
A0F895	Shenzhen TINNO Mobile	
A0F9B7	Ademco Smart Homes	Storage
A0F9E0	Vivatel Company Limited	
A0FA9C	Weifang Goertek	
A0FAC8	Huawei	Phone
A0FB68	Miba Battery	
A0FB83	Honor Device	Phone
A0FBC5	Apple	Phone
A0FC6E	Telegrafia a.s	
A0FDD9	Unionman	
A0FE61	Vivint Wireless	
A0FE91	AVAT Automation	
A0FF0C	Hangzhou Hikvision	Camera
A0FF22	Shenzhen Apical	
A0FF70	Vantiva USA	
A0FFFD	HMD Global Oy	
A4004E	Cisco	Router
A400E2	Huawei	Phone
A40130	ABIsystems	
A401DE	Sercomm Philippines	
A402B7	Amazon	
A402B9	Intel Corporate	Computer
A40450	nFore	
A4056E	Tiinlab	
A4059E	STA Infinity	
A405D6	Commscope	
A405FD	Bouffalo Lab (Nanjing)	
A406E9	Texas Instruments	IoT
A407B6	Samsung	Phone
A40801	Amazon	
A40853	Nokia Solutions and	
A408EA	Murata Manufacturing	Smart Home
A408F5	Sagemcom Broadband SAS	Storage
A40987	Apple	Phone
A409B3	Huawei	Phone
A409CB	Alfred Kaercher GmbH &	
A40B78	Fast Photonics Hk Co.,	
A40BED	Carry	
A40C66	Shenzhen Colorful	
A40CC3	Cisco	Router
A40DBC	Xiamen Intretech	
A40E2B	Facebook	
A40E75	Hewlett Packard	Computer
A40F25	eero	
A40F98	Guangdong Oppo Mobile	Phone
A410B6	Cisco	Router
A41115	Robert Bosch	Smart Home
A41162	Arlo	Camera
A41163	IEEE Registration	
A41194	Lenovo	Computer
A411BB	Cisco	Router
A41232	Guangdong Oppo Mobile	Phone
A41242	NEC Platforms	
A4134E	Luxul	
A41437	Hangzhou Hikvision	Camera
A41566	Weifang Goertek	
A41588	Commscope	
A416C0	Apple	Phone
A416E7	Huawei	Phone
A41731	Hon Hai Precision Ind	
A41752	Hifocus Electronics	
A4178B	Huawei	Phone
A41791	Shenzhen Decnta	
A41875	Cisco	Router
A41894	Iqsight	
A41908	Fiberhome	
A41A3A	Tp-Link	Router
A41A6E	zte	Phone
A41B34	China Mobile Group	
A41BC0	Fastec Imaging	
A41CB4	DFI	
A41EE1	Taicang T&W	
A41F72	Dell	Computer
A4218A	Nortel	
A42249	Sagemcom Broadband SAS	Storage
A422B6	Motorola Mobility LLC,	Phone
A42305	Open Networking	
A424B3	FlatFrog Laboratories AB	
A424DD	Cambrionix	
A4251B	Avaya	VoIP
A42618	Integrated Device	
A42655	LTI Motion (Shanghai)	
A426CA	Intel Corporate	Computer
A427A5	Palo Alto	Router
A428B7	Yangtze Memory	
A42902	Hangzhou Hikvision	Camera
A42940	Shenzhen YOUHUA	
A42983	Boeing Defence Australia	
A42985	Sichuan AI-Link	
A429B7	bluesky	
A42A26	GD Midea	Appliance
A42A71	Sichuan Tianyi Comheart	
A42A95	D-Link	Router
A42B8C	Netgear	Router
A42BB0	Tp-Link	Router
A42C08	Masterwork Automodules	
A4307A	Samsung	Phone
A43111	Ziv	
A43135	Apple	Phone
A433D1	Fibrlink	
A433D7	MitraStar	
A43412	Thales Alenia Space	
A434D9	Intel Corporate	Computer
A434F1	Texas Instruments	IoT
A43523	Guangdong Donyan	
A4352D	TRIZ	
A436C7	LG Innotek	
A4373E	Huawei Device	Phone
A437E6	Murata Manufacturing	Smart Home
A43831	RF elements s.r.o	
A438CC	Nintendo	Gaming
A438FC	Plastic Logic	
A439B3	Beijing Xiaomi Mobile	Phone
A439B6	Shenzhen Peizhe	
A43A39	Aurora	
A43A69	Vers	
A43B0E	Huawei Device	Phone
A43BFA	IEEE Registration	
A43CD4	JBL Professional	Audio
A43CD7	NTX Electronics YangZhou	
A43D78	Guangdong Oppo Mobile	Phone
A43E51	Anov France	
A43EA0	iComm HK LIMITED	
A43F51	Shenzhen Benew	
A43F68	Arista	Switch
A43FA7	Hewlett Packard	Computer
A44027	zte	Phone
A4403D	Shenzhen Baseus	
A4423B	Intel Corporate	Computer
A44280	Apple	Phone
A4431B	Dreamtek Intelligent	
A44343	Huawei Device	Phone
A44380	Huawei Device	Phone
A4438C	Commscope	
A444D1	Wingtech Group	
A44519	Xiaomi	Phone
A445CD	IoT Diagnostics	
A4466B	EOC	
A446B4	Huawei Device	Phone
A446FA	AmTRAN Video	
A44A64	Maverick Mobile	
A44AD3	ST Electronics(Shanghai)	
A44B15	Sun Cupid Technology	
A44BD5	Xiaomi	Phone
A44BD9	Hangzhou Hikvision	Camera
A44C11	Cisco	Router
A44C62	Hangzhou Microimage	
A44CC8	Dell	Computer
A44E2D	Adaptive Wireless	Automotive
A44E31	Intel Corporate	Computer
A44F29	IEEE Registration	
A44F3E	IEEE Registration	
A45006	Shenzhen Huachuang	
A45046	Xiaomi	Phone
A45055	Busware.De	
A45129	Xag	
A4515E	Juniper	Router
A4516F	Microsoft Mobile Oy	
A4526F	ADB Broadband Italia	
A4530E	Cisco	Router
A45385	Weifang Goertek	
A453EE	IEEE Registration	
A45590	Xiaomi	Phone
A45602	fenglian	
A4561B	MCOT	
A45630	Cisco	Router
A456CC	Vantiva USA	
A457A0	SAMJIN	
A45802	Shin-Il	
A4580F	IEEE Registration	
A459BF	Silicon Laboratories	
A459D3	IEEE Registration	
A45A1C	smart-electronic	
A45C25	Texas Instruments	IoT
A45C27	Nintendo	Gaming
A45D36	Hewlett Packard	Computer
A45D5E	Wilk Elektronik	
A45DA1	ADB Broadband Italia	
A45E5A	ACTIVIO	
A45E60	Apple	Phone
A45F9B	Nexell	
A45FB9	DreamBig Semiconductor	
A46011	Verifone	
A46032	MRV Communications	
A46177	Amosense	
A46185	Tools for Humanity	
A46191	NamJunSa	
A462DF	DS Global	
A463A1	Inventus Power	
A46706	Apple	Phone
A468BC	Oakley	
A46B1F	eero	
A46B40	China Dragon Technology	
A46BB6	Intel Corporate	Computer
A46C24	Huawei	Phone
A46C2A	Cisco	Router
A46CC1	LTi REEnergy	
A46CF1	Samsung	Phone
A46D33	Phyplus Technology	
A46DA4	Huawei	Phone
A46DD4	Silicon Laboratories	
A46E79	DFT System	
A46EA7	Dx Antenna	
A470D6	Motorola Mobility LLC,	Phone
A47174	Huawei	Phone
A473AB	Extreme	Switch
A475B9	Samsung	Phone
A47733	Google	
A47758	Ningbo Freewings	
A47760	Nokia	
A477F3	Apple	Phone
A47806	Cisco	Router
A47886	Avaya	VoIP
A47952	Huawei Device	Phone
A479E4	KLINFO	
A47A72	Arista	Switch
A47AA4	Commscope	
A47ACF	Vibicom	
A47B1A	Huawei Device	Phone
A47B2C	Nokia	
A47B52	JoulWatt	
A47B85	ULTIMEDIA	
A47B9D	Espressif	IoT
A47C14	ChargeStorm AB	
A47C1F	Cobham plc	
A47CC9	Huawei	Phone
A47D78	Edgecore Americas	
A47D9F	Shenzhen iComm	
A47E36	EM Microelectronic	
A47E39	zte	Phone
A47EFA	Withings	
A47F1B	Juniper	Router
A4817A	Cig Shanghai	
A481EE	Nokia	
A48269	Datrium	
A483E7	Apple	Phone
A48431	Samsung	Phone
A4856B	Q	
A486AE	Quectel Wireless	
A486DB	Guangdong Juan	
A48873	Cisco	Router
A4895B	Ark Infosolutions Pvt	
A4897E	Guangzhou Yuhong	
A48CC0	JLG	
A48CDB	Lenovo	Computer
A48D3B	Vizio	TV
A48E0A	DeLaval International AB	
A49005	China Greatwall	
A490CE	vivo Mobile	Phone
A491B1	Vantiva Technologies	
A492CB	Nokia	
A4933F	Huawei	Phone
A49340	Beijing Supvan	
A4934C	Cisco	Router
A493AD	Huawei Device	Phone
A493FE	Huawei	Phone
A49426	Elgama-Elektronika	
A494DC	Infinite Clouds	
A49700	Cisco	Router
A49733	Askey Computer	
A4975C	VTech Telecommunications	
A4978A	Lear	
A49791	Extreme	Switch
A497B1	Chongqing Fugui	
A497BB	Hitachi Industrial	
A49813	Commscope	
A49947	Huawei	Phone
A49981	FuJian Elite Power	
A499A8	eero	
A49A58	Samsung	Phone
A49B13	Digital Check	
A49B4F	Huawei	Phone
A49BCD	Cisco	Router
A49BF5	Hybridserver Tec	
A49D49	Ketra	
A49DB8	Shenzhen Tecno	
A49DDD	Samsung	Phone
A49E69	Silicon Laboratories	
A49EDB	AutoCrib	
A49F85	Lyve Minds	
A49F89	Shanghai Rui Rui	
A49FE7	Samsung	Phone
A4A179	Nanjing dianyan	
A4A1C2	Ericsson AB	
A4A1E4	Innotube	
A4A24A	Cisco SPVTG	Router
A4A404	Bubendorff SAS	
A4A459	Hangzhou Hikvision	Camera
A4A46B	Huawei	Phone
A4A490	Samsung	Phone
A4A4D3	Bluebank Communication	
A4A528	Sichuan Tianyi Comheart	
A4A584	Cisco	Router
A4A64E	Mellanox	Switch
A4A6A9	Private	
A4A80F	Shenzhen Coship	
A4A930	Beijing Xiaomi Mobile	Phone
A4AAFE	Huawei Device	Phone
A4AB39	Shenzhen Taichi	
A4AC0F	Huawei Device	Phone
A4AD00	Ragsdale	
A4AD9E	Nexaiot	
A4ADB8	Vitec Group, Camera	Camera
A4AE11	Hon Hai Precision	
A4AE12	Hon Hai Precision	
A4AE9A	Maestro Wireless	
A4B039	Shenzhen iComm	
A4B0F5	Texas Instruments	IoT
A4B121	Arantia 2010 S.L	
A4B197	Apple	Phone
A4B1C1	Intel Corporate	Computer
A4B1E9	Vantiva Technologies	
A4B1EE	H. ZANDER GmbH & Co	
A4B239	Cisco	Router
A4B256	Shenzhen Incar	
A4B2A7	Adaxys Solutions	
A4B36A	JSC SDO Chromatec	
A4B439	Cisco	Router
A4B52E	Integrated Device	
A4B61E	Huawei Device	Phone
A4B805	Apple	Phone
A4B818	PENTA Gesellschaft für	
A4B980	Parking BOXX	
A4BA70	Beijing Xiaomi Mobile	Phone
A4BA76	Huawei	Phone
A4BADB	Dell	Computer
A4BB6D	Dell	Computer
A4BBAF	Lime Instruments	
A4BD7E	HMD Global Oy	
A4BDC4	Huawei	Phone
A4BE2B	Huawei	Phone
A4BE61	EutroVision System	
A4BF01	Intel Corporate	Computer
A4C0B0	Drivenets	
A4C0C7	ShenZhen Hitom	
A4C0E1	Nintendo	Gaming
A4C138	Telink Semiconductor	
A4C139	Dongguan Huayin	
A4C1E8	Nintendo	Gaming
A4C23E	Huizhou Speed Wireless	
A4C2AB	Hangzhou LEAD-IT	
A4C337	Apple	Phone
A4C34E	Texas Instruments	IoT
A4C361	Apple	Phone
A4C3BE	Xiaomi	Phone
A4C3F0	Intel Corporate	Computer
A4C40D	WAC Lighting	
A4C494	Intel Corporate	Computer
A4C54E	Huawei Device	Phone
A4C64F	Huawei	Phone
A4C69A	Samsung	Phone
A4C6F0	Apple	Phone
A4C74B	Huawei Device	Phone
A4C788	Xiaomi	Phone
A4C7DE	Cambridge	
A4C7F6	Extreme	Switch
A4C939	Guangdong Oppo Mobile	Phone
A4CAA0	Huawei	Phone
A4CB8F	Espressif	IoT
A4CC32	Inficomm	
A4CCB3	Xiaomi	Phone
A4CCB9	Realme Chongqing Mobile	Phone
A4CD23	Shenzhenshi Xinzhongxin	
A4CEDA	Arcadyan	
A4CF03	Realme Chongqing Mobile	Phone
A4CF12	Espressif	IoT
A4CF99	Apple	Phone
A4CFD2	Ubee Interactive Co.,	
A4D094	Vivavis	
A4D18C	Apple	Phone
A4D18F	Shenzhen Skyee Optical	
A4D1D1	ECOtality North America	
A4D1D2	Apple	Phone
A4D23E	Apple	Phone
A4D3B5	GLITEL Stropkov, s.r.o	
A4D4B2	Shenzhen MeiG Smart	
A4D501	Yucca Technology	
A4D530	Avaya	VoIP
A4D578	Texas Instruments	IoT
A4D5C2	Hangzhou Hikvision	Camera
A4D73C	Seiko Epson	Printer
A4D795	Wingtech Mobile	
A4D7D6	Shenzhen Linkoh Network	
A4D856	Gimbal	
A4D8CA	Hong Kong Water World	
A4D931	Apple	Phone
A4D990	Samsung	Phone
A4D9A4	neXus ID Solutions AB	
A4D9C6	Airpro	
A4DA22	IEEE Registration	
A4DA32	Texas Instruments	IoT
A4DA3F	Bionics	
A4DAD4	Yamato Denki	
A4DB2E	Kingspan Environmental	
A4DB30	Liteon	
A4DB4C	RAI Institute	
A4DCBE	Huawei	Phone
A4DCD5	Cisco	Router
A4DD58	Huawei	Phone
A4DE26	Sumitomo Electric	
A4DE50	Total Walther	
A4DEC9	QLove Mobile	
A4E0E6	Filizola S.A. Pesagem E	
A4E11A	Juniper	Router
A4E287	Xiaomi	Phone
A4E31B	Nokia	
A4E32E	Silicon & Software	
A4E391	Deny Fontaine	
A4E4B8	BlackBerry RTS	
A4E57C	Espressif	IoT
A4E597	Gessler	
A4E615	Shenzhen Chuangwei-Rgb	
A4E6B1	Shanghai Joindata	
A4E731	Nokia	
A4E7E4	Connex	
A4E88D	FN-LINK	
A4E8A3	Fujian Newland Auto-ID	
A4E975	Apple	Phone
A4E991	Sistemas Audiovisuales	Automotive
A4E9A3	Honest	Smart Home
A4EA4F	VusionGroup	
A4EA8E	Extreme	Switch
A4EBD3	Samsung	Phone
A4ED43	IEEE Registration	
A4ED4E	Commscope	
A4EE57	Seiko Epson	Printer
A4EF15	AltoBeam	
A4EF52	Telewave	
A4F00F	Espressif	IoT
A4F01F	Canon	Camera
A4F05E	Guangdong Oppo Mobile	Phone
A4F1E8	Apple	Phone
A4F33B	zte	Phone
A4F3C1	Open Source Robotics	
A4F3E7	Integrated Device	
A4F465	Itel Mobile Limited	
A4F4C2	Vnpt	
A4F4CA	Private	
A4F522	Chofu Seisakusho	
A4F6E6	Apple	Phone
A4F6E8	Apple	Phone
A4F7D0	LAN Accessories	
A4F841	Apple	Phone
A4F8FF	Ubiquiti	Router
A4F921	Apple	Phone
A4F933	Intel Corporate	Computer
A4F9E4	AirVine Scientific	
A4FA76	New H3C	
A4FB8D	Hangzhou Dunchong	
A4FC14	Apple	Phone
A4FC77	Mega Well Limited	
A4FCA1	Nokia Solutions and	
A4FCCE	Security Expert	
A4FF95	Nokia	
A4FF9F	Xiaomi	Phone
A800E3	Starkey	
A8016D	Aiwa	
A80180	IMAGO	
A802DB	zte	Phone
A8032A	Espressif	IoT
A80556	vivo Mobile	Phone
A80577	Netlist	
A80600	Samsung	Phone
A808CF	Vestel Elektronik San	
A809B1	Huawei Device	Phone
A80B6B	Chipsea Technologies	
A80BFB	Ruckus Wireless	Router
A80C03	Florawise	
A80C0D	Cisco	Router
A80C63	Huawei	Phone
A80CCA	Shenzhen Sundray	
A80DE1	Huawei	Phone
A81087	Texas Instruments	IoT
A811FC	Commscope	
A81306	vivo Mobile	Phone
A8130B	eero	
A81374	Panasonic Corporation	
A81378	Nokia	
A8154D	Tp-Link	Router
A81559	Breathometer	
A815D6	Shenzhen Meione	
A8169D	Hui Zhou Gaoshengda	
A816B2	LG Electronics (Mobile	Phone
A816D0	Samsung	Phone
A81710	Bouffalo Lab (Nanjing)	
A81758	Elektronik System i	
A81AF1	Apple	Phone
A81B18	Xts	
A81B5A	Guangdong Oppo Mobile	Phone
A81B5D	Foxtel Management	
A81B6A	Texas Instruments	IoT
A81D16	AzureWave	
A81E84	Quanta Computer	Server
A81F79	Yingling Innovations	
A81FAF	Krypton Polska	
A82066	Apple	Phone
A8213A	Shenzhen Talent	
A821C8	shenzhen phoenix telecom	
A82316	Nokia	
A823FE	LG	Phone
A82450	Beijing Huadianzhongxin	
A824B8	Nokia	
A824EB	ZAO NPO Introtest	
A825EB	Cambridge	
A826D9	HTC	
A827C8	Edgecore Americas	
A82948	TP-Link	Router
A8294C	Precision Optical	
A829DC	TP-Link	Router
A82AD6	Arthrex	
A82BB5	Edgecore	
A82BB9	Samsung	Phone
A82BCD	Huawei	Phone
A82BD5	Xiaomi	Phone
A82BD6	Shina System	
A82BDD	LCFC(Hefei)	
A82C3E	Shenzhen Cultraview	
A82C89	Apple	Phone
A8301C	Qingdao	
A830AD	Weifang Goertek	
A830BC	Samsung	Phone
A83162	Hangzhou Huacheng	
A8329A	Digicom Futuristic	
A8346A	Samsung	Phone
A83512	Huawei Device	Phone
A8367A	frogblue	
A83759	Huawei Device	Phone
A83944	Actiontec	
A83A48	Ubiqcom India Pvt	
A83A79	Mist	Access Point
A83B5C	Huawei	Phone
A83B76	Cloud Network	
A83CA5	Dell	Computer
A83CCB	Rossma	
A83E0E	HMD Global Oy	
A83ED3	Huawei	Phone
A83FA1	IEEE Registration	
A8400B	Visteon	
A84025	Oxide Computer	
A84041	Dragino Technology Co.,	
A8407D	GD Midea	Appliance
A840F8	Humax	
A84122	China Mobile (Hangzhou)	
A841F4	AzureWave	
A842A1	TP-Link	Router
A842A7	Jiangsu Huitong	
A842E3	Espressif	IoT
A84397	Innogrit	
A843A4	China Dragon Technology	
A84481	Nokia	
A844AA	Fiberhome	
A845CD	Siselectron	
A845E9	Firich Enterprises	
A84616	Huawei	Phone
A84674	Espressif	IoT
A8469D	Cisco Meraki	Router
A8474A	Hon Hai Precision Ind	
A848FA	Espressif	IoT
A8494D	Huawei	Phone
A849A5	Lisantech	
A84A28	Apple	Phone
A84A63	TPV Display	
A84B4D	Samsung	Phone
A84D4A	Audiowise	Automotive
A84E3F	Hitron	
A84FA4	China Dragon Technology	
A84FB1	Cisco	Router
A85008	Felion Technologies	
A85081	Huawei	Phone
A8515B	Samsung	Phone
A851AB	Apple	Phone
A852D4	Hewlett Packard	Computer
A8537D	Mist	Access Point
A854A2	Heimgard Technologies AS	
A854B2	WNC	
A8556A	3S System	
A8574E	Tp-Link	Router
A857BA	Shenzhen YOUHUA	
A85840	Cambridge	
A8584E	Pk Vega	
A8587C	Shoogee GmbH & Co	
A8595F	Intel Corporate	Computer
A85AE0	Huawei Device	Phone
A85AF3	Shanghai Siflower	
A85B36	IEEE Registration	
A85B6C	Robert Bosch Gmbh,	
A85B78	Apple	Phone
A85BB0	Shenzhen Dehoo	
A85BB7	Apple	Phone
A85BD1	Inventec	
A85BF3	Audivo	Automotive
A85BF7	Hewlett Packard	Computer
A85C03	JiangSu Fulian	
A85C2C	Apple	Phone
A85E45	ASUSTek COMPUTER	Computer
A85EE4	12Sided	
A85EF2	Tecno Mobile Limited	
A85F61	Apple	Phone
A860B6	Apple	Phone
A8610A	Arduino	IoT
A861AA	Cloudview Limited	
A861DF	China Mobile Group	
A861EC	Texas Instruments	IoT
A862A2	Jiwumedia	
A86308	Avutec	
A8637D	D-Link	Router
A863DF	Displaire	
A863F2	Texas Instruments	IoT
A86405	nimbus 9	
A864F1	Intel Corporate	Computer
A865B2	Dongguan Yishang	
A8667F	Apple	Phone
A8671E	Ratp	
A8698C	Oracle	
A86A6F	Rim	
A86A86	Xiaomi	Phone
A86ABB	Sagemcom Broadband SAS	Storage
A86AC1	HanbitEDS	
A86ACB	Evar	
A86B7C	Shenzhen Fenglian	
A86BAD	Hon Hai Precision Ind	
A86D04	Siemens	Industrial
A86D5F	Raisecom	
A86DAA	Intel Corporate	Computer
A86E4E	Huawei Device	Phone
A86E84	TP-Link	Router
A86F36	vivo Mobile	Phone
A8705D	Commscope	
A870A5	UniComm	
A87116	Earda	
A8724D	Intel Corporate	Computer
A8727E	WISDRI (wuhan)	
A87285	Idt	
A8741D	Phoenix Contact GmbH &	Industrial
A87484	zte	Phone
A8754E	Nexlawn Intelligent	
A875D6	FreeTek	
A875E2	Aventura	
A87650	Samsung	Phone
A8776F	Zonoff	
A877E5	Shenzhen Chuangwei-Rgb	
A87971	Huawei	Phone
A8798D	Samsung	Phone
A87B39	Nokia	
A87C01	Samsung	Phone
A87C45	Huawei	Phone
A87CF8	Apple	Phone
A87D12	Huawei	Phone
A87E33	Nokia Danmark A/S	
A87EEA	Intel Corporate	Computer
A88038	ShenZhen MovingComm	
A88055	Tuya Smart	Smart Home
A8817E	Apple	Phone
A88195	Samsung	Phone
A881F1	Bmeye	
A881FE	Luxul	
A88200	Hisense Electric	TV
A8827F	CIBN Oriental	
A885D7	Sangfor	
A886DD	Apple	Phone
A88792	Broadband Antenna	
A887B3	Samsung	Phone
A887ED	ARC Wireless	
A88808	Apple	Phone
A8881F	Servercom (India)	
A888CE	Guangdong Oppo Mobile	Phone
A88940	Huawei Device	Phone
A88B28	Shenzhen Diyang Smart	
A88C3E	Microsoft	Computer
A88CEE	MicroMade Galka i	
A88D7B	SunDroid Global limited	
A88E24	Apple	Phone
A88F99	Arista	Switch
A88FD9	Apple	Phone
A89008	Beijing Yuecheng	
A89042	Beijing Wanwei	
A8913D	Apple	Phone
A89162	Sophos	
A8922C	LG Electronics (Mobile	Phone
A8934A	Chongqing Fugui	
A89352	Shanghai Zhongmi	
A893E6	Jiangxi Jinggangshan	
A895B0	Aker Subsea	
A89609	FN-LINK	
A89675	Motorola Mobility LLC,	Phone
A8968A	Apple	Phone
A897CD	Commscope	
A897DC	Ibm	
A89892	Guangdong Oppo Mobile	Phone
A898C6	Shinbo	
A8995C	aizo	
A89969	Dell	Computer
A899AD	Chaoyue	
A899DC	i-TOP DESING	
A89A8C	zte	Phone
A89A93	Sagemcom Broadband SAS	Storage
A89AD7	Nokia	
A89B10	inMotion	
A89C6C	Ubiquiti	Router
A89C78	Apple	Phone
A89CA4	Furrion Limited	
A89CED	Xiaomi	Phone
A89D21	Cisco	Router
A89DD2	Shanghai DareGlobal	
A89FBA	Samsung	Phone
A89FEC	Commscope	
A8A089	Tactical	
A8A092	China Dragon Technology	
A8A097	ScioTeq bvba	
A8A159	ASRock Incorporation	
A8A198	TCT mobile	
A8A237	Arcadyan	
A8A5E2	MSF-Vathauer	
A8A648	Qingdao Hisense	TV
A8A668	zte	Phone
A8A795	Hon Hai Precision Ind	
A8A913	GN Hearing A/S	Smart Home
A8AA7C	Huawei Device	Phone
A8ABB5	Apple	Phone
A8AD3D	Alcatel-Lucent Shanghai	VoIP
A8B028	CubePilot	
A8B088	eero	
A8B0AE	BizLink Special Cables	
A8B0D1	EFUN Display Technology	
A8B13B	HP	Computer
A8B1D4	Cisco	Router
A8B271	Huawei	Phone
A8B2DA	Fujitsu Limited	
A8B456	Cisco	Router
A8B483	Shenzhen SuperElectron	
A8B57C	Roku	TV
A8B58E	Shenzhen Bilian	
A8B86E	LG Electronics (Mobile	Phone
A8B8E0	Changwang	
A8B9B3	Essys	
A8BA25	Hewlett Packard	Computer
A8BA69	Samsung	Phone
A8BB50	WiZ IoT Company Limited	
A8BB56	Apple	Phone
A8BBCF	Apple	Phone
A8BC9C	Cloud Light Technology	
A8BD1A	Honey Bee (Hong Kong)	
A8BD27	Hewlett Packard	Computer
A8BD3A	Union Man	
A8BE27	Apple	Phone
A8BF3C	HDV Phoelectron	
A8C050	Quectel Wireless	
A8C092	Huawei Device	Phone
A8C0EA	Pepwave Limited	
A8C222	TM-Research	
A8C246	Gemtek	
A8C252	Huawei Device	Phone
A8C266	HUMAX	
A8C407	Huawei	Phone
A8C56F	Guangdong Oppo Mobile	Phone
A8C647	Extreme	Switch
A8C83A	Huawei	Phone
A8C87F	Roqos	
A8C98A	New H3C	
A8CA77	Amazon	
A8CA7B	Huawei	Phone
A8CA87	Zhejiang Dahua Zhilian	Camera
A8CAB9	Samsung Electro	Phone
A8CB95	East Best	
A8CC6F	HMD Global Oy	
A8CCC5	Saab AB (publ)	
A8CE90	Cvc	
A8CEE7	Fiberhome	
A8CFE0	GDN Enterprises Private	
A8D081	Huawei Device	Phone
A8D0E3	Systech	
A8D0E5	Juniper	Router
A8D162	Samsung	Phone
A8D236	Lightware Visual	Smart Home
A8D3C8	Wachendorff Automation	
A8D3F7	Arcadyan	
A8D409	USA 111	
A8D498	Avira Operations GmbH &	
A8D4E0	Huawei	Phone
A8D579	Beijing Chushang	
A8D6D9	Cloud Network	
A8D828	Ascensia Diabetes Care	
A8D861	Itel Mobile Limited	
A8D88A	Wyconn	
A8DA01	Shenzhen NUOLIJIA	
A8DA0C	Servercom (India)	
A8DB03	Samsung	Phone
A8DC5A	Digital Watchdog	
A8DD9F	Quectel Wireless	
A8DDEC	Hangzhou BroadLink	Router
A8DE68	Beijing Wide	
A8E018	Nokia	
A8E207	GOIP Global Services Pvt	
A8E291	AzureWave	
A8E2C1	Texas Instruments	IoT
A8E2C3	Shenzhen YOUHUA	
A8E3EE	Sony Interactive	Gaming
A8E539	Nurivoice	
A8E544	Huawei	Phone
A8E552	JUWEL Aquarium AG & Co	
A8E5EC	Nokia	
A8E621	Amazon	
A8E6E8	Tonly	
A8E705	Fiberhome	
A8E77D	Texas Instruments	IoT
A8E81E	Atw	
A8E824	Inim Electronics S.R.L	
A8E978	Huawei Device	Phone
A8EA71	Fiberhome	
A8EAE4	Weiser	
A8ED71	Analogue Enterprises	
A8EE67	Samsung	Phone
A8EE6D	Fine Point-High Export	
A8EEC6	Muuselabs NV/SA	
A8EF26	Tritonwave	
A8EF5F	Realme Chongqing Mobile	Phone
A8F038	Shen Zhen Shi Jin Hua	
A8F059	Huawei	Phone
A8F07C	Huawei Device	Phone
A8F1B2	Allwinner	
A8F266	Huawei Device	Phone
A8F274	Samsung	Phone
A8F470	Fujian Newland	
A8F5AC	Huawei	Phone
A8F5DD	Commscope	
A8F5E1	Shenzhen Shokz	
A8F766	ITE	
A8F7D9	Mist	Access Point
A8F7E0	PLANET	
A8F8C9	NXP Semiconductor	IoT
A8F94B	Eltex Enterprise	
A8FAD8	Apple	Phone
A8FB40	Nokia Solutions and	
A8FB70	WiseSec L.t.d	
A8FCB7	Consolidated Resource	
A8FE9D	Apple	Phone
A8FECE	Fiberhome	
A8FFBA	Huawei	Phone
AA0000	Digital Equipment	
AA0001	Digital Equipment	
AA0002	Digital Equipment	
AA0003	Digital Equipment	
AA0004	Digital Equipment	
AA0F85	Yamaichi	
AA146B	IronWiFi	
AA34D4	CDVI Wireless SpA	
AA38C7	Kaloom	
AA425A	Globus Medical	Medical
AA548B	Tintri	
AA78A3	Dongguan Yiertek	
AADC47	Cachengo	
AAF019	TransferJet Consortium	
AC007A	Apple	Phone
AC00D0	zte	Phone
AC00F9	BizLink Technology	
AC0142	Uriel Technologies SIA	
AC017A	Sichuan Tianyi Comheart	
AC02CA	HI Solutions	
AC02CF	RW Tecnologia Industria	
AC02EF	Comsis	Computer
AC040B	Peloton Interactive	
AC0425	ball-b GmbH Co	
AC0481	Jiangsu Huaxing	
AC04AA	GoPro	Camera
AC04E6	NTX Electronics YangZhou	
AC05C7	Intel Corporate	Computer
AC0613	Senselogix	
AC0650	Shanghai Baosight	
AC06C7	ServerNet S.r.l	
AC075F	Huawei	Phone
AC0775	Apple	Phone
AC0A61	Labor S.r.L	
AC0BFB	Espressif	IoT
AC0D1B	LG Electronics (Mobile	Phone
AC0DFE	Ekon GmbH - myGEKKO	
AC1007	Arcadyan	
AC1065	KT Micro	
AC11D3	Suzhou HOTEK Video	
AC1203	Intel Corporate	Computer
AC122F	Fantasia Trading	
AC128E	Shanghai Baud Data	
AC139C	Adtran	
AC1461	ATAW	
AC14D2	wi-daq	
AC1518	Espressif	IoT
AC1585	silergy	
AC15A2	TP-Link	Router
AC15F4	Apple	Phone
AC1615	Apple	Phone
AC162D	Hewlett Packard	Computer
AC16DE	Intel Corporate	Computer
AC1702	Fibar Group sp. z o.o	
AC1754	tiko Energy Solutions	
AC1794	Shenzhen Chuangwei-Rgb	
AC17C8	Cisco Meraki	Router
AC1826	Seiko Epson	Printer
AC198E	Intel Corporate	Computer
AC199F	Sungrow Power Supply	
AC1A3D	Dell	Computer
AC1C26	Hangzhou Ezviz Software	
AC1D06	Apple	Phone
AC1DDF	IEEE Registration	
AC1E92	Samsung	Phone
AC1E9E	Xiaomi	Phone
AC1EA9	Intelbras	
AC1ED0	Temic Automotive	
AC1F09	shenzhen RAKwireless	
AC1F0F	Texas Instruments	IoT
AC1F6B	Super Micro Computer	Server
AC1F74	Apple	Phone
AC1FD7	Real Vision	
AC202E	Hitron	
AC203E	Wuhan Tianyu	
AC20AA	DMATEK	
AC2205	Compal Broadband	
AC220B	ASUSTek COMPUTER	Computer
AC2241	Huawei	Phone
AC2316	Mist	Access Point
AC2334	Infinix mobility limited	
AC233F	Shenzhen Minew	
AC236E	Apismoon Electric	
AC2477	Shenzhen Tinno Mobile	
AC276E	Espressif	IoT
AC2929	Infinix mobility limited	
AC293A	Apple	Phone
AC2A0C	Csr Zhuzhou Institute	
AC2AA1	Cisco	Router
AC2B6E	Intel Corporate	Computer
AC2BA2	The Chamberlain	
AC2DA3	TXTR	
AC2DA9	Tecno Mobile Limited	
AC2FA8	Humannix	
AC3019	Shenzhen Hailingwei	
AC3184	Huawei Device	Phone
AC319D	Shenzhen TG-NET Botone	
AC330B	Japan Computer Vision	
AC3328	Huawei Device	Phone
AC3351	Ericsson AB	
AC34CB	Shanhai GBCOM	
AC35EE	Fn-Link Technology	
AC3613	Samsung	Phone
AC361B	Hon Hai Precision	
AC3651	Jiangsu Hengtong	
AC3728	Taicang T&W	
AC3743	HTC	
AC37C9	RAID Incorporated	
AC3870	Lenovo Mobile	Computer
AC393D	eero	
AC3971	Realme Chongqing Mobile	Phone
AC3A67	Cisco	Router
AC3A7A	Roku	TV
AC3AE2	NVIDIA	Computer
AC3B77	Sagemcom Broadband SAS	Storage
AC3B96	NXP Semiconductor	IoT
AC3C0B	Apple	Phone
AC3C8E	Flextronics	
AC3CB4	Nilan A/S	
AC3D05	Instorescreen Aisa	
AC3D75	Hangzhou Zhiway	
AC3D94	Arista	Switch
AC3DCB	Intel Corporate	Computer
AC3DFA	Hangzhou Huacheng	
AC3EB1	Google	
AC3FA4	Taiyo Yuden	
AC401E	vivo Mobile	Phone
AC40B5	Lumiva	
AC40EA	C&T Solution	
AC4122	Eclipse Electronic	
AC416A	Amazon	
AC4228	Parta	
AC4330	Versa	
AC44F2	Yamaha	
AC4500	Apple	Phone
AC45B0	Shenzhen Jidao	
AC45CA	Guangdong Oppo Mobile	Phone
AC45EF	Intel Corporate	Computer
AC46A7	Sercomm Philippines	
AC471B	Huawei Device	Phone
AC4723	Genelec	
AC482D	Ralinwi Nanjing	
AC49DB	Apple	Phone
AC4A56	Cisco	Router
AC4A67	Cisco	Router
AC4AFE	Hisense Broadband	TV
AC4B1E	Integri-Sys.Com	
AC4BC8	Juniper	Router
AC4CA5	Vantiva USA	
AC4D16	Texas Instruments	IoT
AC4DD9	Extreme	Switch
AC4E2E	Shenzhen JingHanDa	
AC4E65	Fiberhome	
AC4E91	Huawei	Phone
AC4FFC	SVS-VISTEK	
AC5036	Pi-Coral	
AC5093	Magna Electronics	
AC50DE	Cloud Network	
AC50EE	Tianyi Telecom	
AC512C	Infinix mobility limited	
AC5135	Mpi	
AC51AB	Huawei	Phone
AC51EE	Adtran	
AC5322	Samsung	Phone
AC5474	China Mobile IOT	
AC54EC	IEEE P1823 Standards	
AC562C	Lava International(H.K)	
AC567B	Sunnovo International	
AC5775	HMD Global Oy	
AC583B	Human Assembler	
AC587B	JCT Healthcare	
AC5A14	Samsung	Phone
AC5AEE	China Mobile Group	
AC5AF0	LG	Phone
AC5AFC	Intel Corporate	Computer
AC5C2C	Apple	Phone
AC5C80	Telink Micro	
AC5D10	Pace Americas	
AC5D5C	Fn-Link Technology	
AC5E14	Huawei	Phone
AC5E8C	Utillink	
AC5F3E	Samsung	Phone
AC5FEA	OnePlus Technology	Phone
AC606F	Nokia Shanghai Bell	
AC6089	Huawei	Phone
AC60B6	Ericsson AB	
AC6123	Drivven	
AC6175	Huawei	Phone
AC61B9	WAMA Technology Limited	
AC61EA	Apple	Phone
AC620D	Jabil Circuit(Wuxi)	
AC62FF	Vantiva USA	
AC63BE	Amazon	
AC6417	Siemens	Industrial
AC6462	zte	Phone
AC6490	Huawei	Phone
AC64CF	Fn-Link Technology	
AC64DD	IEEE Registration	
AC6706	Ruckus Wireless	Router
AC675D	Intel Corporate	Computer
AC676F	Electrocompaniet A.S	
AC6784	Google	
AC67B2	Espressif	IoT
AC69CF	Cisco Meraki	Router
AC6AA3	Shenzhen Kertong	
AC6B0F	Cadence Design	
AC6BAC	Jenny Science	
AC6C90	Samsung	Phone
AC6E1A	Shenzhen Gongjin	
AC6F4F	Enspert	
AC6FBB	TATUNG	
AC6FD9	Valueplus	
AC710C	China Mobile Group	
AC712E	Fortinet	Router
AC7236	Lexking	
AC7289	Intel Corporate	Computer
AC72DD	GD Midea	Appliance
AC7352	Guangdong Oppo Mobile	Phone
AC7409	Hangzhou H3C	
AC74B1	Intel Corporate	Computer
AC74C4	Maytronics	
AC751D	Huawei	Phone
AC764C	Guangdong Oppo Mobile	Phone
AC7713	Honeywell Safety	Industrial
AC77B9	Nanjing Yufei	
AC78D1	Juniper	Router
AC7A42	iConnectivity	
AC7A4D	Alpsalpine Co,.Ltd	
AC7A56	Cisco	Router
AC7A94	Guangdong Oppo Mobile	Phone
AC7BA1	Intel Corporate	Computer
AC7E01	Huawei Device	Phone
AC7E8A	Cisco	Router
AC7F3E	Apple	Phone
AC7F8D	Extreme	Switch
AC800A	Sony	
AC80AE	Fiberhome	
AC80D6	Hexatronic AB	
AC80FB	Samsung	Phone
AC8112	Gemtek	
AC81B5	Accton	
AC81F3	Nokia	
AC8226	Qingdao Haier	Appliance
AC8247	Intel Corporate	Computer
AC82F0	Apple	Phone
AC8317	Shenzhen Furtunetel	
AC83E9	Beijing Zile	
AC83F0	Cobalt Digital	
AC83F3	AMPAK	
AC84C6	Tp-Link	Router
AC84C9	Sagemcom Broadband SAS	Storage
AC84FA	Zhejiang Weilai	
AC853D	Huawei	Phone
AC8674	Open Mesh	
AC867E	Create New Technology	
AC86A3	Apple	Phone
AC86D1	IEEE Registration	
AC873F	Bouffalo Lab (Nanjing)	
AC8746	Huizhou BYD Electronic	
AC87A3	Apple	Phone
AC8866	Shenzhen Skyworth	
AC88FD	Apple	Phone
AC8995	AzureWave	
AC89D2	Ciena	
AC8AC7	Huawei	Phone
AC8ACD	ROGER D.Wensker,	
AC8B6A	China Mobile IOT	
AC8B9C	Primera	
AC8BA9	Ubiquiti	Router
AC8C46	Beijing Xiaomi Mobile	Phone
AC8D14	Smartrove	
AC8D34	Huawei	Phone
AC8EBD	Microsoft	Computer
AC8FA9	Nokia Solutions and	
AC8FF8	Nokia	
AC9073	Huawei	Phone
AC9085	Apple	Phone
AC915D	Digital Control	
AC919B	WNC	
AC91A1	Dell	Computer
AC9232	Huawei	Phone
AC932F	Nokia	
AC936A	Huawei Device	Phone
AC93C4	GD Midea	Appliance
AC9403	Envision Peripherals	
AC9572	Jovision	
AC965B	Lucid Motors	
AC9738	Apple	Phone
AC976C	Greenliant	
AC9929	Huawei	Phone
AC9A22	NXP Semiconductors	IoT
AC9A96	Maxlinear	
AC9B0A	Sony	
AC9B84	Smak Tecnologia e	
AC9CE4	Alcatel-Lucent Shanghai	VoIP
AC9E17	ASUSTek COMPUTER	Computer
AC9FC3	Ring	Smart Home
ACA016	Cisco	Router
ACA09D	Juniper	Router
ACA213	Shenzhen Bilian	
ACA22C	Baycity	
ACA31E	Hewlett Packard	Computer
ACA32F	Solidigm	
ACA430	Peerless AV	
ACA46E	Shenzhen Gongjin	
ACA613	Aivres	
ACA667	Electronic Systems	
ACA704	Espressif	IoT
ACA7F1	TP-Link	Router
ACA88E	SHARP	TV
ACA899	Texas Instruments	IoT
ACA919	TrekStor	
ACA9A0	Audioengine	Automotive
ACAB2E	Beijing LasNubes	
ACAB8D	Lyngso Marine A/S	
ACABBF	AthenTek	
ACACE2	Changhong (Hongkong)	
ACAD4B	zte	Phone
ACADEF	Wanan Hongsheng	
ACAE19	Roku	TV
ACAFB9	Samsung	Phone
ACB181	Belden Mooresville	
ACB1EE	Shenzhen Fenda	
ACB313	Commscope	
ACB3B5	Huawei	Phone
ACB480	Dell	Computer
ACB566	Renesas Electronics	
ACB57D	Liteon	
ACB687	Arcadyan	
ACB722	Qingdao Haier	Appliance
ACB74F	METEL s.r.o	
ACB859	Uniband Electronic	
ACB92F	Hangzhou Hikvision	Camera
ACBAC0	Intertech Services	
ACBB61	YSTen	
ACBC32	Apple	Phone
ACBC5B	Vivibit	
ACBCB5	Apple	Phone
ACBCD9	Cisco	Router
ACBD0B	Leimac	
ACBD70	Huawei Device	Phone
ACBDF7	Cisco Meraki	Router
ACBE75	Ufine	
ACBEB6	Visualedge	
ACBF71	Bose	Audio
ACC048	OnePlus Technology	Phone
ACC1EE	Xiaomi	Phone
ACC25D	Fiberhome	
ACC2EC	Clt Int'L Ind	
ACC33A	Samsung	Phone
ACC358	AUMOVIO Czech Republic	
ACC3E5	Cisco Meraki	Router
ACC4A9	Fiberhome	
ACC4BD	Guangdong Oppo Mobile	Phone
ACC51B	Zhuhai Pantum	
ACC595	Graphite	
ACC5B4	Huawei	Phone
ACC662	MitraStar	
ACC698	Kohzu Precision	
ACC73F	Vitsmo	
ACC906	Apple	Phone
ACC935	Ness	
ACC9FF	Realme Chongqing Mobile	Phone
ACCA0F	Indisr Communication	
ACCA54	Telldus Technologies AB	
ACCA8E	ODA	
ACCAAB	Virtual Electric	
ACCABA	Midokura	
ACCB09	Hefcom Metering (Pty)	Smart Home
ACCB36	Fiberhome	
ACCB51	Hangzhou Hikvision	Camera
ACCC8E	Axis Communications AB	Camera
ACCCFC	Amazon	
ACCE8F	Hwa Yao	
ACCE92	New H3C	
ACCF23	Hi-flying	
ACCF5C	Apple	Phone
ACCF7B	Ingram Micro Services	
ACCF85	Huawei	Phone
ACD074	Espressif	IoT
ACD180	Crexendo Business	
ACD1B8	Hon Hai Precision Ind	
ACD20C	Chengdu SingCore	
ACD31D	Cisco Meraki	Router
ACD364	Abb Spa, Abb Sace Div	Industrial
ACD3FB	Arycs	
ACD564	Chongqing Fugui	
ACD618	OnePlus Technology	Phone
ACD657	Shaanxi GuoLian Digital	TV
ACD75B	Sagemcom Broadband SAS	Storage
ACD829	Bouffalo Lab (Nanjing)	
ACD8A7	BELLDESIGN	
ACD929	Quectel Wireless	
ACD9D6	tci	
ACDB22	Marquardt Schaltsysteme	
ACDB48	Commscope	
ACDBDA	Shenzhen Geniatech	
ACDCCA	Huawei	Phone
ACDCE5	Procter & Gamble	
ACDE01	Ruckus Wireless	Router
ACDE48	Private	
ACDF9F	Arcadyan	
ACDFA1	Apple	Phone
ACE010	Liteon	
ACE011	Huawei	Phone
ACE069	ISAAC Instruments	
ACE0D6	koreabts	
ACE14F	Autonomic Controls	
ACE215	Huawei	Phone
ACE2D3	Hewlett Packard	Computer
ACE342	Huawei	Phone
ACE348	MadgeTech	
ACE403	Shenzhen Visteng	
ACE42E	SK hynix	
ACE4B5	Apple	Phone
ACE4D8	Xiaomi	Phone
ACE5F0	Doppler	
ACE606	Honor Device	Phone
ACE64B	Shenzhen Baojia Battery	
ACE6BB	Google	
ACE6FB	Apple	Phone
ACE77B	Sichuan Tianyi Comheart	
ACE87B	Huawei	Phone
ACE87E	Bytemark Computer	
ACE97F	IoT Tech Limited	
ACE9AA	Hay	
ACEA6A	Genix Infocomm	
ACEA70	ZUNDA	
ACEAEA	Huawei	Phone
ACEB51	Universal	
ACEBE6	Espressif	IoT
ACEC80	Commscope	
ACEC85	eero	
ACED32	Extreme	Switch
ACED5C	Intel Corporate	Computer
ACEE3B	6harmonics	
ACEE64	Shenzhen SuperElectron	
ACEE70	Fontem Ventures	
ACEE9E	Samsung	Phone
ACEF92	IEEE Registration	
ACF0B2	Becker Electronics	
ACF108	LG Innotek	
ACF1DF	D-Link	Router
ACF23C	Cloud Network	
ACF2C5	Cisco	Router
ACF42C	Earda	
ACF466	HP	Computer
ACF473	iRobot	Appliance
ACF5E6	Cisco	Router
ACF6F7	LG Electronics (Mobile	Phone
ACF70D	China Mobile Group	
ACF7F3	Xiaomi	Phone
ACF85C	Chengdu Higon	
ACF896	eero	
ACF8CC	Commscope	
ACF932	NXP Semiconductor	IoT
ACF970	Huawei	Phone
ACF97E	Elesys	
ACFAA5	digitron	
ACFAE4	Nintendo	Gaming
ACFBC2	Shenzhen Skyworth	
ACFC82	Shenzhen Sundray	
ACFCE3	EM Microelectronic	
ACFD93	Weifang Goertek	
ACFDCE	Intel Corporate	Computer
ACFDEC	Apple	Phone
ACFE05	Itel Mobile Limited	
ACFF6B	Huawei	Phone
B00073	WNC	
B000B4	Cisco	Router
B00247	AMPAK	
B0027E	Muller Services	
B00594	Liteon	
B006EC	Nexquome Pte Limited	
B00875	Huawei	Phone
B008BF	Vital Connect	
B009D3	Avizia	
B009DA	Ring Solutions	Smart Home
B00AD5	zte	Phone
B00B22	Huawei Device	Phone
B00C9D	Quectel Wireless	
B00CD1	Hewlett Packard	Computer
B01041	Hon Hai Precision Ind	
B0104B	Fiberhome	
B010A0	Texas Instruments	IoT
B01203	Dynamics Hong Kong	
B01266	Futaba-Kikaku	
B01408	Lightspeed	
B014DF	MitraStar	
B01656	Huawei	Phone
B01743	Edison Global Circuits	
B01831	Apple	Phone
B01886	SmarDTV	
B01921	TP-Link	Router
B019C6	Apple	Phone
B01B4B	Invisible Fun Studio	
B01B7C	Ontrol A.S	
B01BD2	Le Shi Zhi Xin	
B01BFC	Cisco	Router
B01C0C	Shenzhen Chuangwei-Rgb	
B01C91	Elim Co	
B01F29	Helvetia	
B01F47	Heights Telecom T	
B01F81	IEEE Registration	
B01F8C	Hewlett Packard	Computer
B01FF4	Sagemcom Broadband SAS	Storage
B0216F	Huawei	Phone
B0227A	HP	Computer
B02347	Shenzhen Giant	
B02491	Huawei Device	Phone
B024F3	Progeny	
B025AA	AIstone Global Limited	
B02628	Broadcom Limited	
B02680	Cisco	Router
B027CF	Extreme	Switch
B0285B	JUHUA	
B02A1F	Wingtech Group	
B02A43	Google	
B02B64	Cisco	Router
B02EBA	Earda	
B02EE0	Huawei Device	Phone
B03055	China Mobile IOT	
B030C8	Teal Drones	
B03226	Keheng Information	
B03366	vivo Mobile	Phone
B033A6	Juniper	Router
B03495	Apple	Phone
B034FB	ShenZhen Microtest	
B0350B	Mobiwire Mobiles	
B0358D	Nokia	
B0359F	Intel Corporate	Computer
B035B5	Apple	Phone
B03731	Fujian Star-Net	
B03795	LG	Phone
B03829	Siliconware Precision	
B03850	Nanjing CAS-ZDC IOT	
B0386C	EFM	
B03893	Onda TLC Italia S.r.l	
B038E2	Wanan Hongsheng	
B03956	Netgear	Router
B03ACE	Huawei Device	Phone
B03B1B	Kontrolnext Technology	
B03CDC	Intel Corporate	Computer
B03D96	Vision Valley FZ	
B03DBF	shenzhen ceita	
B03DC2	Wasp artificial	
B03E51	Sky Uk Limited	
B03EB0	MICRODIA	
B03F64	Apple	Phone
B03FD3	Espressif	IoT
B04089	Senient	
B0411D	ITTIM	
B0416F	Shenzhen Maxtang	
B042B7	Huawei	Phone
B0435D	MechoShade	Smart Home
B04414	New H3C	
B0449C	Assa Abloy AB - Yale	
B04502	Huawei Device	Phone
B04515	mira fitness	
B04519	TCT mobile	
B04530	Sky Uk Limited	
B04545	YACOUB Automation	
B04692	Guangdong Oppo Mobile	Phone
B046FC	MitraStar	
B0475E	IEEE Registration	
B047BF	Samsung	Phone
B047E9	Intel Corporate	Computer
B0481A	Apple	Phone
B0487A	Tp-Link	Router
B0495F	OMRON HEALTHCARE	Industrial
B04A39	Beijing Roborock	Appliance
B04A6A	Samsung	Phone
B04AB4	Motorola Mobility LLC,	Phone
B04B68	NAKAYO	
B04BBF	Pt Han Sung	
B04C05	Fresenius Medical Care	Medical
B04E26	Tp-Link	Router
B04F13	Dell	Computer
B04F3C	Genuine Optics	
B04FA6	DongGuan Ramaxel Memory	
B04FC3	Shenzhen NVC Cloud	
B050BC	Shenzhen Basicom	
B0518E	Holl	
B05216	Hon Hai Precision Ind	
B05246	NXP Semiconductor	IoT
B05365	China Mobile IOT	
B05476	Samsung	Phone
B05508	Huawei	Phone
B05706	Vallox Oy	
B058C4	Broadcast Microwave	
B05947	Shenzhen Qihu	
B05A44	Fibocom Wireless	
B05A7B	Huawei Device	Phone
B05ADA	Hewlett Packard	Computer
B05B1F	Thermo Fisher	
B05B67	Huawei	Phone
B05B99	Sagemcom Broadband SAS	Storage
B05C16	Fiberhome	
B05CDA	HP	Computer
B05CE5	Nokia	
B05DD4	Commscope	
B06088	Intel Corporate	Computer
B061A9	Yealink(Xiamen)	VoIP
B061C7	Ericsson-LG Enterprise	
B061EB	Silicon Laboratories	
B064E0	Samsung	Phone
B0653A	Murata Manufacturing	Smart Home
B06563	Shanghai Railway	
B065BD	Apple	Phone
B065F1	WIO Manufacturing HK	Smart Home
B0672F	Bowers & Wilkins	
B067B5	Apple	Phone
B068B6	Hangzhou OYE	
B068E6	Chongqing Fugui	
B06971	DEI Sales	
B06A41	Google	
B06B11	Hui Zhou Gaoshengda	
B06BB3	Grt	
B06CBF	3ality Digital	
B06E72	Realme Chongqing Mobile	Phone
B06EBF	ASUSTek COMPUTER	Computer
B06FE0	Samsung	Phone
B0700D	Nokia	
B0702D	Apple	Phone
B07219	Apple	Phone
B072BF	Murata Manufacturing	Smart Home
B0735D	Huawei Device	Phone
B0739C	Amazon	
B0750C	QA Cafe	
B0754D	Nokia	
B075D5	zte	Phone
B0761B	Huawei	Phone
B077AC	Commscope	
B07839	GD Midea	Appliance
B07870	Wi-NEXT	
B078F0	Beijing HuaqinWorld	
B07908	Cummings Engineering	Smart Home
B0793C	Revolv	
B07994	Motorola Mobility LLC,	Phone
B07A16	Roehn	
B07AA4	Guangzhou Punp	Smart Home
B07ADF	Huawei	Phone
B07B25	Dell	Computer
B07C51	Ruckus Wireless	Router
B07C8E	Brother	Printer
B07D47	Cisco	Router
B07D62	Dipl.-Ing. H. Horstmann	
B07D64	Intel Corporate	Computer
B07E11	Texas Instruments	IoT
B07E70	Zadara Storage	
B07FB9	Netgear	Router
B0808C	Laser Light Engines	
B08101	Honor Device	Phone
B08184	Espressif	IoT
B081D8	I-sys	
B082AB	Guangdong Welland	
B082E2	ASUSTek COMPUTER	Computer
B083D6	Commscope	
B083FE	Dell	Computer
B0869E	Chloride S.r.L	
B08807	Strata Worldwide	
B08900	Huawei	Phone
B08991	Lge	
B089C2	Zyptonite	
B08B92	zte	Phone
B08B9E	Telechips	
B08BA8	Amazon	
B08BBE	ABL	
B08BCF	Cisco	Router
B08BD0	Cisco	Router
B08C75	Apple	Phone
B08CB3	FN-LINK	
B08D57	Cisco	Router
B08E1A	URadio	
B09074	Fulan Electronics	
B0907E	Cisco	Router
B090D4	Shenzhen Hoin Internet	
B09122	Texas Instruments	IoT
B09134	Taleo	
B09137	ISis ImageStream	
B09200	Apple	Phone
B0924A	Sagemcom Broadband SAS	Storage
B0935B	Commscope	
B09501	EM Microelectronic	
B09575	Tp-Link	Router
B0958E	Tp-Link	Router
B0966C	Lanbowan	
B096EA	GD Midea	Appliance
B09738	Shenzhen Skyworth	
B0973A	E-Fuel	
B097E6	Fujian Fucan Wecon	
B0982B	Sagemcom Broadband SAS	Storage
B0989F	Lg Cns	
B098BC	Huawei Device	Phone
B09928	Fujitsu Limited	
B0995A	Huawei	Phone
B099D7	Samsung	Phone
B09AE2	STEMMER IMAGING	
B09BD4	GNH Software India	
B09C18	Shenzhen Taichi	
B09C63	Xiaomi	Phone
B09CB2	Google	
B09E1B	Butlr	
B09FBA	Apple	Phone
B0A10A	Pivotal	
B0A187	Realme Chongqing Mobile	Phone
B0A2E7	Shenzhen TINNO Mobile	
B0A37E	Qing Dao Haier Telecom	Appliance
B0A3F2	Huaqin	
B0A454	Tripwire	
B0A460	Intel Corporate	Computer
B0A4F0	Huawei	Phone
B0A604	Espressif	IoT
B0A651	Cisco	Router
B0A6F5	Xaptum	
B0A72A	Ensemble Designs	
B0A732	Espressif	IoT
B0A737	Roku	TV
B0A7B9	TP-Link	Router
B0A7D2	Fiberhome	
B0A86E	Juniper	Router
B0AA36	Guangdong Oppo Mobile	Phone
B0AA77	Cisco	Router
B0AAD2	Sichuan tianyi kanghe	
B0AC82	China Dragon Technology	
B0ACD2	zte	Phone
B0ACFA	Fujitsu Limited	
B0ADAA	Avaya	VoIP
B0AE25	Varikorea	
B0AFF7	Shenzhen Yipingfang	
B0B113	Texas Instruments	IoT
B0B194	zte	Phone
B0B21C	Espressif	IoT
B0B28F	Sagemcom Broadband SAS	Storage
B0B2DC	Zyxel	Router
B0B32B	Slican Sp. z o.o	
B0B353	IEEE Registration	
B0B369	Shenzhen SDMC	
B0B3AD	HUMAX	
B0B448	Texas Instruments	IoT
B0B5C3	Guangdong Oppo Mobile	Phone
B0B5E8	Ruroc	
B0B867	Hewlett Packard	Computer
B0B8D5	Nanjing Nengrui Auto	
B0B98A	Netgear	Router
B0BB8B	Wavetel Technology	
B0BBA9	Apple	Phone
B0BBE5	Sagemcom Broadband SAS	Storage
B0BC7A	Harman/Becker Automotive	Automotive
B0BC8E	SkyMirr	
B0BD1B	Dongguan Liesheng	
B0BD6D	Echostreams Innovative	Smart Home
B0BDA1	Zaklad Elektroniczny	
B0BE45	Mellanox	Switch
B0BE76	Tp-Link	Router
B0BE83	Apple	Phone
B0BF99	Wizitdongdo	
B0C090	Chicony	
B0C128	Adler ELREHA	
B0C19E	zte	Phone
B0C205	Bionime	
B0C287	Vantiva USA	
B0C2C7	Motorola Mobility LLC,	Phone
B0C387	GOEFER	
B0C38E	Huawei Device	Phone
B0C420	Bochs virtual NIC	
B0C46C	Senseit	
B0C4E7	Samsung	Phone
B0C53C	Cisco	Router
B0C554	D-Link	Router
B0C559	Samsung	Phone
B0C5CA	IEEE Registration	
B0C61C	Huawei	Phone
B0C69A	Juniper	Router
B0C745	Buffalo.Inc	Storage
B0C787	Huawei	Phone
B0C7DE	Silicon Laboratories	
B0C83F	Jiangsu Cynray IOT	
B0C8AD	People Power	
B0C952	Guangdong Oppo Mobile	Phone
B0C95B	Beijing Symtech	
B0CA68	Apple	Phone
B0CAE7	Huawei Device	Phone
B0CBD8	Espressif	IoT
B0CCCE	IEEE Registration	
B0CCFE	Huawei Device	Phone
B0CE18	Zhejiang shenghui	
B0CF0E	Mellanox	Switch
B0CF4D	MI-Zone Technology	
B0CFCB	Amazon	
B0D09C	Samsung	Phone
B0D1D6	Nokia Shanghai Bell	
B0D278	Texas Instruments	IoT
B0D2F5	Vello	
B0D41F	Mobititecabsolut	
B0D568	Shenzhen Cultraview	
B0D576	Apple	Phone
B0D59D	Shenzhen Zowee	
B0D5CC	Texas Instruments	IoT
B0D5FB	Google	
B0D616	Super Micro Computer	Server
B0D77E	Huawei	Phone
B0D7C5	Logipix	
B0D7CC	Tridonic GmbH & Co	
B0D7DE	Hangzhou Linovision	
B0D888	Panasonic Automotive	
B0DA00	Cera Electronique	
B0DAF9	Commscope	
B0DCEF	Intel Corporate	Computer
B0DD74	Heimgard Technologies AS	
B0DE28	Apple	Phone
B0DE31	Samsung	Phone
B0DF3A	Samsung	Phone
B0DFC1	Tenda Technology	
B0E03C	TCT mobile	
B0E17E	Huawei	Phone
B0E235	Xiaomi	Phone
B0E2E5	Fiberhome	
B0E39D	Cat System	
B0E45C	Samsung	Phone
B0E4D5	Google	
B0E50E	Nrg	
B0E5ED	Huawei	Phone
B0E5EF	Apple	Phone
B0E5F9	Apple	Phone
B0E71D	Shanghai Maigantech	
B0E754	2Wire	
B0E7DE	Homa Technologies JSC	
B0E892	Seiko Epson	Printer
B0E8E8	Silicon Laboratories	
B0E97E	Advanced Micro	
B0E9FE	Woan Technology	
B0EA19	TPV Audio and Visual	Automotive
B0EABC	Askey Computer	
B0EB57	Huawei	Phone
B0EB7F	Juniper	Router
B0EC69	Apple	Phone
B0EC71	Samsung	Phone
B0EC8F	Gmx Sas	
B0ECDD	Huawei	Phone
B0ECE1	Private	
B0EE45	AzureWave	
B0EE7B	Roku	TV
B0F00C	Dongguan Wecxw	
B0F079	Guangdong Oppo Mobile	Phone
B0F1A3	Fengfan (BeiJing)	
B0F1AE	eero	
B0F1BC	Dhemax Ingenieros Ltda	
B0F1D8	Apple	Phone
B0F1EC	AMPAK	
B0F208	AVM Audiovisuelles	Automotive
B0F2F6	Samsung	Phone
B0F3E9	PATEO CONNECT (Xiamen)	
B0F530	Hitron	
B0F5C8	AMPAK	
B0F7C4	Amazon	
B0F893	Shanghai MXCHIP	
B0F963	Hangzhou H3C	
B0FA8B	Huawei Device	Phone
B0FA91	EM Microelectronic	
B0FAEB	Cisco	Router
B0FB15	Ezurio	
B0FBDD	Shenzhen SuperElectron	
B0FC0D	Amazon	
B0FC36	CyberTAN	
B0FC4B	Shenzhen Phaten	
B0FC88	Sagemcom Broadband SAS	Storage
B0FD0B	IEEE Registration	
B0FEBD	Private	
B0FEE5	Huawei Device	Phone
B0FF0D	Hangzhou Hikvision	Camera
B0FF72	IEEE Registration	
B40016	Ingenico Terminals Sas	
B4009C	CableWorld	
B40142	GCI Science &	
B40216	Cisco	Router
B402F2	Synaptics	
B40418	Smartchip Integrated	
B40421	zte	Phone
B40429	Guangzhou Shiyuan	
B4055D	IEIT	
B40566	SP Best	
B405A1	Xiaomi	Phone
B407F9	Samsung Electro	Phone
B40832	TC	
B40931	Huawei	Phone
B40AC6	DEXON	
B40AD8	Sony Interactive	Gaming
B40B1D	Samsung	Phone
B40B44	Smartisan	
B40B78	Brusa Elektronik	
B40B7A	Brusa Elektronik	
B40C25	Palo Alto	Router
B40E06	Third Reality	
B40E96	Heran	
B40ECF	Bouffalo Lab (Nanjing)	
B40EDC	LG-Ericsson	
B40EDE	Intel Corporate	Computer
B40F3B	Tenda Technology	
B40FB3	vivo Mobile	Phone
B4101C	Shanghai Imilab	
B4107A	Amazon	
B4107B	Texas Instruments	IoT
B41324	Google	
B41489	Cisco	Router
B414E6	Huawei	Phone
B41513	Huawei	Phone
B4157E	Celona	
B41584	Samsung	Phone
B41678	Juniper	Router
B4174D	Project Monitor	
B41780	DTI	
B417A8	Meta Platforms	
B418D1	Apple	Phone
B41974	Apple	Phone
B41A1D	Samsung	Phone
B41BB0	Apple	Phone
B41C30	zte	Phone
B41CAB	ICR	
B41CAF	Uab Teltonika	
B41D2B	Shenzhen YOUHUA	
B41D62	Nokia Shanghai Bell	
B41DC4	Huawei	Phone
B41DEF	Internet Laboratories	
B41E52	Flock Safety	
B41F4D	Sony Interactive	Gaming
B42046	eero	
B4205B	Guangdong Oppo Mobile	Phone
B4211D	Beijing GuangXin	
B4218A	Dog Hunter	
B42200	Brother	Printer
B42330	Itron	
B423A2	Google	
B424E7	Codetek	
B4265D	Taicang T&W	
B42802	Intel Corporate	Computer
B42875	Futecho Solutions	Smart Home
B428F1	E-Prime	
B4293D	Shenzhen Urovo	
B42A0E	Vantiva USA	
B42A39	ORBIT MERRET, spol. s	
B42BB9	Huawei	Phone
B42C92	Zhejiang Weirong	
B42CBE	Direct Payment	
B42D56	Extreme	Switch
B42E99	Giga-Byte	Computer
B42EF8	Eline	
B42F03	Quectel Wireless	
B43052	Huawei	Phone
B430C0	York Instruments	
B43161	Realme Chongqing Mobile	Phone
B431B8	Aviwest	
B4346C	Matsunichi Digital	
B43522	Silicon Laboratories	
B43564	Fujian Tian Cheng	
B435F7	Zhejiang Pearmain	
B436A9	Fibocom Wireless	
B436D1	Renesas Electronics	
B436E3	Kbvision	
B43741	Consert	
B437D1	IEEE Registration	
B437D8	D-Link (Shanghai)	Router
B43836	Huawei	Phone
B43934	Pen Generations	
B43939	Shenzhen TINNO Mobile	
B4394C	Huawei	Phone
B439D6	ProCurve Networking by	
B43A28	Samsung	Phone
B43A31	Silicon Laboratories	
B43A45	Espressif	IoT
B43A96	Arista	Switch
B43AE2	Huawei	Phone
B43B52	Sagemcom Broadband SAS	Storage
B43D08	GX	
B43D6B	NXP Semiconductor	IoT
B43DB2	Degreane Horizon	
B43E3B	Viableware	
B440A4	Apple	Phone
B440DC	Samsung	Phone
B44130	Jabil Circuit	
B4417A	Shenzhen Gongjin	
B4430D	Broadlink	Router
B44326	Huawei	Phone
B44389	Huawei	Phone
B44506	Dell	Computer
B4466B	Realtimeid As	
B4475E	Avaya	VoIP
B447F5	Earda	
B44BD2	Apple	Phone
B44BD6	IEEE Registration	
B44C3B	Zhejiang Dahua	Camera
B44C90	Cisco	Router
B44CC2	Nr Electric	
B44D43	IEEE Registration	
B44F96	Zhejiang Xinzailing	
B45062	EmBestor	
B451F9	NB Software	
B45253	Seagate	Storage
B4527D	Sony	
B4527E	Sony	
B452A9	Texas Instruments	IoT
B45459	China Mobile (Hangzhou)	
B454F2	Huawei Device	Phone
B45570	Borea	
B45575	Apple	Phone
B4565D	Chipsea Technologies	
B456B9	Teraspek	
B456E3	Apple	Phone
B456FA	IOPSYS Software	
B457E6	Guangdong Oppo Mobile	Phone
B45861	CRemote	
B45976	Apple	Phone
B45B86	Funshion Online	
B45BD1	TP-Link	Router
B45CA4	Thing-talk Wireless	
B45CB5	Mellanox	Switch
B45D50	Hewlett Packard	Computer
B45F84	zte	Phone
B46077	Sichuan Changhong	
B4608C	Fiberhome	
B460ED	Beijing Xiaomi Mobile	Phone
B46142	Huawei	Phone
B461E9	Sichuan AI-Link	
B461FF	Lumigon A/S	
B4622E	Zhong Ge Smart	
B46238	Exablox	
B46293	Samsung	Phone
B462AD	Elysia Germany	
B4636F	Nokia Solutions and	
B46415	Guangzhou V-Solution	
B465DC	China Dragon Technology	
B46698	Zealabs	
B467E9	Qingdao GoerTek	
B46921	Intel Corporate	Computer
B4695F	TCT mobile	
B46AD4	Edgecore Americas	
B46BFC	Intel Corporate	Computer
B46C47	Panasonic Appliances	
B46D35	Dalian Seasky	
B46D83	Intel Corporate	Computer
B46DC2	Shenzhen Bilian	
B46E08	Huawei	Phone
B46E10	vivo Mobile	Phone
B46F2D	Wahoo Fitness	
B46F78	Accton	
B47064	Samsung	Phone
B472D4	zte	Phone
B47356	Hangzhou Treebear	
B47443	Samsung	Phone
B47447	CoreOS	
B4749F	Askey Computer	
B4750E	Belkin	
B476A4	Huawei Device	Phone
B47748	Shenzhen Neoway	
B47947	Nutanix	
B479A7	Samsung	Phone
B479C8	Ruckus Wireless	Router
B47AF1	Hewlett Packard	Computer
B47B1A	Huawei	Phone
B47C29	Shenzhen Guzidi	
B47C59	Jiangsu Hengxin	
B47C9C	Amazon	
B47CA6	zte	Phone
B47D76	KNS	
B47E9F	Xiaomi	Phone
B47F5E	Foresight Manufacture	
B48107	Shenzhen Chuangwei-Rgb	
B481BF	Meta-Networks	
B48255	Research Products	
B4827B	AKG Acoustics	
B482C5	Relay2	
B482FE	Askey Computer	
B48351	Intel Corporate	Computer
B484D5	GooWi Wireless	
B48547	Amptown System	
B485E1	Apple	Phone
B48618	GX India Pvt	
B48655	Huawei	Phone
B48901	Huawei	Phone
B48910	Coster T.E. S.P.A	
B48931	Silicon Laboratories	
B48970	IGEN	
B48A0A	Espressif	IoT
B48A5F	Juniper	Router
B48B19	Apple	Phone
B48C9D	AzureWave	
B490E5	GD Midea	Appliance
B49107	Huawei	Phone
B492FE	Arista	Switch
B4944E	WeTelecom	
B49691	Intel Corporate	Computer
B496A5	Apple	Phone
B49842	zte	Phone
B49882	Brusa HyPower	
B4994C	Texas Instruments	IoT
B499BA	Hewlett Packard	Computer
B49A7D	Guangdong Oppo Mobile	Phone
B49A95	Shenzhen Boomtech	
B49CDF	Apple	Phone
B49D02	Samsung	Phone
B49D0B	Bq	
B49D6B	vivo Mobile	Phone
B49DB4	Axion	
B49DFD	Shenzhen SDMC	
B49E80	Sichuan Changhong	
B49EAC	Imagik Int'l	
B49EE6	Shenzhen	
B49F4D	Fiberhome	
B4A10A	Huawei Device	Phone
B4A25C	Cambium Networks Limited	Access Point
B4A2EB	IEEE Registration	
B4A305	Xiamen Yaxon	
B4A382	Hangzhou Hikvision	Camera
B4A3BD	Extreme	Switch
B4A4B5	Zen Eye	
B4A4E3	Cisco	Router
B4A5A9	MODI	
B4A5AC	Guangdong Oppo Mobile	Phone
B4A5EF	Sercomm	
B4A64A	Espressif	IoT
B4A678	Zhejiang Tmall	
B4A7C6	Servercom (India)	
B4A828	Shenzhen Concox	
B4A82B	Histar Digital	
B4A898	Huawei Device	Phone
B4A8B9	Cisco	Router
B4A94F	Mercury	
B4A95A	Avaya	VoIP
B4A984	Symantec	
B4A9FC	Quanta Computer	Server
B4A9FE	GHIA Technology	
B4AA4D	Ensequence	
B4AB2C	MtM	
B4ABF3	IEEE Registration	
B4AC8C	Bern University of	
B4AC9D	Texas Instruments	IoT
B4ADA3	Guangzhou Shiyuan	
B4AE2B	Microsoft	
B4AE6F	Circle Reliance, Inc	
B4AEC1	Apple	Phone
B4B017	Avaya	VoIP
B4B024	TP-Link	Router
B4B055	Huawei	Phone
B4B15A	Siemens AG Energy	Industrial
B4B265	Daeho I&T	
B4B291	LG	Phone
B4B2E9	Fortinet	Router
B4B362	zte	Phone
B4B384	ShenZhen Figigantic	
B4B52F	Hewlett Packard	Computer
B4B542	Hubbell Power	
B4B5AF	Minsung	
B4B5B6	Chongqing Fugui	
B4B650	Realme Chongqing Mobile	Phone
B4B676	Intel Corporate	Computer
B4B686	Hewlett Packard	Computer
B4B742	Amazon	
B4B853	Honor Device	Phone
B4B859	Texa Spa	
B4B88D	Thuh	
B4B9E6	eero	
B4BA02	Agatel	
B4BA12	China Mobile (Hangzhou)	
B4BA6A	Tecno Mobile Limited	
B4BA9D	Sky Uk Limited	
B4BC7C	Texas Instruments	IoT
B4BFE9	Espressif	IoT
B4BFF6	Samsung	Phone
B4C0C3	TP-Link	Router
B4C0F5	Shenzhen TINNO Mobile	
B4C170	Yi chip	
B4C26A	Garmin	Wearable
B4C2E0	Bouffalo Lab (Nanjing)	
B4C2F7	Huawei Device	Phone
B4C3D9	Huawei	Phone
B4C44E	VXL eTech Pvt	
B4C476	Wuhan Maritime	
B4C4FC	Xiaomi	Phone
B4C556	Shanghai Kenmyond	
B4C62E	Molex CMS	
B4C6F8	Axilspot Communication	
B4C799	Extreme	Switch
B4C810	Umpi	
B4C9B9	Sichuan AI-Link	
B4CADD	Cisco	Router
B4CB57	Guangdong Oppo Mobile	Phone
B4CBB8	Universal	
B4CC04	Piranti	
B4CCE9	Prosyst	
B4CD27	Huawei	Phone
B4CDF5	Cub Elecparts	
B4CE40	Samsung	Phone
B4CEF6	HTC	
B4CEFE	James Czekaj	
B4CF49	WNC	
B4CFDB	Shenzhen Jiuzhou	
B4CFE0	Sichuan tianyi kanghe	
B4D0A9	China Mobile Group	
B4D135	Cloudistics	
B4D1F6	Huawei	Phone
B4D286	Telechips	
B4D31A	Lysora	
B4D5BD	Intel Corporate	Computer
B4D5E5	Samsung	Phone
B4D64E	Caldero Limited	
B4D7DB	New H3C	
B4D8A9	BetterBots	
B4D8DE	iota Computing	
B4DB91	Celestica	
B4DC09	Guangzhou Dawei	
B4DD15	ControlThings Oy Ab	
B4DDD0	AUMOVIO Hungary Kft	
B4DDE0	Shanghai Amphenol	
B4DE31	Cisco	Router
B4DEDF	zte	Phone
B4DF09	Flux::	
B4DF3B	Chromlech	
B4DF43	IEEE Registration	
B4DF91	Cisco Meraki	Router
B4DFFA	Litemax	
B4E01D	Conception Electronique	
B4E025	ITLook	
B4E0CD	Fusion-io	
B4E10F	Dell	Computer
B4E1C4	Microsoft Mobile Oy	
B4E1EB	Private	
B4E25B	HP	Computer
B4E265	Shenzhen SDMC	
B4E3D0	LG	Phone
B4E3F9	Silicon Laboratories	
B4E454	Amazon	
B4E46B	China Mobile IOT	
B4E53E	Ruckus Wireless	Router
B4E54C	LLC "Elektra	
B4E5C5	Huawei Device	Phone
B4E62A	LG Innotek	
B4E62D	Espressif	IoT
B4E782	Vivalnk	
B4E7B3	Edifier	
B4E842	Hong Kong Bouffalo Lab	
B4E85C	fünfeinhalb Funksysteme	
B4E8C9	XADA	
B4E9A3	port industrial	
B4E9B0	Cisco	Router
B4E9B8	Dell	Computer
B4EC02	Alpsalpine Co,.Ltd	
B4ECF2	Shanghai Listent Medical	Medical
B4ECFF	Wuhan IPG	
B4ED19	Pie Digital	
B4ED54	Wohler	
B4EDD5	Quectel Wireless	
B4EE25	Shenzhen Belon	
B4EEB4	Askey Computer	
B4EED4	Texas Instruments	IoT
B4EF04	DAIHAN Scientific	
B4EF1C	360 AI	
B4EF30	Shanghai SYH	
B4EF39	Samsung	Phone
B4EFFA	Lemobile Information	
B4F0AB	Apple	Phone
B4F18C	Huawei Device	Phone
B4F1DA	LG Electronics (Mobile	Phone
B4F267	Compal Broadband	
B4F2E8	Commscope	
B4F323	Petatel	
B4F49B	Huawei Device	Phone
B4F58E	Huawei	Phone
B4F61C	Apple	Phone
B4F7A1	LG Electronics (Mobile	Phone
B4F81E	Kinova	
B4F949	optilink networks pvt	
B4F95D	Juniper	Router
B4FA48	Apple	Phone
B4FBE3	AltoBeam	
B4FBE4	Ubiquiti	Router
B4FBF9	Huawei	Phone
B4FC75	SEMA Electronics(HK)	
B4FC7D	AVM Audiovisuelles	Automotive
B4FE8C	Centro Sicurezza Italia	
B4FF98	Huawei	Phone
B80018	Htel	
B8005B	Huawei Device	Phone
B8011F	Apple	Phone
B802A4	Aeonsemi	
B80305	Intel Corporate	Computer
B80415	Bayan Audio	Automotive
B80533	Apple	Phone
B805AB	zte	Phone
B8060D	Tuya Smart	Smart Home
B80716	vivo Mobile	Phone
B80756	Cisco Meraki	Router
B808CF	Intel Corporate	Computer
B808D7	Huawei	Phone
B8098A	Apple	Phone
B80B9A	Huawei	Phone
B80B9D	ROPEX	
B80BDA	GD Midea	Appliance
B80C68	Honor Device	Phone
B80E1D	PAX Computer	
B810D4	Masimo	Medical
B8114B	Cisco	Router
B812DA	Lvswitches	Switch
B81332	AMPAK	
B813E9	Trace Live	
B81413	Keen High Holding(HK)	
B8144D	Apple	Phone
B8145C	Huawei Device	Phone
B814DB	Ohsung	
B81619	Commscope	
B8165F	LG Innotek	
B816DB	Chant Sincere	
B81743	shenzhen worldelite	
B817C2	Apple	Phone
B8186F	Oriental Motor	
B81904	Nokia Shanghai Bell	
B81999	Nesys	
B81BCB	Shanghai Sunmi	
B81D1F	Huawei	Phone
B81DAA	LG Electronics (Mobile	Phone
B81E0B	Extreme	Switch
B81E61	Tellescom Industria E	
B81E9E	Huawei	Phone
B81EA4	Liteon	
B81F3F	Espressif	IoT
B81F5E	Apption Labs Limited	
B8208E	Panasonic Connect	
B820E7	Guangzhou Horizontal	
B8211C	Apple	Phone
B8220C	Apple	Phone
B8224F	Sichuan Tianyi Comheart	
B82410	Magneti Marelli	
B8241A	Sweda Informatica Ltda	
B824F0	SOYO Technology	
B8259A	Thalmic	
B825B5	Trakm8	
B8266C	ANOV France	
B826D4	Furukawa Industrial	
B827C5	Huawei Device	Phone
B827EB	Raspberry Pi Foundation	IoT
B8288B	Parker Hannifin	Smart Home
B82903	Vietnam Post And	
B829F7	Blaster	
B82A72	Dell	Computer
B82AA9	Apple	Phone
B82ADC	EFR Europäische	
B82B68	Huawei Device	Phone
B82CA0	Resideo	
B82D28	AMPAK	
B82FCB	CMS Electracom	
B830A8	Road-Track Telematics	
B831B5	Microsoft	Computer
B83241	Wuhan Tianyu	
B8328F	eero	
B83446	Motorola Mobility LLC,	Phone
B836D8	Videoswitch	Switch
B8374A	Apple	Phone
B8374B	Hewlett Packard	Computer
B83765	Guangdong Oppo Mobile	Phone
B837B2	Hewlett Packard	Computer
B83861	Cisco	Router
B83865	Hewlett Packard	Computer
B838CA	Kyokko Tsushin System	
B838EF	ADVA Optical Networking	
B83A08	Tenda Technology	
B83A5A	Hewlett Packard	Computer
B83A7B	Worldplay (Canada)	
B83A9D	Alarm.com	
B83B8F	Hangzhou Hylin IoT	Smart Home
B83BAB	Arcadyan	
B83BCC	Xiaomi	Phone
B83C20	Huawei Device	Phone
B83C28	Apple	Phone
B83D4E	Shenzhen Cultraview	
B83DF6	Texas Instruments	IoT
B83DFB	Bouffalo Lab (Nanjing)	
B83E59	Roku	TV
B83FD2	Mellanox	Switch
B8415F	Asp	
B841A4	Apple	Phone
B841D9	Guangzhou Shiyuan	
B843E4	Vlatacom	
B844AE	TCT mobile	
B844D9	Apple	Phone
B845EB	Apple	Phone
B845F4	New H3C	
B8477A	Dasan Electron	
B847C6	SanJet	
B848AA	EM Microelectronic	
B848EC	Private	
B8496D	Apple	Phone
B84C87	IEEE Registration	
B84D43	Hunan Fn-Link	
B84DEE	Hisense broadband	TV
B84FA7	Apple	Phone
B84FD5	Microsoft	Computer
B85001	Extreme	Switch
B850D8	Beijing Xiaomi Mobile	Phone
B8511D	Telechips	
B851A9	Nokia	
B85213	zte	Phone
B852E0	Beijing Xiaomi	Phone
B85384	Xiaomi	Phone
B853AC	Apple	Phone
B85510	Zioncom Electronics	
B855EA	Yantai Jahport	
B85600	Huawei	Phone
B856BD	Itt	
B85776	lignex1	
B857D6	Cisco	Router
B857D8	Samsung	Phone
B85810	Numera	
B858FF	Arista	Switch
B8599F	Mellanox	Switch
B859C8	70mai	
B859CE	Earda	
B85A73	Samsung	Phone
B85AF7	Ouya	
B85AFE	Handaer Communication	
B85B6C	Control Accessories	
B85C5C	Microsoft	Computer
B85CEE	Baidu Online Network	
B85D0A	Apple	Phone
B85DC3	Huawei	Phone
B85E71	Vantiva USA	
B85E7B	Samsung	Phone
B85F98	Amazon	
B85FB0	Huawei	Phone
B86061	China Mobile Group	
B86091	Onnet Technologies and	
B86142	Beijing Tricolor	
B8616F	Accton	
B861FC	Juniper	Router
B8621F	Cisco	Router
B8634D	Apple	Phone
B86392	Guangdong Genius	
B863BC	ROBOTIS	
B86468	BBSakura	
B86491	CK Telecom	
B8653B	Bolymin	
B86685	Sagemcom Broadband SAS	Storage
B86870	Nintendo	Gaming
B869C2	Sunitec Enterprise	
B869F4	Routerboard.com	
B86A97	Edgecore	
B86AF1	Sagemcom Broadband SAS	Storage
B86B23	Toshiba	
B86CE0	Hewlett Packard	Computer
B86CE8	Samsung	Phone
B87029	Shenzhen	
B870F4	Compal Information	
B87424	Viessmann Elektronik	
B87447	Convergence	
B8752E	Huawei Device	Phone
B875C0	PayPal	
B8763F	Hon Hai Precision Ind	
B877C3	METER	
B87826	Nintendo	Gaming
B8782E	Apple	Phone
B87879	Roche Diagnostics	
B8797E	Secure Meters (UK)	
B87AC9	Siemens	
B87B4D	Espressif	IoT
B87BC5	Apple	Phone
B87BD4	Google	
B87C6F	NXP (China) Management	IoT
B87CD0	Huawei Device	Phone
B87CF2	Extreme	Switch
B87E39	Motorola Mobility LLC,	Phone
B87E40	Huawei Device	Phone
B87EE5	Intelbras	
B88035	Shenzhen Qihu	
B8804F	Texas Instruments	IoT
B88198	Intel Corporate	Computer
B881FA	Apple	Phone
B88268	Shenzhen Hopestar	
B882F2	WNC	
B88303	Hewlett Packard	Computer
B88411	Shenzhen Shokz	
B8857B	Huawei	Phone
B88584	Dell	Computer
B88687	Liteon	
B8871E	Good Mind	
B8876E	Intertech Services	
B88788	HP	Computer
B887A8	Step Ahead Innovations	
B887C6	Prudential	
B88880	Shanghai Imilab	
B888E3	Compal Information	
B88981	Chengdu InnoThings	
B889CA	ILJIN ELECTRIC	
B88A60	Intel Corporate	Computer
B88A72	Renesas Electronics	
B88AEC	Nintendo	Gaming
B88C29	GD Midea	Appliance
B88C2B	Sagemcom Broadband SAS	Storage
B88D12	Apple	Phone
B88DF1	Nanjing BigFish	
B88E3A	Infinite Technologies	
B88E82	Huawei Device	Phone
B88EB0	Shenzhen Skyworth	
B88EC6	Stateless	
B88EDF	Zencheer Communication	
B88F14	Analytica	
B88F27	Realme Chongqing Mobile	Phone
B88FB4	Jabil Circuit Italia	
B89047	Apple	Phone
B89165	Zhejiang Tmall	
B891C9	Handreamnet	
B8921D	Bg T&A	
B89436	Huawei	Phone
B89470	Calix	
B894D2	Retail Innovation HTT AB	
B894D9	Texas Instruments	IoT
B894E7	Xiaomi	Phone
B89674	AllDSP GmbH & Co	
B89734	Silicon Laboratories	
B8975A	BIOSTAR Microtech Int'l	
B8977A	Nokia Solutions and	
B898AD	Motorola Mobility LLC,	Phone
B898B0	Atlona	
B898F7	Gionee Communication	
B89919	7signal Solutions	
B899AE	Shenzhen MiaoMing	
B899B0	Cohere	
B89A2A	Intel Corporate	Computer
B89A9A	Xin Shi Jia Technology	
B89ACD	Elite	
B89AED	OceanServer	
B89BC9	SMC	
B89BE4	ABB Power Systems Power	Industrial
B89C13	Alps Alpine	
B89DE5	ASIX	
B89EA6	Spbec-Mining	
B89F09	WNC	
B89FCC	Huawei	Phone
B8A0B8	Samsung	Phone
B8A14A	Raisecom	
B8A175	Roku	TV
B8A1B8	Arista	Switch
B8A25D	Motorola Mobility LLC,	Phone
B8A377	Cisco	Router
B8A386	D-Link	Router
B8A3E0	BenRui	
B8A44F	Axis Communications AB	Camera
B8A535	Vantiva USA	
B8A58D	Axe Group Holdings	
B8A75E	Wuxi Xinjie Electric	
B8A792	Sichuan Tianyi Comheart	
B8A825	Samsung	Phone
B8A8AF	Logic S.p.A	
B8AB61	Cisco Meraki	Router
B8AB62	Hui Zhou Gaoshengda	
B8AC6F	Dell	Computer
B8AD3E	Bluecom	
B8AE1C	Smart Cube	
B8AE1D	Guangzhou Xingyi	
B8AE6E	Nintendo	Gaming
B8AEED	Elitegroup Computer	
B8AF67	Hewlett Packard	Computer
B8B1C7	Bt&Com	
B8B1EA	Honor Device	Phone
B8B2EB	Googol Technology (HK)	
B8B2F7	Drimaes	
B8B2F8	Apple	Phone
B8B3DC	Derek (Shaoguan) Limited	
B8B409	Samsung	Phone
B8B42E	Gionee Communication	
B8B4C9	Cisco Meraki	Router
B8B77D	Guangdong Transtek	Medical
B8B7D7	2GIG	
B8B7DB	GOIP Global Services Pvt	
B8B7F1	WNC	
B8B81E	Intel Corporate	Computer
B8B94E	Shenzhen iBaby	
B8BA66	Microsoft	Computer
B8BA68	Xi'an Jizhong Digital	
B8BA72	Cynove	
B8BB11	Espressif Systems	IoT
B8BB23	Guangdong Nufront CSC	
B8BB6D	ENERES	
B8BBAF	Samsung	Phone
B8BC1B	Huawei	Phone
B8BC5B	Samsung	Phone
B8BD79	TrendPoint	
B8BEBF	Cisco	Router
B8BEF4	devolo	
B8BF83	Intel Corporate	Computer
B8C007	tickIoT	
B8C051	VusionGroup	
B8C065	Universal	
B8C111	Apple	Phone
B8C1A2	Dragon Path	
B8C227	PSTec	
B8C253	Juniper	Router
B8C385	Huawei	Phone
B8C3BF	Henan Chengshi NetWork	
B8C46F	Primmcon	
B8C68E	Samsung	Phone
B8C6AA	Earda	
B8C716	Fiberhome	
B8C74A	Guangdong Oppo Mobile	Phone
B8C75D	Apple	Phone
B8C855	Shanghai GBCOM	
B8C8EB	Itel Mobile Limited	
B8C924	Cisco	Router
B8C9B5	Guangdong Oppo Mobile	Phone
B8CA04	Holtek Semiconductor	
B8CA3A	Dell	Computer
B8CB29	Dell	Computer
B8CB93	Ic Boss.Com	
B8CC38	Shenzhen Yinwang	
B8CC5F	Shenzhen iComm	
B8CD58	Shenzhen SuperElectron	
B8CD93	Penetek	
B8CDA7	Maxeler	
B8CEED	Broadcom	
B8CEF6	Mellanox	Switch
B8D06F	Guangzhou Hkust Fok	
B8D08F	Quectel Wireless	
B8D0F0	Fcnt	
B8D309	Cox	
B8D3EF	Unisem (M) Berhad	
B8D43E	vivo Mobile	Phone
B8D49D	M Seven System	
B8D4BC	zte	Phone
B8D4C3	Huawei	Phone
B8D4E7	Hewlett Packard	Computer
B8D4F7	New H3C	
B8D50B	Sunitec Enterprise	
B8D526	Zyxel	Router
B8D56B	Mirka	
B8D5AD	Nokia	
B8D61A	Espressif	IoT
B8D6F6	Huawei	Phone
B8D7AF	Murata Manufacturing	Smart Home
B8D812	IEEE Registration	
B8D82D	Qingdao	
B8D94D	Sagemcom Broadband SAS	Storage
B8D9CE	Samsung	Phone
B8DA5E	Texas Instruments	IoT
B8DAE8	Huawei Device	Phone
B8DAF1	Strahlenschutz-	
B8DAF7	Advanced Photonics	
B8DB1C	Integrated Device	
B8DB38	Google	
B8DC28	Extreme	Switch
B8DC7D	VusionGroup	
B8DC87	IAI	
B8DD71	zte	Phone
B8DDE8	Sichuan Tianyi Comheart	
B8DE5E	Longcheer	
B8DF6B	SpotCam	
B8DFD4	Fiberhome	
B8E28C	Motorola Solutions	Phone
B8E3B1	Huawei	Phone
B8E3EE	Universal	
B8E44A	Xconnect	
B8E589	Payter	
B8E60C	Apple	Phone
B8E625	2Wire	
B8E779	9Solutions Oy	
B8E856	Apple	Phone
B8E924	Mellanox	Switch
B8E937	Sonos	Smart Home
B8EA98	Xiaomi	Phone
B8EAAA	ICG	
B8ECA3	Zyxel	Router
B8EE0E	Sagemcom Broadband SAS	Storage
B8EE65	Liteon	
B8EE79	YWire	
B8EF8B	Shenzhen Cannice	
B8F009	Espressif	IoT
B8F015	Juniper	Router
B8F080	Sps	
B8F0B9	zte	Phone
B8F12A	Apple	Phone
B8F255	Universal	
B8F317	iSun Smasher	
B8F44F	u-blox	
B8F4A4	Google	
B8F4D0	Herrmann	
B8F5E7	WayTools	
B8F653	Shenzhen Jingxun	
B8F6B1	Apple	Phone
B8F732	Aryaka	
B8F74A	Rcntec	
B8F774	Fiberhome	
B8F775	Intel Corporate	Computer
B8F828	Changshu Gaoshida	
B8F853	Arcadyan	
B8F862	Espressif	IoT
B8F883	Tp-Link	Router
B8F8BE	Bluecom	
B8F934	Sony	
B8FBAF	Xiamen IPRT	
B8FBB3	TP-Link	Router
B8FC28	Valeo Vision	
B8FC9A	Le Shi Zhi Xin	
B8FD32	Zhejiang ROICX	
B8FE90	Cisco	Router
B8FE96	Amazon	
B8FF61	Apple	Phone
B8FF6F	Shanghai Typrotech	
B8FFB3	MitraStar	
B8FFFE	Texas Instruments	IoT
BA03C6	Schüco	
BA07DA	Infinix mobility limited	
BA2DFC	Linkwing(Dongguan)Intell	
BA3054	George Wilson	
BA4159	Anapass	
BA4DEA	Environexus	
BA55EC	Ieee 802.15	
BA6312	Idteck	
BA6791	Kandou Bus	
BAA2D0	Wireless Broadband	
BAC485	Fraunhofer IIS	
BAC8C4	Transponder & Reader	
BAF21C	Iso/Tc22/Sc31	
BAFE3A	Denso	Automotive
BC0004	Fiberhome	
BC0023	Honor Device	Phone
BC0200	Stewart Audio	Automotive
BC024A	HMD Global Oy	
BC026E	Silicon Laboratories	
BC0358	Intel Corporate	Computer
BC03A7	Mfp Michelin	
BC0435	GD Midea	Appliance
BC0543	AVM	
BC062D	Wacom	
BC071D	TP-Link	Router
BC0866	Nestle Purina PetCare	Smart Home
BC091B	Intel Corporate	Computer
BC095C	FiSens	
BC0963	Apple	Phone
BC09B9	Hui Zhou Gaoshengda	
BC09EB	Tecno Mobile Limited	
BC0DA5	Texas Instruments	IoT
BC0EAB	Samsung	Phone
BC0F2B	Fortune Techgroup	
BC0F64	Intel Corporate	Computer
BC0F9A	D-Link	Router
BC0FA7	Ouster	
BC0FB7	sywinkey HongKong Co,.	
BC0FF3	HP	Computer
BC0FFE	Juniper	Router
BC102F	SJI Industry	
BC107B	Samsung	Phone
BC121F	Accton	
BC125E	Beijing WisVideo	
BC13A8	Shenzhen YOUHUA	
BC1401	Hitron	
BC1469	Phyplus Technology	
BC1485	Samsung	Phone
BC14EF	ITON Technology Limited	
BC1541	Nokia	
BC15A6	Taiwan Jantek	
BC15AC	Vodafone Italia S.p.A	
BC1665	Cisco	Router
BC1695	zte	Phone
BC16F5	Cisco	Router
BC17B8	Intel Corporate	Computer
BC1896	Huawei	Phone
BC1A67	YF	
BC1AE4	Huawei Device	Phone
BC1C81	Sichuan iLink	
BC1D89	Motorola Mobility LLC,	Phone
BC1E85	Huawei	Phone
BC1FE1	Ascendent	
BC20A4	Samsung	Phone
BC20BA	Inspur (Shandong)	Server
BC2106	Adtran	
BC2228	D-Link	Router
BC2247	New H3C	
BC22FB	RF	
BC2392	BYD Precision	
BC2411	Proxmox Server Solutions	
BC2492	New H3C	
BC25E0	Huawei	Phone
BC25F0	3D Display	
BC261D	Hong Kong Tecon	
BC2643	Elprotronic	
BC26A1	FACTORY FIVE	
BC26C7	Cisco	Router
BC277A	Samsung	Phone
BC282C	e-Smart Systems Pvt	
BC2846	NextBIT Computing Pvt	
BC28D6	Rowley Associates	
BC2978	Prama Hikvision India	Camera
BC2A33	Quectel Wireless	
BC2B02	China Dragon Technology	
BC2B1E	Cresyn	
BC2B6B	Beijing Haier IC Design	Appliance
BC2BD7	Revogi Innovation	
BC2C55	Bear Flag Design	
BC2CE6	Cisco	Router
BC2D98	ThinGlobal	
BC2DEF	Realme Chongqing Mobile	Phone
BC2E48	Commscope	
BC2EC3	Shenzhen Tianruixiang	
BC2EF6	Huawei Device	Phone
BC2F3D	vivo Mobile	Phone
BC305B	Dell	Computer
BC307D	WNC	
BC307E	WNC	
BC30D9	Arcadyan	
BC3198	IEEE Registration	
BC31E2	New H3C	
BC325F	Zhejiang Dahua	Camera
BC32B2	Samsung	Phone
BC3329	Sony Interactive	Gaming
BC3340	Cisco Meraki	Router
BC33AC	Silicon Laboratories	
BC33DB	Sagemcom Broadband SAS	Storage
BC3400	IEEE Registration	
BC34CA	Inovance	
BC34D6	Extreme	Switch
BC351E	Tuya Smart	Smart Home
BC35E5	Hydro	
BC37D3	Apple	Phone
BC3865	Jwcnetworks	
BC3898	Intel Corporate	Computer
BC38D2	Pandachip Limited	
BC39A6	CSUN System	
BC39D9	Z-Tec	Phone
BC3AEA	Guangdong Oppo Mobile	Phone
BC3BAF	Apple	Phone
BC3D85	Huawei	Phone
BC3E07	Hitron	
BC3E0B	Panasonic Connect	
BC3E13	Accordance	
BC3ECB	vivo Mobile	Phone
BC3F4E	Great Talent Technology	
BC3F8F	Huawei	Phone
BC4100	CODACO ELECTRONIC s.r.o	
BC4101	Shenzhen TINNO Mobile	
BC41A0	zte	Phone
BC428C	Alpsalpine Co,.Ltd	
BC4377	Hang Zhou Huite	
BC4434	Shenzhen TINNO Mobile	
BC4486	Samsung	Phone
BC44B0	Elastifile	
BC4529	zte	Phone
BC452E	Knowledge Development	
BC4548	Beijing gpthink	
BC455B	Samsung	Phone
BC458C	Shenzhen Topwise	
BC4632	Fiberhome	
BC4699	Tp-Link	Router
BC4760	Samsung	Phone
BC49B2	Shenzhen Along	
BC4A56	Cisco	Router
BC4B79	SensingTek	
BC4C78	Huawei	Phone
BC4CA0	Huawei	Phone
BC4CC4	Apple	Phone
BC4DFB	Hitron	
BC4E3C	Core Staff	
BC4E5D	ZhongMiao	
BC4F2D	Apple	Phone
BC515F	Nokia Solutions and	
BC51FE	Swann	
BC5274	Samsung	Phone
BC52B4	Nokia	
BC52B7	Apple	Phone
BC542F	Intel Corporate	Computer
BC5436	Apple	Phone
BC5451	Samsung	Phone
BC54F9	Drogoo	
BC54FC	Shenzhen Mercury	
BC5729	Shenzhen KKM	
BC5A34	New H3C	
BC5A56	Cisco	Router
BC5BD5	Commscope	
BC5C17	Qingdao	
BC5C4C	Elecom	
BC5DA3	Sichuan Tianyi Comheart	
BC5E33	Hangzhou Hikvision	Camera
BC5E91	Honor Device	Phone
BC5EA1	PsiKick	
BC5FF4	ASRock Incorporation	
BC5FF6	Mercury Communication	
BC6010	Qingdao Hisense	TV
BC606B	Shanghai Baud Data	
BC60A7	Sony Interactive	Gaming
BC6193	Xiaomi	Phone
BC620E	Huawei	Phone
BC629C	zte	Phone
BC629F	Telenet Systems P	
BC62CE	Netis	
BC62D2	Genexis	
BC644B	Commscope	
BC64D9	Guangdong Oppo Mobile	Phone
BC6641	IEEE Registration	
BC66DE	Shadow Creator	
BC671C	Cisco	Router
BC6778	Apple	Phone
BC6784	Environics Oy	
BC68C3	Huawei	Phone
BC69CB	Panasonic Electric Works	
BC6A16	tdvine	
BC6A29	Texas Instruments	IoT
BC6A2F	Henge Docks	
BC6A44	Commend	
BC6AD1	Xiaomi	Phone
BC6B4D	Nokia	
BC6BFF	Guangzhou Shiyuan	
BC6C21	Apple	Phone
BC6D05	Dusun Electron	
BC6E64	Sony	
BC6E6D	EM Microelectronic	
BC6E76	Green Energy Options	
BC6EE2	Intel Corporate	Computer
BC71C1	XTrillion	
BC72B1	Samsung	Phone
BC73A4	Anda Telecom Pvt	
BC744B	Nintendo	Gaming
BC74D7	HangZhou JuRu	
BC74EA	Apple	Phone
BC7536	Alpsalpine Co,.Ltd	
BC7574	Huawei	Phone
BC7596	Beijing Broadwit	
BC764E	Rackspace US	
BC765E	Samsung	Phone
BC7670	Huawei	Phone
BC76C5	Huawei	Phone
BC76F9	Ubiquoss	
BC7737	Intel Corporate	Computer
BC779F	SBM	
BC79AD	Samsung	Phone
BC7ABF	Samsung	Phone
BC7B72	Huawei Device	Phone
BC7DD1	Radio Data Comms	
BC7E8B	Samsung	Phone
BC7EC3	Zyxel	Router
BC7F7B	Huawei Device	Phone
BC7FA4	Xiaomi	Phone
BC804E	Apple	Phone
BC811F	Ingate	
BC8199	BASIC	
BC825D	Mitsumi Electric	Appliance
BC8385	Microsoft	Computer
BC83A7	Shenzhen Chuangwei-Rgb	
BC851F	Samsung	Phone
BC8529	Jiangxi Remote	
BC8556	Hon Hai Precision Ind	
BC85D0	Sky Uk Limited	
BC86A5	Cambridge Mobile	
BC8753	Sera	
BC87FA	Bose	Audio
BC8893	VILLBAU	
BC88C3	Ningbo Dooya Mechanic &	
BC89A6	Nintendo	Gaming
BC89A7	Apple	Phone
BC89C1	Apple	Phone
BC89F8	GD Midea	Appliance
BC8AA3	NHN Entertainment	
BC8AE8	Qing Dao Haier Telecom	Appliance
BC8B55	NPP ELIKS America Inc.	
BC8CCD	Samsung	Phone
BC8D0E	Nokia	
BC8D1F	Cisco	Router
BC8D2D	Fiberhome	
BC8D7E	Silicon Laboratories	
BC903A	Robert Bosch	
BC91B5	Infinix mobility limited	
BC926B	Apple	Phone
BC9307	Samsung	Phone
BC9325	Ningbo Joyson Preh Car	
BC932A	Silicon Laboratories	
BC9424	TCT mobile	
BC9680	Shenzhen Gongjin	
BC96E5	Sercomm Philippines	
BC9740	IEEE Registration	
BC9789	Huawei Device	Phone
BC97E1	Broadcom Limited	
BC9829	vivo Mobile	Phone
BC9889	Fiberhome	
BC98DF	Motorola Mobility LLC,	Phone
BC9911	Zyxel	Router
BC9930	Huawei	Phone
BC99BC	FonSee	
BC9A53	Huawei Device	Phone
BC9A8E	Humax	
BC9B5E	Hangzhou Hikvision	Camera
BC9B68	Vantiva USA	
BC9C31	Huawei	Phone
BC9C8D	Ruckus Wireless	Router
BC9CC5	Beijing Huafei	
BC9D37	Telink Micro	
BC9D42	Shenzhen Rf-Link	
BC9D4E	Shenzhen Skyworth	
BC9DA5	DASCOM Europe	
BC9E2C	China Mobile Group	
BC9EBB	Nintendo	Gaming
BC9F58	Apple	Phone
BC9FE4	Hewlett Packard	Computer
BC9FEF	Apple	Phone
BCA042	Shanghai Flyco	
BCA080	Samsung	Phone
BCA0B9	Huawei	Phone
BCA13A	VusionGroup	
BCA231	Huawei	Phone
BCA37F	Rail-Mil Sp. z o.o. Sp.	
BCA4E1	Nabto	
BCA511	Netgear	Router
BCA58B	Samsung	Phone
BCA5A9	Apple	Phone
BCA68D	Continetal Automotive	
BCA6E7	Sichuan Odot Automation	
BCA8A6	Intel Corporate	Computer
BCA920	Apple	Phone
BCA993	Cambium Networks Limited	Access Point
BCA9D6	Cyber-Rain	
BCAA82	Fiberhome	
BCAB7C	TRnP KOREA	
BCABF5	Cisco	Router
BCAD28	Hangzhou Hikvision	Camera
BCAD90	Kymeta Purchasing	
BCADAB	Avaya	VoIP
BCADAE	AltoBeam	
BCAEC5	ASUSTek COMPUTER	Computer
BCAF6E	Arcadyan	
BCAF87	smartAC.com	
BCAF91	TE Connectivity Sensor	
BCB0E7	Huawei	Phone
BCB181	Sharp	TV
BCB1D3	Cisco Meraki	Router
BCB1F3	Samsung	Phone
BCB22B	EM-Tech	
BCB2CC	Samsung	Phone
BCB308	Hongkong Ragentek	
BCB30E	Cisco	Router
BCB4FD	NXP Semiconductor	IoT
BCB6FB	P4Q Electronics, S.L	
BCB852	Cybera	
BCB863	Apple	Phone
BCB923	Alta	
BCBAC2	Hangzhou Hikvision	Camera
BCBAE1	AREC	
BCBB58	Apple	Phone
BCBBC9	Kellendonk Elektronik	
BCBC46	SKS Welding	
BCBCCA	Huawei Device	Phone
BCBD84	zte	Phone
BCBD9E	Itel Mobile Limited	
BCBEFB	ASL Xiamen	
BCBF2E	ASUSTek COMPUTER	Computer
BCC00F	Fiberhome	
BCC168	DinBox Sverige AB	
BCC23A	Thomson Video	
BCC2D9	Private	
BCC31B	Kygo Life A	
BCC342	Panasonic	
BCC427	Huawei	Phone
BCC436	Nokia	
BCC493	Cisco	Router
BCC61A	Spectra Embedded	
BCC6DB	Nokia	
BCC746	Hon Hai Precision IND.CO	
BCC7DA	Earda	
BCC810	Cisco SPVTG	Router
BCC8CC	Seiko Epson	Printer
BCCAB5	Commscope	
BCCD45	Voismart	
BCCD7F	Huawei Device	Phone
BCCD99	Intel Corporate	Computer
BCCE25	Nintendo	Gaming
BCCF4F	Zyxel	Router
BCCFCC	HTC	
BCD074	Apple	Phone
BCD0EB	New H3C	
BCD11F	Samsung	Phone
BCD165	Cisco SPVTG	Router
BCD177	Tp-Link	Router
BCD1D3	Shenzhen TINNO Mobile	
BCD206	Huawei	Phone
BCD22C	Intel Corporate	Computer
BCD295	Cisco	Router
BCD5B6	d2d	
BCD5ED	Sagemcom Broadband SAS	Storage
BCD713	Owl	
BCD767	BAE	
BCD7A5	Hewlett Packard	Computer
BCD7CE	China Mobile (Hangzhou)	
BCD7D4	Roku	TV
BCD940	ASR Co,.Ltd	
BCD9FB	China Mobile Group	
BCDB09	Cisco Meraki	Router
BCDDC2	Espressif	IoT
BCDF58	Google	
BCDFE1	IEEE Registration	
BCE001	Netis	
BCE09D	Eoslink	
BCE143	Apple	Phone
BCE265	Huawei	Phone
BCE59F	WATERWORLD	
BCE63F	Samsung	Phone
BCE67C	Cambium Networks Limited	Access Point
BCE712	Cisco	Router
BCE767	Quanzhou TDX	
BCE796	Wireless CCTV	
BCE8FA	Guangdong Oppo Mobile	Phone
BCE92F	HP	Computer
BCE9E2	Brocade	Switch
BCEA2B	CityCom	
BCEA9C	Itel Mobile Limited	
BCEAFA	Hewlett Packard	Computer
BCEB5F	Fujian Beifeng Telecom	
BCEC23	Shenzhen Chuangwei-Rgb	
BCEC5D	Apple	Phone
BCECA0	Compal Information	
BCEE7B	ASUSTek COMPUTER	Computer
BCF105	Intel Corporate	Computer
BCF171	Intel Corporate	Computer
BCF1F2	Cisco	Router
BCF212	Telink Micro	
BCF292	Plantronics	
BCF2AF	devolo	
BCF2E5	Powerful Devices	
BCF310	Extreme	Switch
BCF45F	zte	Phone
BCF499	Rockwell Automation	Industrial
BCF4D4	Cloud Network	
BCF5AC	LG Electronics (Mobile	Phone
BCF61C	Geomodeling Wuxi	
BCF685	D-Link	Router
BCF730	Samsung	Phone
BCF811	Xiamen DNAKE	
BCF87E	Arcadyan	
BCF88B	zte	Phone
BCF9F2	Teko	
BCFAB8	Guangzhou Shiyuan	
BCFABA	Mellanox	Switch
BCFAEB	Cisco	Router
BCFCE7	ASUSTek COMPUTER	Computer
BCFD0C	Shenzhen Phaten	
BCFE8C	Altronic	
BCFED9	Apple	Phone
BCFF21	Smart	
BCFF4D	Espressif	IoT
BCFF54	zte	Phone
BCFFAC	Topcon	
BCFFEB	Motorola Mobility LLC,	Phone
C0028D	WINSTAR Display	
C00380	Juniper	Router
C005C2	Commscope	
C0060C	Huawei	Phone
C006C3	TP-Link	Router
C0074A	Brita	
C00925	FN-LINK	
C00ACA	SafeSquare	
C00D7E	Additech	
C010B1	HMD Global Oy	
C01173	Samsung	Phone
C011A6	Fort-Telecom	
C01242	Alpha Security Products	
C0132B	Sichuan Changhong	
C0143D	Hon Hai Precision Ind	
C014B8	Nokia	
C014FE	Cisco	Router
C0151B	Sony Interactive	Gaming
C01692	China Mobile Group	
C01693	Xiaomi	Phone
C0174D	Samsung	Phone
C01754	Apple	Phone
C01803	HP	Computer
C01850	Quanta Computer	Server
C01885	Hon Hai Precision Ind	
C0188C	Altus Sistemas de	
C01944	Juniper	Router
C01ADA	Apple	Phone
C01B23	Sichuan Tianyi Comheart	
C01C30	Shenzhen WIFI-3L	
C01C6A	Google	
C01E9B	Pixavi AS	
C0210D	Shenzhen Rf-Link	
C02242	Chauvet	
C02250	Koss	
C022F1	IEEE Registration	
C0238D	Samsung	Phone
C02506	AVM	
C0252F	Shenzhen Mercury	
C0255C	Cisco	Router
C02567	Nexxt Solutions	
C025A2	NEC Platforms	
C025A5	Dell	Computer
C025E9	Tp-Link	Router
C027B9	Beijing National	
C0280B	Honor Device	Phone
C0288D	Logitech	
C02973	Audyssey Laboratories	
C029F3	XySystem	
C02B31	Phytium	
C02B56	Candid Optronix Private	
C02BFC	iNES. applied	
C02C17	Cisco	Router
C02C5C	Apple	Phone
C02C7A	Shenzhen Horn Audio	Automotive
C02CED	Silicon Laboratories	
C02D10	Mohan Electronics And	
C02D2E	China Mobile Group	
C02DEE	Cuff	
C02E1D	Nokia Solutions and	
C02E25	Guangdong Oppo Mobile	Phone
C02E26	iRhythm	
C02E5F	Zyxel	Router
C02EDF	AltoBeam	
C02FCD	Guangdong Oppo Mobile	Phone
C02FF1	Volta	
C0335E	Microsoft	
C03379	Huawei	Phone
C033DA	Shenzhen JRUN	
C034B4	Gigastone	
C03532	Liteon	
C03580	A&R	
C035BD	Velocytech Aps	
C035C5	Prosoft	
C03653	eero	
C03656	Fiberhome	
C03896	Hon Hai Precision Ind	
C038F9	Nokia Danmark A/S	
C03937	Gree Electric	
C0395A	Zhejiang Dahua	Camera
C03A55	TP-Link	Router
C03B8F	Minicom Digital Signage	
C03C04	Sagemcom Broadband SAS	Storage
C03C59	Intel Corporate	Computer
C03D03	Samsung	Phone
C03D46	Shanghai Sango	
C03DD9	MitraStar	
C03E0F	Sky Uk Limited	
C03E50	Huawei	Phone
C03E75	Huawei	Phone
C03EBA	Dell	Computer
C03F0E	Netgear	Router
C03F2A	Biscotti	
C03FBB	Zhongshan Zhiniu	
C03FD5	Elitegroup Computer	
C03FDD	Huawei	Phone
C04004	Medicaroid	
C0408D	Alpsalpine Co,.Ltd	
C04121	Nokia Solutions and	
C041F6	Lg	Phone
C042D0	Juniper	Router
C04301	Epec Oy	
C04327	Realme Chongqing Mobile	Phone
C04442	Apple	Phone
C044E3	Shenzhen Sinkna	
C0470E	Dell	Computer
C04754	vivo Mobile	Phone
C0482F	IEEE Registration	
C04884	Sigma Bilisim Sist.	
C048E6	Samsung	Phone
C048FB	Shenzhen JingHanDa	
C0493D	Maitrise Technologique	
C04943	zte	Phone
C049BD	EM Microelectronic	
C049EF	Espressif	IoT
C04A00	Tp-Link	Router
C04A09	Zhejiang Everbright	
C04A0E	Texas Instruments	IoT
C04B13	WonderSound	
C04DF7	Serelec	
C04E30	Espressif	IoT
C04E8A	Huawei	Phone
C05064	Shennan Circuits	
C05097	EG4	
C0515C	zte	Phone
C0517E	Hangzhou Hikvision	Camera
C051F3	Cig Shanghai	
C05234	Huawei	Phone
C05336	Beijing National	
C0544D	Nokia Shanghai Bell	
C0555C	Impulse	
C05627	Belkin	
C056E3	Hangzhou Hikvision	Camera
C05724	Honor Device	Phone
C057BC	Avaya	VoIP
C0582E	Cisco	Router
C058A7	Pico	
C05B44	Beijing Xiaomi Mobile	Phone
C05BBD	Huawei	Phone
C05D39	Jiangsu Huitong	
C05D89	Espressif	IoT
C05E6F	V. Stonkaus firma	Media Player
C05E79	Shenzhen Huaxun Ark	
C05F87	Legrand INTELLIGENT	
C06118	Tp-Link	Router
C0613D	BioIntelliSense	
C06194	Huawei Device	Phone
C0619A	IEEE Registration	
C0626B	Cisco	Router
C062F2	Beijing Cotytech	
C06369	Binxin	
C06380	Texas Instruments	IoT
C06394	Apple	Phone
C064C6	Nokia	
C064E4	Cisco	Router
C06599	Samsung	Phone
C067AF	Cisco	Router
C068CC	Shenzhen Skyworth	
C06911	Arista	Switch
C06B55	Motorola Mobility LLC,	Phone
C06BC7	Gallagher Group Limited	
C06C0C	Apple	Phone
C06C0F	Dobbs Stanford	
C06C6D	MagneMotion	
C06D1A	Tianjin Henxinhuifeng	
C06DED	Hangzhou Hikvision	Camera
C06E3D	Shenzhen Tecno	
C06F98	eero	
C07009	Huawei	Phone
C071AA	ShenZhen OnMicro	
C07415	IntelPro	
C0742B	Shenzhen Xunlong	
C074AD	Grandstream	VoIP
C07831	Huawei Device	Phone
C07878	Flextronics	Smart Home
C07982	TCL King Electrical	Phone
C07AD6	Samsung	Phone
C07BBC	Cisco	Router
C07C90	Shenzhen YOUHUA	
C07CD1	Pegatron	
C07E40	Shenzhen Xdk	
C08135	Ningbo Forfan	
C08170	Effigis GeoSolutions	
C0830A	2Wire	
C08359	IEEE Registration	
C083C9	Huawei Device	Phone
C0847A	Apple	Phone
C0847D	AMPAK	
C08488	Finis	
C084E0	Huawei	Phone
C084FF	GD Midea	Appliance
C0854C	Ragentek	
C086B3	Shenzhen Voxtech	
C08706	Shenzhen Qianfenyi	
C087EB	Samsung	Phone
C08840	GD Midea	Appliance
C0885B	SnD	
C0886D	Securosys	
C08997	Samsung	Phone
C089AB	Commscope	
C08A60	AltoBeam	
C08ACD	Guangzhou Shiyuan	
C08ADE	Ruckus Wireless	Router
C08B05	Huawei	Phone
C08B27	FN-LINK	
C08B2A	Cisco	Router
C08B6F	S I Sistemas	
C08C60	Cisco	Router
C08C71	Motorola Mobility LLC,	Phone
C08D51	Amazon	
C08F20	Shenzhen Skyworth	
C09120	Sichuan Tianyi Comheart	
C09132	Patriot Memory	
C09134	ProCurve Networking by	
C091B9	Amazon	
C09296	zte	Phone
C09435	Commscope	
C094AD	zte	Phone
C0956D	Apple	Phone
C09573	AIxLink	
C095CF	Amazon	
C095DA	NXP India Private	IoT
C096A4	Fiberhome	
C09727	Samsung	Phone
C09879	Acer	Computer
C098DA	China Mobile IOT	
C098E5	University of Michigan	
C09A71	Xiamen Meitu Mobile	
C09AD0	Apple	Phone
C09B63	Huawei	Phone
C09B9E	Silicon Laboratories	
C09BF4	IEEE Registration	
C09C04	Shaanxi GuoLian Digital	TV
C09C92	Coby	
C09D26	Topicon HK Lmd	
C09F05	Guangdong Oppo Mobile	Phone
C09F42	Apple	Phone
C09F51	Sernet (Suzhou)	
C09FE1	zte	Phone
C0A00D	Commscope	
C0A0BB	D-Link	Router
C0A0C7	Fairfield	
C0A0DE	Multi Touch Oy	
C0A0E2	Eden Innovations	
C0A1A2	MarqMetrix	
C0A26D	Abbott Point of Care	Industrial
C0A364	3D Systems Massachusetts	
C0A36D	Huawei	Phone
C0A36E	Sky Uk Limited	
C0A39E	EarthCam	
C0A3C7	Telink Micro	
C0A476	Ruijie	
C0A4B9	Sichuan AI-Link	
C0A4CF	Nintendo	Gaming
C0A53E	Apple	Phone
C0A5DD	Shenzhen Mercury	
C0A5E8	Intel Corporate	Computer
C0A600	Apple	Phone
C0A66D	Inspur	Server
C0A810	Intel Corporate	Computer
C0A8F0	Adamson Systems	Smart Home
C0A938	Huawei	Phone
C0AA68	OSASI Technos	
C0AB2B	Huawei Device	Phone
C0AC54	Sagemcom Broadband SAS	Storage
C0AD97	Tecno Mobile Limited	
C0AEFD	Shenzhen HC-WLAN	
C0AFF2	Dyson Limited	Appliance
C0B101	zte	Phone
C0B22F	Apple	Phone
C0B339	Comigo	
C0B357	Yoshiki Electronics	
C0B3C8	LLC "NTC Rotek	
C0B47D	Huawei Device	Phone
C0B550	Broadcom Limited	
C0B5CD	Huawei Device	Phone
C0B5D7	Chongqing Fugui	
C0B658	Apple	Phone
C0B6F9	Intel Corporate	Computer
C0B713	Beijing Xiaoyuer	
C0B883	Intel Corporate	Computer
C0B8B1	BitBox	
C0B8E6	Ruijie	
C0BA1F	Xiamen Milesight IoT	
C0BAE6	Zenitel GB	
C0BC9A	Huawei	Phone
C0BD42	ZPA Smart Energy a.s	
C0BDC8	Samsung	Phone
C0BDD1	Samsung	Phone
C0BFA7	Juniper	Router
C0BFAC	Huawei Device	Phone
C0BFBE	AzureWave	
C0BFC0	Huawei	Phone
C0C170	Shenzhen SuperElectron	
C0C1C0	Cisco-Linksys	Router
C0C3B6	Automatic	
C0C4F9	Qisda	
C0C520	Ruckus Wireless	Router
C0C522	Commscope	
C0C569	Shanghai Lynuc Cnc	
C0C687	Cisco SPVTG	Router
C0C70A	Ruckus Wireless	Router
C0C7B5	Infinix mobility limited	
C0C7DB	Apple	Phone
C0C946	Mitsuya Laboratories	
C0C976	Shenzhen TINNO Mobile	
C0C989	Edgecore Americas	
C0C9E3	Tp-Link	Router
C0CAA2	Essys	
C0CB38	Hon Hai Precision Ind	
C0CBF1	Mobiwire Mobiles	
C0CC42	Sichuan Tianyi Comheart	
C0CCF8	Apple	Phone
C0CDD6	Espressif	IoT
C0CECD	Apple	Phone
C0CF64	Hangzhou Zenith Electron	
C0CFA3	Creative Electronics &	
C0D012	Apple	Phone
C0D026	Huawei Device	Phone
C0D044	Sagemcom Broadband SAS	Storage
C0D063	EM Microelectronic	
C0D0FF	China Mobile IOT	
C0D193	Huawei Device	Phone
C0D2DD	Samsung	Phone
C0D2F3	Hui Zhou Gaoshengda	
C0D391	IEEE Registration	
C0D3C0	Samsung	Phone
C0D46B	Huawei Device	Phone
C0D5E2	Samsung	Phone
C0D60A	Texas Instruments	IoT
C0D682	Arista	Switch
C0D6D5	Microsoft	Computer
C0D7AA	Arcadyan	
C0D834	xvtec	
C0D941	Shenzhen VMAX Software	
C0D962	Askey Computer	
C0D9F7	ShanDong Domor	
C0DA5E	Huawei Device	Phone
C0DA74	Hangzhou Sunyard	
C0DC6A	Qingdao Eastsoft	
C0DCAB	LG Innotek	
C0DCD7	Huawei Device	Phone
C0DCDA	Samsung	Phone
C0DD8A	Meta Platforms	
C0DF77	Conrad Electronic SE	
C0DFED	Juniper	Router
C0E018	Huawei	Phone
C0E01C	IoT Security Group, SL	
C0E1BE	Huawei	Phone
C0E350	China Dragon Technology	
C0E3A0	Renesas Electronics	
C0E3FB	Huawei	Phone
C0E422	Texas Instruments	IoT
C0E42D	Tp-Link	Router
C0E434	AzureWave	
C0E54E	ARIES Embedded	
C0E579	Huawei Device	Phone
C0E5DA	Qingdao	
C0E7BF	Sichuan AI-Link	
C0E862	Apple	Phone
C0E911	RealNetworks	
C0EAC3	IEEE Registration	
C0EAE4	Sonicwall	Router
C0EDE5	Guangdong Oppo Mobile	Phone
C0EE40	Ezurio	
C0EEB5	Enice	
C0EEFB	OnePlus Tech (Shenzhen)	Phone
C0F1C4	Pacidal	
C0F2FB	Apple	Phone
C0F4E6	Huawei	Phone
C0F535	AMPAK	
C0F636	Hangzhou Kuaiyue	
C0F6C2	Huawei	Phone
C0F6EC	Huawei	Phone
C0F79D	Powercode	
C0F827	Rapidmax	
C0F853	Tuya Smart	Smart Home
C0F87F	Cisco	Router
C0F8DA	Hon Hai Precision Ind	
C0F945	Toshiba Toko Meter	
C0F991	GME Standard	
C0F9B0	Huawei	Phone
C0F9D2	arkona	
C0FBC1	Itel Mobile Limited	
C0FBF9	IEEE Registration	
C0FD6F	Sagemcom Broadband SAS	Storage
C0FD84	zte	Phone
C0FFA8	Huawei	Phone
C0FFD4	Netgear	Router
C40006	Lipi Data	
C40049	Kamama	
C400AD	Advantech Technology	Industrial
C400B5	HongKong Tenry	
C40142	MaxMedia Technology	
C4017C	Ruckus Wireless	Router
C401B1	SeekTech	
C401CE	Presition (2000)	
C402E1	Khwahish Technologies	
C403A8	Intel Corporate	Computer
C40415	Netgear	Router
C4047B	Shenzhen YOUHUA	
C404D8	Aviva Links	
C40528	Huawei	Phone
C40683	Huawei	Phone
C4072F	Huawei	Phone
C40778	New H3C	
C40826	Hisense Visual	TV
C4084A	Nokia	
C40880	Shenzhen UTEPO	
C40898	Dropbeats	
C40938	Fujian Star-Net	
C409B7	Juniper	Router
C40ACB	Cisco	Router
C40B31	Apple	Phone
C40BCB	Xiaomi	Phone
C40D96	Huawei	Phone
C40E45	ACK	
C40F08	Intel Corporate	Computer
C40F09	Hermes electronic	
C40FA6	Sernet (Suzhou)	
C41062	Cornet Technology India	
C4108A	Ruckus Wireless	Router
C411E0	Bull	
C41234	Apple	Phone
C412EC	Huawei	Phone
C412F5	D-Link	Router
C41375	Cloud Network	
C413E2	Extreme	Switch
C41411	Apple	Phone
C4143C	Cisco	Router
C414A2	Cisco Meraki	Router
C41688	Huawei Device	Phone
C4168F	Apple	Phone
C416C8	Huawei	Phone
C416FA	Prysm	
C4170E	Huawei Device	Phone
C417FE	Hon Hai Precision Ind	
C418E9	Samsung	Phone
C418FC	Cisco	Router
C4198B	Dominion Voting	
C419D1	Telink Semiconductor	
C419EC	Qualisys AB	
C41C07	Samsung	Phone
C41C9C	JiQiDao	
C41CFF	Vizio	TV
C41ECE	HMI Sources	
C421B9	zte	Phone
C421C8	Kyocera	Printer
C4224E	Telink Micro	
C42360	Intel Corporate	Computer
C4237A	WhizNets	
C423A2	PT. Emsonic Indonesia	
C4242E	Galvanic Applied	
C42456	Palo Alto	Router
C42628	Airo Wireless	
C42728	zte	Phone
C4278C	Huawei Device	Phone
C42795	Vantiva USA	
C4282D	Embedded Intellect	
C4291D	Klemsan Elektrik	
C42996	Signify	
C42AD0	Apple	Phone
C42B44	Huawei Device	Phone
C42C03	Apple	Phone
C42C4F	Qingdao Hisense Mobile	TV
C42C7B	Vietnam Post And	
C42F90	Hangzhou Hikvision	Camera
C43018	MCS Logic	
C430CA	SD Biosensor	
C432D1	Farlink Technology	
C43306	China Mobile Group	
C43396	Dongguan Hele	
C4345B	Huawei	Phone
C4346B	Hewlett Packard	Computer
C435D9	Apple	Phone
C43655	Shenzhen Fenglian	
C4366C	LG Innotek	
C436C0	Buffalo.Inc	Storage
C436DA	Rusteletech	
C43772	Virtuozzo	
C43875	Sonos	Smart Home
C438D3	Tagatec	
C4393A	SMC	
C43960	GD Midea	Appliance
C43A35	Fn-Link Technology	
C43A9F	Siconix	
C43AA5	AzureWave	
C43ABE	Sony	
C43C3C	Cybelec	
C43CB0	Shenzhen Bilian	
C43CEA	Buffalo.Inc	Storage
C43D1A	Intel Corporate	Computer
C43DC7	Netgear	Router
C43EAB	Huawei Device	Phone
C44044	RackTop	
C440F6	Guangdong Oppo Mobile	Phone
C4411E	Belkin	
C44137	Quectel Wireless	
C44202	Samsung	Phone
C44268	Crestron	
C4438F	LG Electronics (Mobile	Phone
C4447D	Huawei	Phone
C444A0	Cisco	Router
C44567	SAMBON PRECISON and	
C445EC	Shanghai Yali Electron	
C44606	Cisco	Router
C44619	Hon Hai Precision Ind	
C4473F	Huawei	Phone
C4474E	Intel Corporate	Computer
C44838	Satcom Direct	
C448FA	Taicang T&W	
C4491B	Apple	Phone
C4493E	Motorola Mobility LLC,	Phone
C449BB	Mitsumi Electric	Appliance
C44AD0	Fireflies	
C44B44	Omniprint	
C44BD1	Wallys Communications	
C44D84	Cisco	Router
C44E1F	BlueN	
C44EAC	Shenzhen Shiningworth	
C44F33	Espressif	IoT
C44F5F	Huawei Device	Phone
C44F96	Alps Alpine	
C44FD5	Vantiva - Connected Home	
C45006	Samsung	Phone
C4509C	Vantiva - Connected Home	
C4518D	Shenzhen YOUHUA	
C4524F	Apple	Phone
C45379	Micronview Limited	
C45444	Quanta Computer	Server
C455A6	Cadac	
C455C2	Bach-Simpson	
C45600	Galleon Embedded	
C456FE	Lava	
C4571F	June Life	
C45746	Texas Instruments	IoT
C4576E	Samsung	Phone
C45781	Wingtech Group	
C457CD	Huawei	Phone
C458C2	Shenzhen TATFOOK	
C45976	Fugoo Coorporation	
C45A86	Huawei Device	Phone
C45AB1	Dell	Computer
C45BAC	Apple	Phone
C45BBE	Espressif	IoT
C45BF7	ants	
C45D83	Samsung	Phone
C45DD8	HDMI Forum	
C45E5C	Huawei	Phone
C4600A	Huaqin	
C46026	Sky Uk Limited	
C46044	Everex Electronics	
C4618B	Apple	Phone
C461C7	Microsoft	Computer
C46237	sunweit industrial	
C4626B	ZPT Vigantice	
C462EA	Samsung	Phone
C46354	U-Raku	
C463C4	Huawei	Phone
C463FB	Neatframe AS	
C46413	Cisco	Router
C464B7	Fiberhome	
C464E3	Texas Instruments	IoT
C464F2	Infinix mobility limited	
C46516	Hewlett Packard	Computer
C46699	vivo Mobile	Phone
C4678B	Alphabet Capital Sdn Bhd	
C467A1	Accelight Technologies	
C467B5	Libratone A/S	
C467D1	Huawei	Phone
C468D0	VTech Telecommunications	
C4693E	Turbulence Design	
C46940	Xiaomi	Phone
C469F0	Huawei	Phone
C46AB7	Xiaomi	Phone
C46BB4	myIDkey	
C46DD1	Huawei	Phone
C46DF1	DataGravity	
C46E1F	Tp-Link	Router
C46E33	Zhong Ge Smart	
C46E7B	Shenzhen Rf-Link	
C4700B	Guangzhou Chip	
C470AB	Ruijie	
C470BD	Mellanox	Switch
C4710F	Xiaomi	Phone
C47130	Fon Technology S.L	
C47154	Tp-Link	Router
C471FE	Cisco	Router
C47295	Cisco	Router
C4731E	Samsung	Phone
C4741E	zte	Phone
C47469	Bt9	
C474F8	Hot Pepper	
C475AB	Intel Corporate	Computer
C475EA	Huawei	Phone
C47764	Samsung	Phone
C477AB	Beijing ASU	
C477AF	Advanced Digital	
C478A2	Huawei Device	Phone
C47905	Zhejiang Uniview	Camera
C47981	Ehya	
C4799F	Haiguang Smart Device	
C47A5D	Panmnesia	
C47B2F	Beijing JoinHope Image	
C47B80	Protempis	
C47BA3	NAVIS	
C47BE3	Huawei	Phone
C47C8D	IEEE Registration	
C47D46	Fujitsu Limited	
C47D4F	Cisco	Router
C47D9F	Samsung	Phone
C47DA8	NXP Semiconductor	IoT
C47DCC	Zebra	Printer
C47DFE	A.N. Solutions	
C47EE0	Cisco	Router
C47F51	Inventek	
C48025	Huawei Device	Phone
C4808A	Cloud Diagnostics	
C4823F	Fujian Newland Auto-ID	
C4824E	Changzhou Uchip	
C482E1	Tuya Smart	Smart Home
C4836F	Ciena	
C48372	IEEE Registration	
C48466	Apple	Phone
C484C0	Motorola Mobility LLC,	Phone
C484FC	Apple	Phone
C48508	Intel Corporate	Computer
C4864F	Beijing BitIntelligence	
C486E9	Huawei	Phone
C488E5	Samsung	Phone
C489ED	Solid Optics EU N.V	
C48A5A	Jfcontrol	
C48ACE	Hisense Visual	TV
C48B66	Hui Zhou Gaoshengda	
C48BA3	Cisco Meraki	Router
C48E8F	Hon Hai Precision Ind	
C48F07	Shenzhen Yihao Hulian	
C48FC1	Deeptrack S.L.U	
C4910C	Apple	Phone
C4913A	Shenzhen Sanland	
C491CF	Luxul	
C4924C	Keisokuki Center	
C492D9	zte	Phone
C49300	8Devices	
C49313	100fio	
C49380	Speedytel	
C493BB	Beijing Xiaomi Mobile	Phone
C493D9	Samsung	Phone
C49500	Amazon	
C4954D	IEEE Registration	
C4955F	Anhui Saida Technology	
C495A2	Shenzhen Weijiu	
C4969F	Amazon	
C49805	Minieum	
C4985C	Hui Zhou Gaoshengda	
C49878	Shanghai Moaan	
C49880	Apple	Phone
C49886	Qorvo	
C49894	IEEE Registration	
C49A02	LG Electronics (Mobile	Phone
C49A31	Zyxel	Router
C49A89	Suzhou K-Hiragawa	
C49D08	Huawei Device	Phone
C49DED	Microsoft	Computer
C49E41	G24 Power Limited	
C49E7E	Espressif	IoT
C49F4C	Huawei	Phone
C49FF3	Mciao	
C4A052	Motorola Mobility LLC,	Phone
C4A10E	IEEE Registration	
C4A151	Sichuan Tianyi Comheart	
C4A1AE	Huawei Device	Phone
C4A366	zte	Phone
C4A402	Huawei	Phone
C4A451	Tecno Mobile Limited	
C4A559	IEEE Registration	
C4A64E	Quectel Wireless	
C4A72B	Shenzhen Chuangwei-Rgb	
C4A816	eero	
C4A81D	D-Link	Router
C4A9B8	Xiamenshi C-Chip	
C4AA43	Cisco	Router
C4AA99	Huawei	Phone
C4AAA1	SUMMIT DEVELOPMENT,	
C4AAC4	Zhejiang Dahua	Camera
C4AB4D	Cisco	Router
C4ABB2	vivo Mobile	Phone
C4AC59	Murata Manufacturing	Smart Home
C4ACAA	Apple	Phone
C4AD21	MEDIAEDGE	
C4AD34	Routerboard.com	
C4ADF1	GOPEACE	
C4AE12	Samsung	Phone
C4B16B	Advantech Czech	Industrial
C4B1D9	Huawei	Phone
C4B239	Cisco	Router
C4B25B	Ruijie	
C4B301	Apple	Phone
C4B349	Apple	Phone
C4B36A	Cisco	Router
C4B512	General Electric	
C4B691	Angel Robotics	
C4B757	Alpsalpine Co,.Ltd	
C4B8B4	Huawei	Phone
C4B9CD	Cisco	Router
C4BA99	I+ME Actia Informatik	
C4BAA3	Beijing Winicssec	
C4BB03	Huawei	Phone
C4BB4C	Zebra Information	Printer
C4BB89	Shanghai High-Flying	
C4BBEA	Pakedge Device and	
C4BCD7	New Ryatek	
C4BD6A	SKF	
C4BD8D	Shenzhen Chuangwei-Rgb	
C4BDE5	Intel Corporate	Computer
C4BE84	Texas Instruments	IoT
C4BED4	Avaya	VoIP
C4BF60	Tecno Mobile Limited	
C4C00A	Microsoft	Computer
C4C063	New H3C	
C4C0AE	Midori Electronic	
C4C138	OWLink	
C4C17D	Apple	Phone
C4C19F	National Oilwell Varco	Smart Home
C4C36B	Apple	Phone
C4C563	Tecno Mobile Limited	
C4C603	Cisco	Router
C4C6E6	LCFC(Hefei)	
C4C755	Beijing HuaqinWorld	
C4C919	Energy Imports	
C4C9EC	Gugaoo HK Limited	
C4CA2B	Arista	Switch
C4CA67	Chongqing ZQZER	
C4CAD9	Hangzhou H3C	
C4CB33	Garmin	Wearable
C4CB54	Fibocom Auto	
C4CB6B	Airista Flow	
C4CB76	Microsoft	Computer
C4CBBE	Great Talent Technology	
C4CBE1	Dell	Computer
C4CC37	IEEE Registration	
C4CCF9	zte	Phone
C4CD45	Beijing Boomsense	
C4CD50	Shenzhen C-Data	
C4CD82	Hangzhou Lowan	
C4D0E3	Intel Corporate	Computer
C4D197	Ventia Utility Services	
C4D36A	Texas Instruments	IoT
C4D438	Huawei	Phone
C4D489	JiangSu Joyque	
C4D496	Shenzhen Excelsecu Data	
C4D4D0	Shenzhen Tecno	
C4D655	Tercel	
C4D666	Cisco Meraki	Router
C4D6D3	Dell	Computer
C4D738	Huawei Device	Phone
C4D7DC	Zhejiang Weilai	
C4D7FD	Bouffalo Lab (Nanjing)	
C4D8C8	Silicon Laboratories	
C4D8D4	Huawei	Phone
C4D8D5	Espressif	IoT
C4D8F3	iZotope	
C4D987	Intel Corporate	Computer
C4DA26	Noblex	
C4DA7D	Ivium	
C4DB04	Huawei	Phone
C4DBAD	Ring	Smart Home
C4DD57	Espressif	IoT
C4DE7B	Huawei Device	Phone
C4DEE2	Espressif	IoT
C4DF39	Realme Chongqing Mobile	Phone
C4E032	IEEE 1904.1 Working	
C4E0DE	Zhengzhou XindaJiean	
C4E17C	U2S co	
C4E1A1	Guangdong Oppo Mobile	Phone
C4E287	Huawei	Phone
C4E39F	Guangdong Oppo Mobile	Phone
C4E3CE	EnGenius	Access Point
C4E506	Piper	
C4E510	Mechatro	
C4E532	Arcadyan	
C4E5B1	Suzhou PanKore	
C4E733	Clear Align	
C4E7AE	Chengdu Meross	
C4E7BE	SCSpro	
C4E90A	D-Link	Router
C4E92F	AB Sciex	
C4E984	Tp-Link	Router
C4EA1D	Vantiva Technologies	
C4EB39	Sagemcom Broadband SAS	Storage
C4EB41	Sagemcom Broadband SAS	Storage
C4EB42	Sagemcom Broadband SAS	Storage
C4EB43	Sagemcom Broadband SAS	Storage
C4EB68	VusionGroup	
C4EBE3	Rrcn Sas	
C4EBFF	zte	Phone
C4EDBA	Texas Instruments	IoT
C4EEAE	VSS Monitoring	Smart Home
C4EEF5	II-VI Incorporated	
C4EF3D	Samsung	Phone
C4EF70	Home Skinovations	
C4EFBB	LCFC(Hefei)	
C4EFDA	Honeywell	Industrial
C4F035	Hughes	
C4F081	Huawei	Phone
C4F0EC	Fiberhome	
C4F122	Nexar	
C4F174	eero	
C4F1D1	Beijing Sogou	
C4F312	Texas Instruments	IoT
C4F445	Apple	Phone
C4F464	Spica	
C4F57C	Brocade	Switch
C4F5A5	Kumalift	
C4F7C1	Apple	Phone
C4F7D5	Cisco	Router
C4F839	Actia Automotive	
C4FBAA	Huawei	Phone
C4FBC8	Shenzhen Candour	
C4FC22	Yealink(Xiamen)	VoIP
C4FCE4	DishTV NZ	
C4FCEF	SambaNova	
C4FDE6	Drtech	
C4FE5B	Guangdong Oppo Mobile	Phone
C4FEE2	AMICCOM	
C4FF1F	Huawei	Phone
C4FF22	Huawei Device	Phone
C4FF84	IEEE Registration	
C4FF99	Intel Corporate	Computer
C4FFBC	IEEE Registration	
C80084	Cisco	Router
C80210	LG Innotek	
C80258	ITW GSE ApS	
C8028F	Nova Electronics	
C802A6	Beijing Newmine	
C803F5	Ruckus Wireless	Router
C8059E	Hefei Symboltek	
C805A4	Motorola(Wuhan)	Phone
C80718	TDSi	
C80739	NAKAYO	
C80873	Ruckus Wireless	Router
C8088B	Arista	Switch
C808E9	LG	Phone
C809A8	Intel Corporate	Computer
C80A35	Qingdao Hisense Smart	TV
C80AA9	Quanta Computer	Server
C80C53	China Mobile Group	
C80CC8	Huawei	Phone
C80D32	Holoplot	
C80E14	AVM Audiovisuelles	Automotive
C80E77	Le Shi Zhi Xin	
C80E95	OmniLync	
C8102F	Netgear	Router
C81072	BBPOS Limited	
C81073	Century Opticomm	
C8120B	Samsung	Phone
C81337	Juniper	Router
C8138B	Shenzhen Skyworth	
C81451	Huawei	Phone
C81479	Samsung	Phone
C814B4	Sichuan Tianyi Comheart	
C8154E	Intel Corporate	Computer
C816A5	Masimo	Medical
C816BD	Qingdao Hisense	TV
C816DA	Realme Chongqing Mobile	Phone
C81739	Itel Mobile Limited	
C817F5	Nanjing Qinheng	
C819F7	Samsung	Phone
C81AFE	DLOGIC	
C81B5C	BCTech	
C81B6B	Innova Security	
C81CFE	Zebra	Printer
C81E8E	ADV Security (S)	
C81EC2	Itel Mobile Limited	
C81EE7	Apple	Phone
C81F66	Dell	Computer
C81FBE	Huawei	Phone
C81FE8	Apple	Phone
C81FEA	Avaya	VoIP
C8208E	Storagedata	
C82158	Intel Corporate	Computer
C821DA	Shenzhen YOUHUA	
C82478	Edifier	
C82496	Jiangsu Yinhe	
C825E1	Lemobile Information	
C82691	Arista	Switch
C826E2	China Dragon Technology	
C82832	Beijing Xiaomi	Phone
C828E5	Cisco	Router
C8292A	Barun	
C829C8	Palo Alto	Router
C82A14	Apple	Phone
C82ADD	Google	
C82AF1	TCT mobile	
C82B6B	shenzhen worldelite	
C82B96	Espressif	IoT
C82C2B	IEEE Registration	
C82E18	Espressif	IoT
C82E47	Suzhou SmartChip	
C82E94	Halfa Enterprise	
C83049	Huawei Device	Phone
C83168	eZEX	
C83232	Hunting Innova	
C8334B	Apple	Phone
C83374	Zyxel	Router
C833E5	Huawei	Phone
C8348E	Intel Corporate	Computer
C834E5	Cisco	Router
C835B8	Ericsson, EAB/RWI/K	
C836A3	Gertec Brasil Ltda	
C83870	Samsung	Phone
C839AC	Huawei Device	Phone
C83A1B	Toshiba TEC	
C83A35	Tenda	
C83A6B	Roku	TV
C83B45	Jri	
C83C85	Apple	Phone
C83D97	Nokia	
C83DD4	CyberTAN	
C83DDC	Xiaomi	Phone
C83DFC	AlphaTheta	
C83E99	Texas Instruments	IoT
C83E9E	Huawei Device	Phone
C83EA7	KUNBUS	
C83F26	Microsoft	Computer
C83FB4	Commscope	
C84029	Fiberhome	
C84052	PAX Computer	
C8412E	AM Telecom	
C8418A	Samsung	Phone
C84529	IMK	
C84544	Asia Pacific CIS (Wuxi)	
C8458F	Wyler	
C84709	Cisco	Router
C84782	Areson	
C8478C	Beken	
C84805	Nintendo	Gaming
C848F5	MEDISON Xray	
C84AA0	Sony Interactive	Gaming
C84BD6	Dell	Computer
C84C75	Cisco	Router
C84C78	zte	Phone
C84D34	LIONS Taiwan	
C84D44	Shenzhen Jiapeng	
C84F0E	Integrated Device	
C84F86	Sophos	
C850CE	Huawei	Phone
C850E9	Raisecom	
C85142	Samsung	Phone
C85195	Huawei	Phone
C851FB	Extreme	Switch
C85261	Commscope	
C85309	LCFC(Hefei)	
C853E1	Douyin Vision	
C8544B	Zyxel	Router
C854A4	Infinix mobility limited	
C85645	Intermas France	
C85663	Sunflex Europe	
C8586A	Beijing Winner	
C85895	Motorola Mobility LLC,	Phone
C858B3	Intel Corporate	Computer
C858C0	Intel Corporate	Computer
C85A9F	zte	Phone
C85ACF	HP	Computer
C85B76	LCFC(Hefei)	
C85BA0	Shenzhen Qihu	
C85CCC	Beijing Xiaomi Mobile	Phone
C85CE2	IEEE Registration	
C85D38	HUMAX	
C85EA9	Intel Corporate	Computer
C86000	ASUSTek COMPUTER	Computer
C8608F	Cisco	Router
C861D0	Shen Zhen Ktc	
C86314	IEEE Registration	
C86340	Cisco Meraki	Router
C863F1	Sony Interactive	Gaming
C863FC	Commscope	
C864C7	zte	Phone
C8662C	Beijing Haitai Fangyuan	
C8664B	Aperion	
C8665D	Extreme	Switch
C8675E	Extreme	Switch
C868DE	Huawei Device	Phone
C869CD	Apple	Phone
C86BBC	IEEE Registration	
C86C1E	Display	
C86C20	Sichuan Tianyi Comheart	
C86C3D	Amazon	
C86C87	Zyxel	Router
C86C9A	SNUC System	
C86CB6	Optcom	
C86E08	Intel Corporate	Computer
C86F1D	Apple	Phone
C87023	Altice	
C870D4	IBO	
C8711F	Suzhou Tesien	
C87125	Johnson Outdoors Marine	
C87248	Aplicom Oy	
C8727E	Nokia	
C87324	Sow Cheng	
C8741B	Fiberhome	
C8755B	Quantify	
C875DD	LG Electronics NV	Phone
C875F4	China Mobile Group	
C87765	Tiesse SpA	
C8778B	Mercury Systems –	
C877F3	VusionGroup	
C87867	Mist	Access Point
C8787D	D-Link	Router
C878F7	Cisco	Router
C87B23	Bose	Audio
C87B5B	zte	Phone
C87CBC	Valink	
C87CE2	Infrawaves	
C87D77	Shenzhen Kingtech	
C87E75	Samsung	Phone
C87EA1	TCL MOKA International	Phone
C87F2B	Ingram Micro Services	
C87F54	ASUSTek COMPUTER	Computer
C8806D	Apple	Phone
C88234	Cisco	Router
C88314	Tempo	
C88439	Sunrise	
C88447	Beautiful Enterprise	
C8844E	Flextronics	
C8848C	Ruckus Wireless	Router
C884A1	Cisco	Router
C884CF	Huawei	Phone
C88541	Espressif	IoT
C88550	Apple	Phone
C88629	Shenzhen Duubee	
C88722	Lumenpulse	
C8873B	Net Optics	
C889F3	Apple	Phone
C88A7B	Espressif	IoT
C88A83	Dongguan HuaHong	
C88A9A	Intel Corporate	Computer
C88AD8	China Dragon Technology	
C88B47	Nolangroup S.P.A con	
C88BE8	Masimo	Medical
C88D83	Huawei	Phone
C88DD4	Markone	
C88ED1	IEEE Registration	
C88F26	Skyworth Digital	
C89009	Budderfly	
C8903E	Pakton	
C8908A	Samsung	Phone
C890A8	Bouffalo Lab (Nanjing)	
C890F7	Huawei	Phone
C89143	Nintendo	Gaming
C891F9	Sagemcom Broadband SAS	Storage
C89346	MXCHIP Company Limited	
C89383	Embedded Automation	
C89402	Chongqing Fugui	
C894BB	Huawei	Phone
C894D2	Jiangsu Datang	
C895CE	Intel Corporate	Computer
C8965A	Sky Uk Limited	
C89665	Microsoft	Computer
C8979F	Nokia	
C89828	zte	Phone
C899B2	Arcadyan	
C89BAD	Honor Device	Phone
C89BD7	Realme Chongqing Mobile	Phone
C89C13	Inspiremobile	
C89C1D	Cisco	Router
C89CBB	Taicang T&W	
C89CDC	Elitegroup Computer	
C89D18	Huawei Device	Phone
C89D6D	Itel Mobile Limited	
C89E43	Netgear	Router
C89E61	Lyngsoe	
C89F0C	Motorola Mobility LLC,	Phone
C89F1A	Huawei	Phone
C89F1D	Shenzhen Communication	
C89F42	VDII Innovation AB	
C8A030	Texas Instruments	IoT
C8A1B6	Shenzhen Longway	
C8A1BA	Neul	
C8A1DC	Motorola Mobility LLC,	Phone
C8A23B	Shenzhen Sundray	
C8A2CE	Oasis Media	
C8A362	ASIX	
C8A3E8	Cloud Network	
C8A40D	Cooler Master	
C8A4CD	Realme Chongqing Mobile	Phone
C8A608	Ruckus Wireless	Router
C8A620	Nebula	
C8A6EF	Samsung	Phone
C8A702	Hangzhou Hikvision	Camera
C8A70A	Verizon Business	
C8A729	SYStronics	
C8A776	Huawei	Phone
C8A823	Samsung	Phone
C8A913	Lontium Semiconductor	
C8A9FC	Goyoo	
C8AA21	Commscope	
C8AA55	Hunan Comtom Electronic	
C8AAB2	Shenzhen Chuangwei-Rgb	
C8AACC	Private	
C8AC35	PiLink	
C8ADE7	Shenzhen Shengxi	
C8AE9C	Shanghai TYD Elecronic	
C8AF40	marco Systemanalyse und	
C8AFE3	Hefei Radio	
C8AFF0	CDVI Wireless SpA	
C8B1CD	Apple	Phone
C8B1EE	Qorvo	
C8B21E	Chipsea Technologies	
C8B29B	Intel Corporate	Computer
C8B373	Cisco-Linksys	Router
C8B422	Askey Computer	
C8B4AB	Inspur Computer	Server
C8B5AD	Hewlett Packard	Computer
C8B5B7	Apple	Phone
C8B6D3	Huawei	Phone
C8B6FE	Fitbit	Wearable
C8B78A	Huawei	Phone
C8B82F	eero	
C8BA94	Samsung	Phone
C8BAE9	Qdis	
C8BB81	Huawei Device	Phone
C8BBB4	Gsd Viet Nam Technology	
C8BBD3	Embrane	
C8BC9C	Huawei Device	Phone
C8BCC8	Apple	Phone
C8BCE5	Sense Things Japan	
C8BD4D	Samsung	Phone
C8BD69	Samsung	Phone
C8BE19	D-Link	Router
C8BE35	Extreme	Switch
C8BF4C	Beijing Xiaomi Mobile	Phone
C8BFFE	Huawei Device	Phone
C8C126	ZPM Industria e	
C8C13C	RuggedTek Hangzhou	
C8C2C6	Shanghai Airm2m	
C8C2F5	Flextronics	Smart Home
C8C2FA	Huawei	Phone
C8C432	SG Armaturen AS	
C8C465	Huawei	Phone
C8C50E	Shenzhen Primestone	
C8C64A	Flextronics Tech.(Ind)	
C8C6FE	eero	
C8C750	Motorola Mobility LLC,	Phone
C8C791	Zero1.tv	TV
C8C83F	Texas Instruments	IoT
C8C873	Chipsen	
C8C992	Beijing Roborock	Appliance
C8C9A3	Espressif	IoT
C8CA63	Huawei Device	Phone
C8CA79	Ciena	
C8CB9E	Intel Corporate	Computer
C8CBB8	Hewlett Packard	Computer
C8CC21	eero	
C8CCB5	Hunter Douglas	
C8CD55	Ruijie	
C8CD72	Sagemcom Broadband SAS	Storage
C8D019	Shanghai Tigercel	
C8D083	Apple	Phone
C8D10B	Nokia	
C8D12A	Comtrend	
C8D15E	Huawei	Phone
C8D1A9	Huawei	Phone
C8D1D1	AGAiT	
C8D2C1	Jetlun (Shenzhen)	
C8D3A3	D-Link	Router
C8D3FF	Hewlett Packard	Computer
C8D429	Muehlbauer	
C8D590	Flight Data	
C8D5FE	Shenzhen Zowee	
C8D69D	Arab International	
C8D6B7	Solidigm	
C8D719	Cisco-Linksys	Router
C8D778	BSH Hausgeräte	
C8D779	Qing Dao Haier Telecom	Appliance
C8D7B0	Samsung	Phone
C8D884	Universal	
C8D959	Motorola Mobility LLC,	Phone
C8D995	Juniper	Router
C8D9D2	Hewlett Packard	Computer
C8DA29	Espressif Systems	IoT
C8DB26	Logitech	
C8DD6A	Ohsung	
C8DDC9	Lenovo Mobile	Computer
C8DE41	Sky Uk Limited	
C8DE51	IntegraOptics	
C8DEC9	Coriant	
C8DF7C	Nokia	
C8DF84	Texas Instruments	IoT
C8E07A	Fiberhome	
C8E0EB	Apple	Phone
C8E130	Milkyway	
C8E193	Itel Mobile Limited	
C8E1A7	Vertu Corporation	
C8E265	Intel Corporate	Computer
C8E306	eero	
C8E31D	Huawei	Phone
C8E42F	Technical Research	
C8E5E0	Huawei	Phone
C8E600	Huawei	Phone
C8E713	Bouffalo Lab (Nanjing)	
C8E776	PTCOM	
C8E7D8	Mercury Communication	
C8E7F0	Juniper	Router
C8E8AF	eero	
C8EAF8	zte	Phone
C8EBEC	Shenzhen YOUHUA	
C8EDFC	Shenzhen Ideaform	
C8EE08	Tangtop	
C8EE75	Pishion	
C8EEA6	Shenzhen SHX	
C8EED7	Lightspeed	
C8EF2E	Beijing Gefei	
C8EFBC	Inspur Communication	Server
C8F09E	Espressif	IoT
C8F225	EM Microelectronic	
C8F230	Guangdong Oppo Mobile	Phone
C8F2B4	Guizhou Huaxin	
C8F319	LG Electronics (Mobile	Phone
C8F36B	Yamato Scale	
C8F386	Shenzhen Xiaoniao	
C8F406	Avaya	VoIP
C8F5D6	IEEE Registration	
C8F650	Apple	Phone
C8F68D	S.E.Technologies Limited	
C8F6C8	Fiberhome	
C8F704	Building Block Video	
C8F733	Intel Corporate	Computer
C8F742	HangZhou Gubei	
C8F750	Dell	Computer
C8F86D	Alcatel-Lucent Shanghai	VoIP
C8F946	LOCOSYS	
C8F981	Seneca s.r.l	
C8F9C8	NewSharp	
C8F9F9	Cisco	Router
C8FA84	Trusonus	
C8FAE1	ARQ Digital	
C8FB26	Cisco SPVTG	Router
C8FB54	iMin	
C8FD19	Texas Instruments	IoT
C8FE0F	Shenzhen Bilian	
C8FE30	Bejing DAYO Mobile	
C8FE6A	Juniper	Router
C8FF28	Liteon	
C8FF77	Dyson Limited	Appliance
C8FFBF	IEEE Registration	
CA045A	Ossia	
CA083C	Western Digital	Storage
CA125C	Microsoft	Computer
CA1E45	ASMedia	
CA222B	Beijing Puma Gear Power	
CA2B5E	Suzhou Motor-comm	
CA30BF	IEEE 802.1 Chair	
CA3782	Storbyte	
CA3EA6	Syng	
CA443E	Allianz Technology SE	Phone
CA446C	Cypress Computer	
CA7DDD	EmOne (Thailand)	
CA8FA5	Advanced TS Migrations,	
CAC276	Saab Seaeye	
CAC87E	Allen Organ	
CAE505	Mobilitie	
CAF25B	Lexar	
CAFAE6	Tianjin Ronghui	
CC0080	Bettini	
CC00F1	Sagemcom Broadband SAS	Storage
CC033D	Beijing Xiaomi Mobile	Phone
CC037B	Texas Instruments	IoT
CC0388	MangoBoost	
CC03D9	Cisco Meraki	Router
CC03FA	Vantiva USA	
CC047C	G-WAY Microwave	
CC04B4	Select Comfort	
CC051B	Samsung	Phone
CC0577	Huawei	Phone
CC0677	Fiberhome	
CC07AB	Samsung	Phone
CC07E4	Lenovo Mobile	Computer
CC087B	Huawei	Phone
CC088D	Apple	Phone
CC08E0	Apple	Phone
CC08FA	Apple	Phone
CC08FB	Tp-Link	Router
CC09C8	Imaqliq	
CC0C9C	Cig Shanghai	
CC0CDA	Miljovakt AS	
CC0DCB	Microsoft	Computer
CC0DE7	B Meters S.R.L	
CC0DEC	Cisco SPVTG	Router
CC0DF2	Motorola Mobility LLC,	Phone
CC10A3	Beijing Nan Bao	
CC115A	Apple	Phone
CC1228	Hisense Visual	TV
CC13F3	Hangzhou Hikvision	Camera
CC14A6	Yichun MyEnergy Domain	
CC14BC	Edifier	
CC1531	Intel Corporate	Computer
CC167E	Cisco	Router
CC187B	Manzanita	
CC1966	EM Microelectronic	
CC19A8	PT Inovação e Sistemas	
CC1AA3	Arista	Switch
CC1AFA	zte	Phone
CC1B5A	Ruckus Wireless	Router
CC1BE0	IEEE Registration	
CC1E56	Huawei	Phone
CC1E97	Huawei	Phone
CC1EAB	LEDATEL sp. z o.o. i	
CC1EFF	Metrological	
CC1FC4	InVue	
CC208C	Huawei	Phone
CC20AC	Samsung	Phone
CC20E8	Apple	Phone
CC2119	Samsung	Phone
CC219D	Shenzhen Wangliantong	
CC2218	InnoDigital	
CC2237	IEEE Registration	
CC2293	Amazon	
CC22DF	EM Microelectronic	
CC22FE	Apple	Phone
CC242E	Shenzhen SuperElectron	
CC25EF	Apple	Phone
CC2614	Sichuan Tianyi Comheart	
CC262D	Verifi	
CC2746	Apple	Phone
CC28AA	ASUSTek COMPUTER	Computer
CC29BD	zte	Phone
CC29F5	Apple	Phone
CC2A80	Micro-Biz intelligence	
CC2AAC	Yunjing lntelligent	
CC2C83	DarkMatter L.L.C	
CC2D1B	Sfr	
CC2D21	Tenda Technology	
CC2D83	Guangdong Oppo Mobile	Phone
CC2D8C	Lg	Phone
CC2DB7	Apple	Phone
CC2DD2	Ruckus Wireless	Router
CC2DE0	Routerboard.com	
CC2F71	Intel Corporate	Computer
CC3080	VAIO	
CC3089	Mellanox	Switch
CC312A	Huizhou Tcl	Phone
CC3296	Huawei Device	Phone
CC32E5	Tp-Link	Router
CC3331	Texas Instruments	IoT
CC33BB	Sagemcom Broadband SAS	Storage
CC3429	Tp-Link	Router
CC34D7	Gewiss S.P.A	
CC3540	Vantiva USA	
CC355A	SecuGen	
CC35D9	Ubiquiti	Router
CC36BB	Silicon Laboratories	
CC36CF	Cisco	Router
CC37AB	Edgecore	
CC38D0	Palo Alto	Router
CC38E1	Huawei	Phone
CC3953	IEEE Registration	
CC398C	Shiningtek	
CC3A61	Samsung Electro	Phone
CC3ADF	Neptune	
CC3B27	Tecno Mobile Limited	
CC3B3E	Lester Electrical	
CC3B58	Curiouser Products	
CC3BFB	Ring	Smart Home
CC3C3F	SA.S.S. Datentechnik	
CC3D82	Intel Corporate	Computer
CC3DD1	Huawei	Phone
CC3E5F	Hewlett Packard	Computer
CC3E79	Commscope	
CC3F1D	HMS Industrial Networks	Computer
CC3F36	Apple	Phone
CC3F8A	Komatsu	
CC3FEA	BAE	
CC4085	WiZ	
CC40B2	ECI Telecom	
CC40D0	Netgear	Router
CC40F3	Mellanox	Switch
CC418E	MSA Innovation	
CC4210	Xiaomi	Phone
CC43E3	Trump	
CC4460	Huawei Device	Phone
CC4463	Apple	Phone
CC45A5	Texas Instruments	IoT
CC4639	WAAV	
CC464E	Samsung	Phone
CC46D6	Cisco	Router
CC4703	Intercon	
CC4740	AzureWave	
CC4792	ASIX	
CC47BD	Rhombus	
CC483A	Dell	Computer
CC4AE1	fourtec -Fourier	
CC4B04	Apple	Phone
CC4B73	AMPAK	
CC4BFB	Hellberg Safety AB	
CC4D38	Carnegie	
CC4D74	Fujian Newland Payment	
CC4D75	Beijing Xiaomi Mobile	Phone
CC4E24	Brocade	Switch
CC4EEC	HUMAX	
CC4F5C	IEEE Registration	
CC500A	Fiberhome	
CC501C	KVH	
CC5076	Ocom	
CC50E3	Espressif	IoT
CC51B4	Integrated Device	
CC5289	Shenzhen Optfocus	
CC52AF	Universal Global	
CC53B5	Huawei	Phone
CC5459	OnTime Networks AS	
CC54FE	Mimosa	
CC55AD	Rim	
CC5763	Panasonic Automotive	
CC5830	Sagemcom Broadband SAS	Storage
CC58C7	Nokia	
CC593E	Sensium Healthcare	
CC5A53	Cisco	Router
CC5B31	Nintendo	Gaming
CC5C61	Huawei Device	Phone
CC5C75	Weightech Com. Imp.	
CC5CDE	China Mobile Group	
CC5D4E	Zyxel	Router
CC5D57	Information System	
CC5D78	JTD Consulting	
CC5EA5	Palo Alto	Router
CC5EF8	Cloud Network	
CC5FBF	Topwise 3G Communication	
CC6023	Apple	Phone
CC60BB	Empower RF	
CC60C8	Microsoft	Computer
CC6146	Gsd Viet Nam Technology	
CC61E5	Motorola Mobility LLC,	Phone
CC6200	Honor Device	Phone
CC62FE	Union Man	
CC641A	Shenzhen Bilian	
CC64A6	Huawei	Phone
CC65AD	Commscope	
CC660A	Apple	Phone
CC6618	Adtran	
CC66B2	Nokia	
CC67D8	Telin Semiconductor	
CC68B6	TP-Link	Router
CC68C7	Espressif	IoT
CC68E0	Apple	Phone
CC69B0	Global Traffic	
CC69FA	Apple	Phone
CC6A10	The Chamberlain	
CC6A33	Cisco	Router
CC6B1E	Cloud Network	
CC6B98	Minetec Wireless	
CC6BF1	Sound Masking	
CC6C52	Zhone	
CC6D55	Sichuan Tianyi Comheart	
CC6DA0	Roku	TV
CC6DEF	TJK Tietolaite Oy	
CC6E2A	Cisco Meraki	Router
CC6EA4	Samsung	Phone
CC70ED	Cisco	Router
CC7190	Vietnam Post And	
CC720F	Viscount	
CC722A	Apple	Phone
CC7286	Xi'an Fengyu Information	
CC7314	Hong Kong Wheatek	
CC7498	Filmetrics	
CC75E2	Commscope	
CC763A	zte	Phone
CC7645	Microsoft	Computer
CC7669	Seetech	
CC77C9	Fiberhome	
CC785F	Apple	Phone
CC78AB	Texas Instruments	IoT
CC794A	BLU Products	
CC79B8	Lunar Energy	
CC79CF	Shenzhen Rf-Link	
CC79D7	Cisco	Router
CC7A30	CMAX Wireless	
CC7A8B	Shenzhen Tecno	
CC7B35	zte	Phone
CC7B5C	Espressif	IoT
CC7B61	Nikkiso	
CC7D37	Commscope	
CC7D5B	Telink Semiconductor	
CC7E0F	Theben	
CC7E1F	Espressif	IoT
CC7EE7	Panasonic Corporation	
CC7F75	Cisco	Router
CC7F76	Cisco	Router
CC808F	Apple	Phone
CC812A	vivo Mobile	Phone
CC8130	Intelbras	
CC817D	Apple	Phone
CC81DA	Phicomm (Shanghai)	
CC827F	Advantech Technology	Industrial
CC82EB	Kyocera	Printer
CC856C	Shenzhen Mdk Digital	
CC86EC	Silicon Laboratories	
CC874A	Nokia	
CC8826	LG Innotek	
CC88C7	Hewlett Packard	Computer
CC895E	Huawei	Phone
CC896C	GN Hearing A/S	Smart Home
CC89FD	Nokia	
CC8A84	Huawei Device	Phone
CC8C17	Itel Mobile Limited	
CC8CBF	Tuya Smart	Smart Home
CC8CDA	Shenzhen Wei Da	
CC8CE3	Texas Instruments	IoT
CC8DA2	Espressif	IoT
CC8DB5	Shenzhen SuperElectron	
CC8E71	Cisco	Router
CC9070	Cisco	Router
CC9093	Hansong Tehnologies	
CC9096	Huawei Device	Phone
CC90E8	Shenzhen YOUHUA	
CC912B	TE Connectivity Touch	
CC915B	Huawei Device	Phone
CC934A	Sierra Wireless, ULC	
CC944A	Pfeiffer Vacuum	
CC9470	Kinestral	Smart Home
CC95D7	Vizio	TV
CC9635	LVS	
CC96A0	Huawei	Phone
CC96A2	China Mobile Group	
CC96E5	Dell	Computer
CC988B	SONY Visual Products	
CC9891	Cisco	Router
CC98EF	Guangdong Oppo Mobile	Phone
CC9916	Integrated Device	
CC9C3E	Cisco Meraki	Router
CC9DA2	Eltex Enterprise	
CC9E00	Nintendo	Gaming
CC9EA2	Amazon	
CC9ECA	HMD Global Oy	
CC9F35	Transbit Sp. z o.o	
CC9F7A	Chiun Mai Communication	
CCA08F	zte	Phone
CCA0E5	DZG Metering	Smart Home
CCA12B	TCL King Electrical	Phone
CCA150	SystemX	
CCA174	Meta Platforms	
CCA219	Shenzhen Along	
CCA223	Huawei	Phone
CCA260	Sichuan Tianyi Comheart	
CCA30C	Silicon Laboratories	
CCA374	Guangdong Guanglian	
CCA3BD	Itel Mobile Limited	
CCA462	Commscope	
CCA4AF	Shenzhen Sowell	
CCA614	Aifa	
CCA7C1	Google	
CCAA00	Microsoft	Computer
CCAB2C	HUMAX	
CCACFE	Telink Semiconductor	
CCAF78	Hon Hai Precision Ind	
CCAFE3	Amazon	
CCB071	Fiberhome	
CCB0A8	Huawei Device	Phone
CCB0B3	Microsoft	Computer
CCB0DA	Liteon	
CCB11A	Samsung	Phone
CCB148	Arcadyan	
CCB182	Huawei	Phone
CCB255	D-Link	Router
CCB3AB	shenzhen Biocare	Medical
CCB3F8	Fujitsu Isotec Limited	
CCB54C	Texas Instruments	IoT
CCB55A	Fraunhofer ITWM	
CCB5D1	Beijing Xiaomi Mobile	Phone
CCB691	NECMagnusCommunications	
CCB6C8	Cisco	Router
CCB775	Huawei Device	Phone
CCB777	zte	Phone
CCB7C4	Huawei	Phone
CCB85E	Shenzhen Phaten	
CCB888	AnB Securite	
CCB8A8	AMPAK	
CCB8F1	Eagle Kingdom	
CCBA6F	Huawei	Phone
CCBA97	Espressif	IoT
CCBABD	TP-Link	Router
CCBBFE	Huawei	Phone
CCBC2B	Huawei Device	Phone
CCBCE3	Huawei	Phone
CCBD35	Steinel	
CCBDD3	Ultimaker	
CCBE59	Calix	
CCBE61	Apple	Phone
CCBE71	OptiLogix	
CCBF0C	Shenzhen Fenda	
CCC079	Murata Manufacturing	Smart Home
CCC104	Applied Technical	
CCC253	zte	Phone
CCC261	IEEE Registration	
CCC2E0	Raisecom	
CCC3EA	Motorola Mobility LLC,	Phone
CCC4B2	Shenzhen Trolink	
CCC50A	Shenzhen Dajiahao	
CCC530	AzureWave	
CCC5E5	Dell	Computer
CCC5EF	Co-Comm Servicios	
CCC62B	Tri-Systems	
CCC760	Apple	Phone
CCC837	Quectel Wireless	
CCC8D7	CIAS Elettronica	
CCC92C	Schindler - PORT	
CCC95D	Apple	Phone
CCCC4E	Sun Fountainhead USA	
CCCC77	Zaram	
CCCC81	Huawei	Phone
CCCCCC	Silicon Laboratories	
CCCCEA	Phoenix Contact GmbH &	Industrial
CCCD64	SM-Electronic	
CCCE1E	AVM Audiovisuelles	Automotive
CCCE40	Janteq	
CCCF83	Cig Shanghai	
CCCFFE	Henan Lingyunda	
CCD083	Hewlett Packard	Computer
CCD281	Apple	Phone
CCD29B	Shenzhen Bopengfa	
CCD31E	IEEE Registration	
CCD342	Cisco	Router
CCD39D	IEEE Registration	
CCD3C1	Vestel Elektronik San	
CCD3E2	Jiangsu Yinhe	
CCD42E	Arcadyan	
CCD4A1	MitraStar	
CCD539	Cisco	Router
CCD73C	Huawei	Phone
CCD811	Aiconn	
CCD81F	Maipu Communication	
CCD843	Beijing Xiaomi Mobile	Phone
CCD8C1	Cisco	Router
CCD920	Huizhou Desay SV	
CCD9AC	Intel Corporate	Computer
CCD9E9	SCR Engineers	
CCDA20	Beijing Xiaomi Mobile	Phone
CCDAB5	Texas Instruments	IoT
CCDB04	DataRemote	
CCDB93	Cisco	Router
CCDBA7	Espressif	IoT
CCDC55	Dragonchip Limited	
CCDD28	Accton	
CCDD58	Robert Bosch	
CCDEDE	Nokia	
CCE0C3	EXTEN	
CCE0DA	Baidu Online Network	
CCE17F	Juniper	Router
CCE194	Juniper	Router
CCE1D5	Buffalo.Inc	Storage
CCE236	Hangzhou Yaguan	
CCE4D1	Arista	Switch
CCE536	ittim	
CCE686	Samsung	Phone
CCE798	My Social Stuff	
CCE7DE	IEEE Registration	
CCE7DF	American Magnetics	
CCE8AC	SOYEA	
CCE9FA	Samsung	Phone
CCEA1C	DCONWORKS	
CCEA27	GE Appliances	Appliance
CCEB18	Ooo "Tss	
CCEB5E	Xiaomi	Phone
CCECB7	ShenZhen Linked-Z	
CCED21	Nokia Shanghai Bell	
CCED4D	Cisco	Router
CCEDDC	MitraStar	
CCEED9	VAHLE Automation	
CCEF03	Hunan Keyshare	
CCEF48	Cisco	Router
CCF0FD	China Mobile (Hangzhou)	
CCF305	Shenzhen Tian Xing	
CCF3A5	Chi Mei Communication	
CCF3C8	Vantiva USA	
CCF407	Eukrea Electromatique	
CCF411	Google	
CCF538	3isysnetworks	
CCF55F	E Focus Instruments	
CCF67A	Ayecka Communication	
CCF735	Amazon	
CCF826	Samsung	Phone
CCF841	Lumewave	
CCF8F0	Xi'an HISU Multimedia	
CCF954	Avaya	VoIP
CCF957	u-blox	
CCF9E4	Intel Corporate	Computer
CCF9E8	Samsung	Phone
CCF9F0	Samsung	Phone
CCFA00	LG Electronics (Mobile	Phone
CCFA66	Huawei Device	Phone
CCFA95	Honor Device	Phone
CCFAF1	Sagemcom Broadband SAS	Storage
CCFB65	Nintendo	Gaming
CCFC6D	Riz Transmitters	
CCFCB1	Wireless	
CCFD17	TCT mobile	
CCFE3C	Samsung	Phone
CCFF90	Huawei Device	Phone
D0034B	Apple	Phone
D003DF	Samsung	Phone
D003EB	Texas Instruments	IoT
D00401	Motorola Mobility LLC,	Phone
D00477	Huawei	Phone
D00492	Fiberhome	
D004B0	Samsung	Phone
D0052A	Arcadyan	
D005E4	Huawei Device	Phone
D0066A	Cornelis	
D00674	Siemens Industrial	
D00790	Texas Instruments	IoT
D007CA	Juniper	Router
D009C8	Cisco	Router
D009F5	Hosiden	
D00AAB	Yokogawa Digital	Industrial
D00B27	Murata Manufacturing	Smart Home
D00C5E	Nanjing Qinheng	
D00DF7	Huawei Device	Phone
D00EA4	Porsche Cars North	
D00ED9	Taicang T&W	
D00F6D	T&W	
D011E5	Apple	Phone
D01242	BIOS	
D01255	Hui Zhou Gaoshengda	
D012CB	AVM Audiovisuelles	Automotive
D0131E	Sunrex	
D013C1	Shenzhen Skyworth	
D013FD	LG Electronics (Mobile	Phone
D01411	IEEE Registration	
D0154A	zte	Phone
D015A6	Hewlett Packard	Computer
D015BB	IEEE Registration	
D0167C	eero	
D016B4	Huawei	Phone
D016F0	IEEE Registration	
D01769	Murata Manufacturing	Smart Home
D0176A	Samsung	Phone
D017B7	Atios	
D017C2	ASUSTek COMPUTER	Computer
D0196A	Ciena	
D019D3	Itel Mobile Limited	
D01AA7	UniPrint	
D01B1F	Ohsung	
D01B49	Samsung	Phone
D01BBE	Onward Brands	
D01BF4	Sagemcom Broadband SAS	Storage
D01C3C	Tecno Mobile Limited	
D01CBB	Beijing Ctimes Digital	
D01E1D	SaiNXT	
D020DD	Guangdong Oppo Mobile	Phone
D021AC	Yohana	
D021F9	Ubiquiti	Router
D02212	IEEE Registration	
D022BE	Samsung	Phone
D023DB	Apple	Phone
D02516	Mercury Communication	
D02544	Samsung	Phone
D02598	Apple	Phone
D02788	Hon Hai Precision Ind	
D028BA	Realme Chongqing	Phone
D02AAA	Infinix mobility limited	
D02B20	Apple	Phone
D02C39	Cisco	Router
D02C45	littleBits	
D02DB3	Huawei	Phone
D02EAB	Texas Instruments	IoT
D03110	Ingenic Semiconductor	
D03169	Samsung	Phone
D032C3	D-Link	Router
D032E7	Tuya Smart	Smart Home
D03311	Apple	Phone
D035E5	EM Microelectronic	
D03742	Yulong Computer	
D03745	Tp-Link	Router
D03761	Texas Instruments	IoT
D03957	Liteon	
D03972	Texas Instruments	IoT
D039B3	Commscope	
D039EA	NetApp	Storage
D039FA	Samsung	Phone
D03BF4	Shenzhen Kean Digital	
D03C1F	Intel Corporate	Computer
D03D52	Ava Security Limited	
D03DC3	AQ	
D03E07	Apple	Phone
D03E5C	Huawei	Phone
D03E7D	Chipsea Technologies	
D03F27	Wyze	Camera
D03FAA	Apple	Phone
D040BE	Npo Rps	
D040EF	Murata Manufacturing	Smart Home
D041C9	Fiberhome	
D0431E	Dell	Computer
D04433	Clourney Semiconductor	
D0458D	Shenzhen Skyworth	
D0460C	Dell	Computer
D046DC	Southwest Research	
D047C1	Elma Electronic	
D0484F	Nokia Solutions and	
D048A1	Juniper	Router
D048F3	DATTUS	
D0497C	OnePlus Technology	Phone
D0498B	Zoom Server	
D04CC1	SINTRONES	Smart Home
D04D2C	Roku	TV
D04D86	Apple	Phone
D04DC6	Hewlett Packard	Computer
D04E50	Mobiwire Mobiles	
D04E99	Huawei	Phone
D04F58	Ruckus Wireless	Router
D04F7E	Apple	Phone
D04FAB	Yoqu Technology	
D05099	ASRock Incorporation	
D05157	LEAX Arkivator Telecom	
D05162	Sony	
D052A8	Physical Graph	
D05349	Liteon	
D0542D	Cambridge	
D05475	SAVI Controls	
D05509	Nintendo	Gaming
D05533	Palo Alto	Router
D055B2	Integrated Device	
D056BF	Amosense	
D056F2	Buffalo.Inc	Storage
D056FB	Samsung	Phone
D0574C	Cisco	Router
D0577B	Intel Corporate	Computer
D0577E	Intel Corporate	Computer
D05785	Pantech	
D05794	Sagemcom Broadband SAS	Storage
D057A1	Werma Signaltechnik	
D05875	Active Control	
D058A5	Apple	Phone
D058A8	zte	Phone
D058AB	Mara	
D058C0	Qingdao Haier	Appliance
D058FC	Sky Uk Limited	
D05919	zte	Phone
D05995	Fiberhome	
D059C3	CeraMicro	
D059E4	Samsung	Phone
D05A00	Vantiva USA	
D05A0F	I-Bt Digital	
D05AF1	Shenzhen Pulier	
D05AFD	Realme Chongqing Mobile	Phone
D05BA8	zte	Phone
D05BCB	Tianyi Telecom	
D05C7A	Sartura d.o.o	
D05F64	IEEE Registration	
D05FAF	Shenzhen C-Data	
D05FB8	Texas Instruments	IoT
D05FCE	Hitachi Data	
D0608C	zte	Phone
D06158	Huawei	Phone
D0622C	Xi'an Yipu Telecom	
D062A0	China Essence	
D0634D	Meiko Maschinenbau GmbH	
D063B4	SolidRun	
D06544	Apple	Phone
D06578	Intel Corporate	Computer
D065B3	TCL King Electrical	Phone
D065CA	Huawei	Phone
D0666D	Shenzhen Bus-Lan	
D0667B	Samsung	Phone
D06726	Hewlett Packard	Computer
D067E5	Dell	Computer
D06827	eero	
D0699E	LUMINEX Lighting	
D069C1	Huawei	Phone
D069D0	Verto Medical Solutions	Medical
D069FF	Fiberhome	
D06A1F	Bse	
D06B78	Apple	Phone
D06C37	ikeja wireless (pty)	
D06DC8	Huawei	Phone
D06DC9	Sagemcom Broadband SAS	Storage
D06EDE	Sagemcom Broadband SAS	Storage
D06F4A	Topwell International	
D06F82	Huawei	Phone
D071C4	zte	Phone
D072DC	Cisco	Router
D0737F	Mini-Circuits	
D07380	Huawei Device	Phone
D0738E	Dong Oh Precision	
D073D5	Lifi Labs Management	
D075BE	Reno A&E	
D07602	Hui Zhou Gaoshengda	
D0760C	Qisda	
D07650	IEEE Registration	
D0768F	Calix	
D076E7	Tp-Link	Router
D07714	Motorola Mobility LLC,	Phone
D077CE	Edgecore	
D07880	Fiberhome	
D0789A	Vantiva - Connected Home	
D0792F	New H3C Intelligence	
D07AB5	Huawei	Phone
D07B6F	Zhuhai Yunmai	
D07C2D	Leie IOT	
D07CB2	Sigmastar	
D07D33	Huawei Device	Phone
D07DE5	Forward Pay	
D07E01	Huawei Device	Phone
D07E28	Hewlett Packard	Computer
D07E35	Intel Corporate	Computer
D07FA0	Samsung	Phone
D07FC4	Ou Wei Technology	
D0817A	Apple	Phone
D081C5	Juniper	Router
D082E8	Tuya Smart	Smart Home
D082EB	Tuya Smart	Smart Home
D083D4	Xtel Wireless ApS	Access Point
D0845D	B&C Transit	
D084B0	Sagemcom Broadband SAS	Storage
D08543	Cisco	Router
D087B5	Safemo	
D087E2	Samsung	Phone
D0880C	Apple	Phone
D08999	APCON	
D08A55	Skullcandy	
D08A91	Vantiva USA	
D08B7E	Passif Semiconductor	
D08CB5	Texas Instruments	IoT
D08CFF	Upwis Ab	
D08E17	Accton	
D08E79	Dell	Computer
D09168	Shenzhen Chuangwei-Rgb	
D09200	FiRa Consortium	
D09282	Apple	Phone
D09288	Powertek Limited	
D0929E	Microsoft	Computer
D092FA	Fiberhome	
D09380	Ducere Technologies Pvt	
D09395	IEEE Registration	
D093F8	Stonestreet One	Smart Home
D09466	Dell	Computer
D094CF	Huawei	Phone
D095C7	Pantech	
D09686	IEEE Registration	
D096EA	vivo Mobile	Phone
D096FB	Zhone	
D097FE	Realme Chongqing Mobile	Phone
D0989C	ConMet	
D098B1	GScoolink	
D099D5	Alcatel-Lucent	VoIP
D09AAF	Espressif Systems	IoT
D09B05	Emtronix	
D09C30	Foster Electric	
D09C7A	Xiaomi	Phone
D09CAE	vivo Mobile	Phone
D09D0A	Linkcom	
D09DAB	TCT mobile	
D09FD9	IEEE Registration	
D0A011	IEEE Registration	
D0A0BB	Shenzhen iComm	
D0A0D6	ChengDu TD	
D0A311	Neuberger	
D0A46F	China Dragon Technology	
D0A4B1	Sonifex	
D0A5A6	Cisco	Router
D0A637	Apple	Phone
D0A651	AltoBeam	
D0A9D3	EM Microelectronic	
D0AA5F	IEEE Registration	
D0AB4A	Telink Micro	
D0ABD5	Intel Corporate	Computer
D0AD08	HP	Computer
D0AE05	Xiaomi	Phone
D0AEEC	Alpha	
D0AFB6	Linktop	
D0B0CD	Moen	
D0B0DF	Mimosa	
D0B128	Samsung	Phone
D0B1CA	Shenzhen Skyworth	
D0B214	PoeWit	
D0B270	Visteon Portuguesa	
D0B2C4	Vantiva USA	
D0B324	Apple	Phone
D0B33F	Shenzhen TINNO Mobile	
D0B3C2	Meta Platforms	
D0B45D	Huawei Device	Phone
D0B498	Robert Bosch LLC	Automotive
D0B523	Bestcare Cloucal	
D0B53D	Sepro Robotique	
D0B5C2	Texas Instruments	IoT
D0B60A	Xingluo Technology	
D0B646	NXP Semiconductors	IoT
D0B66F	Sernet (Suzhou)	
D0BAE4	Shanghai MXCHIP	
D0BB61	zte	Phone
D0BB80	SHL Telemedicine	
D0BCC1	Weifang Goertek	
D0BD01	DS	
D0BE2C	CNSLink	
D0BF9C	Hewlett Packard	Computer
D0C050	Apple	Phone
D0C0BF	Actions Microelectronics	
D0C193	Skybell	
D0C1B1	Samsung	Phone
D0C1B5	Dell	Computer
D0C1BF	Xiaomi	Phone
D0C24E	Samsung	Phone
D0C282	Cisco	Router
D0C31E	JUNGJIN	
D0C35A	Jabil Circuit de	
D0C42F	Tamagawa Seiki	
D0C5D3	AzureWave	
D0C5D8	Latecoere	
D0C5F3	Apple	Phone
D0C637	Intel Corporate	Computer
D0C65B	Huawei	Phone
D0C67F	Huawei	Phone
D0C6BE	HPRO-Video	
D0C730	zte	Phone
D0C789	Cisco	Router
D0C7C0	Tp-Link	Router
D0C857	IEEE Registration	
D0C901	Gla Electronics Pvt	
D0C907	Private	
D0CBDD	eero	
D0CDBF	LG	Phone
D0CDE1	Scientech	
D0CEC0	Xiaomi	Phone
D0CEC9	Han Chang	
D0CF0E	Sagemcom Broadband SAS	Storage
D0CF13	Espressif	IoT
D0CF5E	Energy Micro AS	
D0CFD8	Huizhou Boshijie	
D0D003	Samsung	Phone
D0D04B	Huawei	Phone
D0D0FD	Cisco	Router
D0D212	K2NET	
D0D23C	Apple	Phone
D0D286	Beckman Coulter K.K	
D0D2B0	Apple	Phone
D0D3E0	Hewlett Packard	Computer
D0D3FC	Mios	
D0D412	ADB Broadband Italia	
D0D471	MVTECH	
D0D49F	Apple	Phone
D0D4FB	Home Control Singapore	
D0D6CC	Wintop	
D0D783	Huawei	Phone
D0D7BE	Huawei	Phone
D0D94F	IEEE Registration	
D0DA24	IEEE Registration	
D0DAD7	Apple	Phone
D0DB32	Nokia	
D0DBB7	Casa	
D0DC2C	Cisco	Router
D0DD49	Juniper	Router
D0DD7C	zte	Phone
D0DF9A	Liteon	
D0DFB2	Genie Networks Limited	
D0DFC7	Samsung	Phone
D0E042	Cisco	Router
D0E140	Apple	Phone
D0E347	Yoga	
D0E40B	Wearable	Wearable
D0E44A	Murata Manufacturing	Smart Home
D0E54D	Commscope	
D0E581	Apple	Phone
D0E782	AzureWave	
D0E828	Radiant Industries	
D0EA11	Routerboard.com	
D0EA30	NXP Semiconductors	IoT
D0EB03	Zhehua technology	
D0EB1A	Siemens	Industrial
D0EB9E	Seowoo	
D0EC35	Cisco	Router
D0EDFF	Zf Cvcs	
D0EE47	Hitron	
D0EF76	Espressif	IoT
D0EFC1	Huawei	Phone
D0F0DB	Ericsson	
D0F121	Xi'an LINKSCI	
D0F27F	BrewLogix	
D0F3F5	Huawei Device	Phone
D0F405	Hon Hai Precision	
D0F4F7	Huawei Device	Phone
D0F520	KYOCERA	Printer
D0F73B	Helmut Mauell GmbH Werk	
D0F76E	Shenzhen YOUHUA	
D0F815	Huawei	Phone
D0F865	Itel Mobile Limited	
D0F88C	Motorola (Wuhan)	Phone
D0F8E7	Shenzhen Shutong Space	
D0F928	zte	Phone
D0F99B	zte	Phone
D0FA1D	Qihoo 360	
D0FCCC	Samsung	Phone
D0FCD0	HUMAX	
D0FF50	Texas Instruments	IoT
D0FF98	Huawei	Phone
D4000D	Phoenix Broadband	
D40057	MC	
D40068	Fiberhome	
D400CA	AUMOVIO Systems Romania	
D40129	Broadcom	
D40145	Atw	
D4016D	Tp-Link	Router
D401C3	Routerboard.com	
D4024A	Delphian	Automotive
D404CD	Commscope	
D404E6	Broadcom Limited	
D404FF	Juniper	Router
D40592	Espressif	IoT
D40598	Commscope	
D405DE	eero	
D4060F	Texas Instruments	IoT
D40868	Beijing Lanxum Computer	
D40A9E	GO development	
D40AA9	Commscope	
D40ADC	Qingdao	
D40B1A	HTC	
D40BB9	Solid Semecs	
D40C9D	SiFly Aviation	
D40DAB	Shenzhen Cudy	
D40E60	Nanjing phx-gctech	
D40F9E	Apple	Phone
D40FB2	Applied Micro	
D41090	iNFORM	
D410CF	Huanshun Network	
D411A3	Samsung	Phone
D411D6	ShotSpotter	
D41243	AMPAK	
D4126E	Apple	Phone
D41296	Anobit	
D412BB	Quadrant Components	
D41368	Shenzhen Intellirocks	
D4136F	Asia Pacific Brands	
D413B3	Wu Qi	
D413F8	Peplink	Router
D41761	Xiaomi	Phone
D41972	Hewlett Packard	Computer
D419F6	NXP Semiconductor	IoT
D41A3F	Guangdong Oppo Mobile	Phone
D41AC8	Nippon Printer	Smart Home
D41AD1	Zyxel	Router
D41B81	Chongqing Fugui	
D41C1C	Rcf S.P.A	
D41D71	Palo Alto	Router
D41E35	TOHO	
D41F0C	JAI Manufacturing	Smart Home
D42000	IEEE Registration	
D4206D	HTC	
D420B0	Mist	Access Point
D42122	Sercomm	
D4223F	Lenovo Mobile	Computer
D4224E	Alcatel Lucent	VoIP
D422CD	Movella	
D42493	GW	
D424DD	AVM Audiovisuelles	Automotive
D4258B	Intel Corporate	Computer
D425CC	IEEE Registration	
D425DE	New H3C	
D42751	Infopia	
D42787	Shanghai High-Flying	
D427FF	Sagemcom Broadband SAS	Storage
D428B2	ioBridge	
D428D5	TCT mobile	
D429A7	Infinix mobility limited	
D429EA	Zimory	
D42B6F	Cisco	Router
D42BF0	Tiinlab	
D42C0F	Commscope	
D42C3D	Sky Light Digital	
D42C44	Cisco	Router
D42C46	Buffalo.Inc	Storage
D42CA6	Samsung	Phone
D42DC5	i-PRO	
D42DCC	Apple	Phone
D42F23	Akenori	
D42F4B	Hon Hai Precision	
D42FCA	Apple	Phone
D43127	Ruijie	
D4319D	Sinwatec	
D43260	GoPro	Camera
D43266	Fike	
D4351D	Vantiva Technologies	
D43538	Beijing Xiaomi Mobile	Phone
D4354A	ALAXALA	
D43639	Texas Instruments	IoT
D436DB	Jiangsu Toppower	Phone
D437D7	zte	Phone
D43844	Union Man	
D4389C	Sony	
D439B8	Ciena	
D43A2C	Google	
D43A2E	Shenzhen Mtc	
D43A2F	Shenzhen Mtc	
D43A65	IGRS Engineering	Smart Home
D43AE9	DONGGUAN ipt INDUSTRIAL	
D43B04	Intel Corporate	Computer
D43B8A	Shenzhen Zhide	
D43D39	Dialog Semiconductor	
D43D67	Carma	
D43D7E	Micro-Star Int'l	
D43DF3	Zyxel	Router
D43F32	eero	
D43FCB	Commscope	
D440D0	OCOSMOS	
D440F0	Huawei	Phone
D4413F	Gen IV	
D44165	Sichuan Tianyi Comheart	
D4430E	Zhejiang Dahua	Camera
D4438A	Beijing Xiaomi Mobile	Phone
D443A8	Changzhou Haojie	
D445E8	Jiangxi Hongpai	
D44649	Huawei	Phone
D446E1	Apple	Phone
D4475A	ScreenBeam	
D4482D	Shenzhen Deejoy Lighting	
D44867	Silicon Laboratories	
D44A85	Silicon Laboratories	
D44B5E	Taiyo Yuden	
D44BB6	Zhejiang Tmall	
D44C24	Vuppalamritha Magnetic	
D44C9C	Shenzhen YOOBAO	
D44CA7	Informtekhnika &	
D44D77	Nokia	
D44D9F	Shenzhen Skyworth	
D44DA4	Murata Manufacturing	Smart Home
D44F14	Tesla	Automotive
D44F67	Huawei	Phone
D44F68	Eidetic	
D44F80	Kemper Digital	
D45039	Sagemcom Broadband SAS	Storage
D4503F	Guangdong Oppo Mobile	Phone
D4507A	CEIVA Logic	
D450EE	GD Midea	Appliance
D4522A	TangoWiFi.com	
D45251	IBT Ingenieurbureau	
D45297	nSTREAMS	
D452C7	Beijing L&S Lancom	
D452EE	Sky Uk Limited	
D4532A	Beijing Xiaomi Mobile	Phone
D45347	Merytronic 2012, S.L	
D45383	Murata Manufacturing	Smart Home
D453AF	VIGO System	
D4548B	Intel Corporate	Computer
D45556	Fiber Mountain	
D455AD	go-e	
D455BE	Shenzhen Fast	
D45763	Apple	Phone
D45800	Fiberhome	
D45944	tonies	
D45A3F	Juniper	Router
D45AB2	Galleon	
D45B51	Motorola Mobility LLC,	Phone
D45C70	Wi-Fi Alliance	
D45D42	Nokia	
D45D64	ASUSTek COMPUTER	Computer
D45DDF	Pegatron	
D45E89	Motorola Mobility LLC,	Phone
D45EEC	Beijing Xiaomi	Phone
D45F25	Shenzhen YOUHUA	
D45F2C	zte	Phone
D45F7A	Huawei	Phone
D46075	Baidu Online Network	
D460E3	Sercomm	
D4612E	Huawei	Phone
D46132	Pro Concept Manufacturer	
D46137	IEEE Registration	
D46195	zte	Phone
D4619D	Apple	Phone
D461DA	Apple	Phone
D461FE	Hangzhou H3C	
D462EA	Huawei	Phone
D46352	Vutility	
D463C0	Apple	Phone
D463C6	Motorola Mobility LLC,	Phone
D463DE	vivo Mobile	Phone
D463FE	Arcadyan	
D464F7	Chengdu Usee Digital	
D46624	Cisco	Router
D46663	Shenzhen Detran	
D466A8	Riedo	
D46761	XonTel Technology Co	
D467D3	Guangdong Oppo Mobile	Phone
D467E7	Fiberhome	
D4684D	Ruckus Wireless	Router
D46867	Neoventus Design	
D468AA	Apple	Phone
D468BA	Shenzhen Sundray	
D469A5	Miura	
D46A35	Cisco	Router
D46A6A	Hon Hai Precision Ind	
D46A91	SnapAV	
D46AA8	Huawei	Phone
D46BA6	Huawei	Phone
D46C62	MultiTracks.com	
D46C6D	Commscope	
D46CBF	Goodrich ISR	
D46CDA	CSM	
D46D50	Cisco	Router
D46D6D	Intel Corporate	Computer
D46E0E	Tp-Link	Router
D46E5C	Huawei	Phone
D46F42	WAXESS USA	
D47208	Bragi	
D47226	zte	Phone
D47327	Huawei	Phone
D47350	DBG Commnunications	
D47415	Huawei Device	Phone
D4741B	Beijing HuaDa ZhiBao	
D476A0	Fortinet	Router
D476EA	zte	Phone
D4772B	Nanjing Ztlink	
D47798	Cisco	Router
D477B2	Netix Global	
D47856	Avaya	VoIP
D4789B	Cisco	Router
D47954	Huawei Device	Phone
D479C3	Cameronet GmbH & Co	
D47A97	Realme Chongqing Mobile	Phone
D47AE2	Samsung	Phone
D47AEC	Funshion Online	
D47B35	NEO Monitors AS	
D47B6B	Shanghai Cygnus	
D47B75	HARTING	
D47BB0	Askey Computer	
D47C44	IEEE Registration	
D47DFC	Tecno Mobile Limited	
D47EE4	China Mobile IOT	
D47F35	Cisco	Router
D47F78	Dopple	
D4808B	Seiko Epson	Printer
D481CA	iDevices	
D481D7	Dell	Computer
D4823E	Argosy	
D48304	Shenzhen Fast	
D48409	Shenzhen Mercury	
D48457	GD Midea	Appliance
D484D0	Shanghai Xiaodu	
D48564	Hewlett Packard	Computer
D48660	Arcadyan	
D487CC	Sivantos	
D487D8	Samsung	Phone
D4883F	Hdpro	
D48866	Huawei	Phone
D48890	Samsung	Phone
D489C1	Ubiquiti	Router
D48A39	Samsung	Phone
D48A3B	Hunan Fn-Link	
D48AFC	Espressif	IoT
D48C49	Espressif	IoT
D48CB5	Cisco	Router
D48D26	LG Innotek	
D48DD9	Meld	
D48F33	Microsoft	Computer
D48FA2	Huawei Device	Phone
D48FAA	Sogecam Industrial	
D4909C	Apple	Phone
D490E0	Wachendorff Automation	
D4910F	Amazon	
D491AF	Electroacustica General	
D49234	NEC	
D4925E	Vantiva Technologies	
D492B9	Orion Nova, S.L	
D49390	Clevo Co	
D49398	Nokia	
D493A0	Fidelix Oy	
D49400	Huawei	Phone
D4945A	Cosmo	
D49477	FONEX Data	
D494A1	Texas Instruments	IoT
D494A9	Intel Corporate	Computer
D494E8	Huawei	Phone
D494FB	AUMOVIO	
D49524	Clover	
D4955D	zte	Phone
D4958E	Universal	
D496DF	Sungjin C&T	
D4970B	Xiaomi	Phone
D498B9	vivo Mobile	Phone
D4996C	Juniper	Router
D49A20	Apple	Phone
D49AA0	Vnpt	
D49AF6	AzureWave	
D49B5C	Chongqing Miedu	
D49B74	Kinetic	
D49C28	JayBird	
D49C53	Netcraze	
D49C8E	University of FUKUI	
D49CDD	AMPAK	
D49CF4	Palo Alto	Router
D49D9D	Shenzhen Goodocom	
D49DC0	Samsung	Phone
D49E05	zte	Phone
D49E3B	Guangzhou Shiyuan	
D49E6D	Wuhan Zhongyuan Huadian	
D49F29	Fiberhome	
D49FDD	Huawei Device	Phone
D49FF9	Earda	
D4A02A	Cisco	Router
D4A0FB	IEEE Registration	
D4A148	Huawei	Phone
D4A23D	New H3C	
D4A254	Huawei	Phone
D4A2CD	Dell	Computer
D4A33D	Apple	Phone
D4A365	Xiaomi	Phone
D4A38B	Ele(Group)Co	
D4A3EB	Shenzhen iComm	
D4A425	SMAX	
D4A499	InView	
D4A5B4	Hengji Jiaye (Hangzhou)	
D4A651	Tuya Smart	Smart Home
D4A7EA	Solar76	
D4A923	Huawei	Phone
D4A928	GreenWave Reality	
D4AAFF	Micro World	
D4AB61	Intel Corporate	Computer
D4AB82	Commscope	
D4ABCD	Hui Zhou Gaoshengda	
D4AC4E	BODi rS	
D4AD20	Jinan USR IOT	
D4AD2D	Fiberhome	
D4AD71	Cisco	Router
D4ADBD	Cisco	Router
D4ADFC	Shenzhen Intellirocks	
D4AE05	Samsung	Phone
D4AE52	Dell	Computer
D4AFF7	Arista	Switch
D4B110	Huawei	Phone
D4B169	Le Shi Zhi Xin	
D4B27A	Commscope	
D4B43E	Messcomp Datentechnik	
D4B4C0	Fortinet	Router
D4B5CD	Sagemcom Broadband SAS	Storage
D4B680	Shanghai Linkyum	
D4B6C9	Nokia	
D4B709	zte	Phone
D4B761	Sichuan AI-Link	
D4B7D0	Ciena	
D4B8FF	Home Control Singapore	
D4B92F	Vantiva USA	
D4BABA	IEEE Registration	
D4BAFA	Guangdong Oppo Mobile	Phone
D4BBC8	vivo Mobile	Phone
D4BBE6	Huawei Device	Phone
D4BD1E	5VT Technologies,Taiwan	
D4BD4F	Ruckus Wireless	Router
D4BED7	Dell	Computer
D4BED9	Dell	Computer
D4BEDC	Roku	TV
D4BF2D	SE Controls Asia Pacific	
D4BF7F	Upvel	
D4C19E	Ruckus Wireless	Router
D4C1A8	KYKXCOM	
D4C1C8	zte	Phone
D4C1FC	Nokia	
D4C3B0	Gearlinx	
D4C766	Acentic	
D4C8B0	Prime Electronics &	
D4C93C	Cisco	Router
D4C94B	Motorola Mobility LLC,	Phone
D4C9B2	Quanergy Solutions	
D4C9EF	Hewlett Packard	Computer
D4CA6D	Routerboard.com	
D4CA6E	u-blox	
D4CBAF	Nokia	
D4CBCC	vivo Mobile	Phone
D4CE40	Apple	Phone
D4CEB8	Enatel	
D4CF37	Symbolic IO	
D4CFF9	Shenzhen SEI Robotics	Appliance
D4D184	ADB Broadband Italia	
D4D249	Power Ethernet	
D4D252	Intel Corporate	Computer
D4D2D6	Fn-Link Technology	
D4D2E5	BKAV	
D4D4DA	Espressif	IoT
D4D50D	Southwest Microwave	
D4D51B	Huawei	Phone
D4D659	Meta Platforms	
D4D6DF	TP-Link	Router
D4D748	Cisco	Router
D4D7A9	Shanghai Kaixiang Info	
D4D7CF	Realme Chongqing Mobile	Phone
D4D853	Intel Corporate	Computer
D4D892	Huawei	Phone
D4D898	Korea CNO	
D4D919	GoPro	Camera
D4DA21	Beijing Xiaomi Mobile	Phone
D4DACD	Sky Uk Limited	
D4DC09	Mist	Access Point
D4DC85	Edgecore Americas	
D4DCCD	Apple	Phone
D4DD0B	Wavetel Technology	
D4DF57	Alpinion Medical	Medical
D4E053	Hewlett Packard	Computer
D4E08E	ValueHD	
D4E13C	Mellanox	Switch
D4E22F	Roku	TV
D4E2CB	Vantiva USA	
D4E32C	S. Siedle & Sohne	
D4E33F	Nokia	
D4E3C5	zte	Phone
D4E4C3	Ciena	
D4E5C9	Senao	
D4E6B7	Samsung	Phone
D4E853	Hangzhou Hikvision	Camera
D4E880	Cisco	Router
D4E8B2	Samsung	Phone
D4E90B	Cvt	
D4E95E	Texas Instruments	IoT
D4E98A	Intel Corporate	Computer
D4E9F4	Espressif	IoT
D4EA0E	Avaya	VoIP
D4EB68	Cisco	Router
D4EC0C	Harley-Davidson Motor	
D4EC86	LinkedHope Intelligent	
D4ECAB	vivo Mobile	Phone
D4EE07	HIWIFI	
D4EEDE	Sichuan Tianyi Comheart	
D4F027	Trust Power	
D4F04A	Sky Uk Limited	
D4F057	Nintendo	Gaming
D4F0B4	Napco Security	
D4F0C9	KYOCERA Document	Printer
D4F0EA	Beijing Xiaomi Mobile	Phone
D4F143	IPROAD	
D4F207	DIAODIAO(Beijing)Technol	
D4F242	Huawei Device	Phone
D4F32D	Intel Corporate	Computer
D4F337	Xunison	
D4F46F	Apple	Phone
D4F4BE	Palo Alto	Router
D4F513	Texas Instruments	IoT
D4F527	Siemens	Industrial
D4F547	Google	
D4F5EF	Hewlett Packard	Computer
D4F63F	Iea S.R.L	
D4F756	zte	Phone
D4F786	Fiberhome	
D4F7D5	Sony Interactive	Gaming
D4F829	Sagemcom Broadband SAS	Storage
D4F921	Qingdao	
D4F98D	Espressif	IoT
D4F9A1	Huawei	Phone
D4FB8E	Apple	Phone
D4FC13	Fiberhome	
D4FE28	Silicon Laboratories	
D4FF1A	Apple	Phone
D4FF26	Ohsung	
D8004D	Apple	Phone
D80093	Aurender	
D801D0	Huawei	Phone
D801EB	Infinity	
D8025F	Guangzhou Shiyuan	
D8028A	Shenzhen YOUHUA	
D802C0	Extreme	Switch
D8031A	Ezurio	
D8032A	Commtact	
D8052E	Skyviia	
D806D1	Honeywell Fire System	Industrial
D806F3	Arista	Switch
D807B6	Tp-Link	Router
D80831	Samsung	Phone
D808F5	Arcadia	
D8094E	Active Brains	
D8097F	zte	Phone
D809C3	Cercacor	
D809D6	Zexelon	
D80A42	Shanghai Lixun	
D80A60	Huawei	Phone
D80AE6	zte	Phone
D80B9A	Samsung	Phone
D80BCB	Telink Semiconductor	
D80CCF	C.G.V. S.A.S	
D80D17	Tp-Link	Router
D80DE3	Fxi Technologies As	
D80E29	vivo Mobile	Phone
D80F99	Hon Hai Precision Ind	
D80FB5	Shenzhen Ultraeasy	
D81068	Murata Manufacturing	Smart Home
D8109F	Huawei	Phone
D810CB	Andrea Informatique	
D81265	Chongqing Fugui	
D8132A	Espressif	IoT
D81399	Hui Zhou Gaoshengda	
D814D6	SURE SYSTEM	
D814DF	TCL King Electrical	Phone
D8150D	Tp-Link	Router
D8160A	Nippon Electro-Sensory	
D816C1	Dewav (Hk) Electronics	
D8182B	Conti Temic	
D818D3	Juniper	Router
D81909	Wiwynn Technology	
D8197A	Nuheara	
D819CE	Telesquare	
D81BB5	Huawei	Phone
D81BFE	Twinlinx	
D81C14	Compacta	
D81C79	Apple	Phone
D81D13	Texas Instruments	IoT
D81D72	Apple	Phone
D81EDD	Guangdong Oppo Mobile	Phone
D81EDE	B&W	
D81F12	Tuya Smart	Smart Home
D81F65	Private	
D81FCC	Brocade	Switch
D8209F	Cubro Acronet GesmbH	
D820A2	Huawei	Phone
D821DA	Sernet (Suzhou)	
D822F4	Avnet Silica	
D823E0	Speedtech	
D82477	Universal Electric	
D824BD	Cisco	Router
D824EC	Plenom A/S	
D82522	Commscope	
D825B0	Rockeetech	
D825DF	Came Uk	
D826B9	Guangdong Coagent	
D826D3	eero	
D826FA	Jiangxi Zhentian	
D8270C	MaxTronic	
D828C9	General Electric	
D82916	Ascent Communication	
D82918	Huawei	Phone
D82986	Best Wish	
D829F8	Huawei	Phone
D82A15	Leitner SpA	
D82A7E	Nokia	
D82D40	Janz - Contagem e	
D82D9B	Shenzhen G.Credit	
D82DE1	Tricascade	
D82FE6	Zhejiang Tmall	
D83062	Apple	Phone
D8312C	zte	Phone
D83134	Roku	TV
D83139	zte	Phone
D831CF	Samsung	Phone
D83214	Tenda Technology	
D8325A	Shenzhen YOUHUA	
D832E3	Xiaomi	Phone
D8332A	Ruijie	
D8337F	Office FA.com	
D833B7	Sagemcom Broadband SAS	Storage
D8341C	GD Midea	Appliance
D834D1	Shenzhen Orange Digital	
D834EE	Shure Incorporated	Audio
D8365F	Intelbras	
D8373B	Shenzhen Jingxun	
D837BE	Shenzhen Gongjin	
D8380D	SHENZHEN IP-COM	
D838FC	Ruckus Wireless	Router
D83A36	AltoBeam	
D83ADD	Raspberry Pi Trading	IoT
D83AF5	Wideband	
D83BBF	Intel Corporate	Computer
D83BDA	Espressif	IoT
D83C69	Shenzhen TINNO Mobile	
D83D3F	JOYNED	
D83DCC	shenzhen UDD	
D83EEB	AltoBeam	
D83EEF	Coosea Group (Hk)	
D84008	Huawei	Phone
D842AC	Shanghai Feixun	
D842E2	Canary Connect	
D842F7	Tozed Kangwei	
D843AE	Micro-Star INTL	
D843EA	SY	
D843ED	Suzuken	
D8445C	DEV Tecnologia Ind Com	
D84489	TP-Link	Router
D8452B	Integrated Device	
D84567	Tecno Mobile Limited	
D84606	Silicon Valley Global	
D846CE	Apple	Phone
D84710	Sichuan Changhong	
D84732	Tp-Link	Router
D8478F	Microchip	IoT
D847BB	Huawei Device	Phone
D848EE	Hangzhou Xueji	
D8490B	Huawei	Phone
D8492F	Canon	Camera
D849BF	Celestica	
D84A2B	zte	Phone
D84A83	vivo Mobile	Phone
D84A87	Oi Electric	
D84B2A	Cognitas	
D84C90	Apple	Phone
D84DB9	Wu Qi	
D84F37	Proxis, spol. s r.o	
D84FB8	Lg	Phone
D850A1	Hunan Danuo	
D850E6	ASUSTek COMPUTER	Computer
D852FA	Texas Instruments	IoT
D8539A	Juniper	Router
D853AD	Cisco Meraki	Router
D853BC	Lenovo Information	Computer
D85437	Huawei	Phone
D8543A	Texas Instruments	IoT
D85482	Oxit	
D854A2	Extreme	Switch
D854F2	Huawei Device	Phone
D85575	Samsung	Phone
D855A3	zte	Phone
D857EF	Samsung	Phone
D858C6	Katch Asset Tracking	
D858D7	CZ.NIC, z.s.p.o	
D85982	Huawei	Phone
D85A49	INGCHIPS	
D85B22	Shenzhen Hohunet	
D85B27	WNC	
D85B2A	Samsung	Phone
D85C11	Optiview USA	
D85D4C	Tp-Link	Router
D85D84	CAx soft	
D85DE2	Hon Hai Precision Ind	
D85DEF	Busch-Jaeger Elektro	
D85DFB	Private	
D85ED3	Giga-Byte	Computer
D85F77	Telink Semiconductor	
D860B0	bioMérieux Italia S.p.A	
D860B3	Guangdong Global	
D860C5	Guangdong Oppo Mobile	Phone
D86162	WNC	
D86194	Objetivos y Sevicios de	
D862CA	Cisco	Router
D862DB	Eno	
D8630D	Motorola (Wuhan)	Phone
D86375	Xiaomi	Phone
D8638C	Shenzhen Dttek	
D86595	Toy's Myth	
D866C6	Shenzhen Daystar	
D866EE	Boxin Communication	
D867D3	Huawei Device	Phone
D867D9	Cisco	Router
D86852	Huawei	Phone
D868A0	Samsung	Phone
D868C3	Samsung	Phone
D86960	Steinsvik	
D86B83	Nintendo	Gaming
D86BF7	Nintendo	Gaming
D86BFC	zte	Phone
D86C02	Huaqin Telecom	
D86C5A	HUMAX	
D86C63	Google	
D86CE9	Sagemcom Broadband SAS	Storage
D86D17	Huawei	Phone
D86DD0	InnoCare Optoelectronics	
D8714D	Texas Instruments	IoT
D87154	Samsung	Phone
D87157	Lenovo Mobile	Computer
D87475	Apple	Phone
D87495	zte	Phone
D874DF	Huawei	Phone
D874EF	Guangzhou Shiyuan	
D87533	Nokia	
D87602	Nxj	
D8760A	Escort	
D876AE	Huawei	Phone
D87766	Nurivoice	
D8778B	Intelbras	
D8787F	Ubee Interactive Co.,	
D878C9	Servercom (India)	
D878E5	Kuhn	
D878F0	Silicon Laboratories	
D87988	Hon Hai Precision Ind	
D87A3B	Silicon Laboratories	
D87CDD	Sanix Incorporated	
D87D45	Nicent	
D87D7F	Sagemcom Broadband SAS	Storage
D87E6F	Cascination	
D87E76	Itel Mobile Limited	
D87EB1	x.o.ware	
D88039	Microchip	IoT
D8803C	Anhui Huami Information	
D88083	Cloud Network	
D880DC	Huawei Device	Phone
D881CE	Ahn	
D88332	TaiXin Semiconductor	
D88466	Extreme	Switch
D8855E	zte	Phone
D885AC	Espressif	IoT
D8860B	IEEE Registration	
D887D5	Leadcore	
D88863	Huawei	Phone
D888CE	RF	
D88A3B	Unit-Em	
D88ADC	Huawei Device	Phone
D88B4C	KingTing	
D88C73	zte	Phone
D88C79	Google	
D88D5C	Elentec	
D88DC8	Atil	
D88ED4	eero	
D88F76	Apple	Phone
D890E8	Samsung	Phone
D8911D	Jiangsu Yuwell POCTech	
D8912A	Zyxel	Router
D89136	Dover Fueling Solutions	
D89341	General Electric Global	
D893D4	Xiaomi	Phone
D89403	Hewlett Packard	Computer
D89424	Mellanox	Switch
D8952F	Texas Instruments	IoT
D89563	Taiwan Digital	Media Player
D89685	GoPro	Camera
D89695	Apple	Phone
D896E0	Alibaba Cloud Computing	
D8973B	Artesyn Embedded	
D89760	C2 Development	
D8977C	Grey Innovation	
D89790	Commonwealth Scientific	
D897BA	Pegatron	
D89999	Tecno Mobile Limited	
D89A0D	zte	Phone
D89A34	Beijing SHENQI	
D89AC1	Nokia	
D89B3B	Huawei	Phone
D89C67	Hon Hai Precision Ind	
D89C8E	Comcast Cable	
D89D67	Hewlett Packard	Computer
D89DB9	eMegatech	
D89E3F	Apple	Phone
D89E61	Huawei Device	Phone
D89ED4	Fiberhome	
D89EF3	Dell	Computer
D8A011	WiZ	
D8A01D	Espressif	IoT
D8A0E6	Chongqing Yipingfang	
D8A0E8	zte	Phone
D8A105	Syslane	
D8A25E	Apple	Phone
D8A312	Taicang T&W	
D8A315	vivo Mobile	Phone
D8A35C	Samsung	Phone
D8A469	Sonova	
D8A491	Huawei Device	Phone
D8A534	Spectronix	
D8A6F0	Wu Qi	
D8A6FD	Ghost Autonomy	
D8A756	Sagemcom Broadband SAS	Storage
D8A8C8	zte	Phone
D8A98B	Texas Instruments	IoT
D8AA59	Tonly	
D8AD49	Honor Device	Phone
D8ADDD	Sonavation	
D8AE90	Itibia	
D8AED0	Shanghai Engineering	Smart Home
D8AF3B	Hangzhou Bigbright	
D8AF81	Ao	
D8AFF1	Panasonic Appliances	
D8B020	Taicang T&W	
D8B02E	Guangzhou Zonerich	
D8B04C	Jinan USR IOT	
D8B053	Xiaomi	Phone
D8B061	Shenzhen Wenxun	
D8B122	Juniper	Router
D8B12A	Panasonic Mobile	
D8B190	Cisco	Router
D8B1DE	Hewlett Packard	Computer
D8B249	Huawei Device	Phone
D8B293	Topssd	
D8B2AA	zte	Phone
D8B32F	Cloud Network	
D8B370	Ubiquiti	Router
D8B377	HTC	
D8B673	Texas Instruments	IoT
D8B6B7	Comtrend	
D8B6C1	NetworkAccountant	
D8B6D6	Blu Tether Limited	
D8B8F6	Nantworks	
D8B90E	Triple Domain Vision	
D8BB2C	Apple	Phone
D8BBC1	Micro-Star INTL	
D8BC38	Espressif	IoT
D8BC59	Shenzhen DAPU	
D8BE1F	Apple	Phone
D8BE65	Amazon	
D8BF42	Intel Corporate	Computer
D8BF4C	Victory Concept	
D8BFC0	Espressif	IoT
D8C068	Netgenetech.co	
D8C06A	Hunantv.com Interactive	
D8C0A6	AzureWave	
D8C262	Ubiquiti	Router
D8C3FB	Detracom	
D8C46A	Murata Manufacturing	Smart Home
D8C497	Quanta Computer	Server
D8C4E9	Samsung	Phone
D8C561	CommFront	
D8C678	MitraStar	
D8C691	Hichan	
D8C6F9	Tracklab	
D8C771	Huawei	Phone
D8C7C8	Hewlett Packard	Computer
D8C80C	Tuya Smart	Smart Home
D8C8E9	Phicomm (Shanghai)	
D8C960	Huawei Device	Phone
D8C99D	Ea Display Limited	
D8CA06	Titan DataCenters France	
D8CB8A	Micro-Star INTL	
D8CC98	Huawei Device	Phone
D8CD2C	Wuxi Neihua	
D8CE3A	Xiaomi	Phone
D8CF61	Sagemcom Broadband SAS	Storage
D8CF89	Beijing DoSee Science	
D8CF9C	Apple	Phone
D8CFB1	Bright Technologies	
D8CFBF	Motorola Mobility LLC,	Phone
D8D090	Dell	Computer
D8D1CB	Apple	Phone
D8D261	GD Midea	Appliance
D8D27C	Jema Energy	
D8D385	Hewlett Packard	Computer
D8D43C	Sony	
D8D45D	Orbic North America	
D8D4E6	Hytec Inter	
D8D5B9	Rainforest Automation	
D8D668	Tuya Smart	Smart Home
D8D67E	Gsk Cnc Equipment	
D8D6F3	Integrated Device	
D8D723	IDS	
D8D775	Sagemcom Broadband SAS	Storage
D8D7F3	New H3C	
D8D866	Shenzhen Tozed	
D8D8E5	Vantiva Connected Home	
D8DA52	Apator	
D8DAF1	Huawei	Phone
D8DC40	Apple	Phone
D8DCE9	Kunshan Erlab ductless	
D8DD5F	BALMUDA	
D8DDFD	Texas Instruments	IoT
D8DE3A	Apple	Phone
D8DECE	Isung	
D8DF0D	beroNet	
D8DF7A	Quest Software	
D8E004	Vodia	
D8E016	Extreme	Switch
D8E0B8	Bulat	
D8E0E1	Samsung	Phone
D8E23F	Qingdao Haier	Appliance
D8E2DF	Microsoft	Computer
D8E35E	LG Innotek	
D8E374	Xiaomi	Phone
D8E3AE	Cirtec Medical	Medical
D8E56D	TCT mobile	
D8E593	Apple	Phone
D8E72B	Netscout	
D8E72F	Chipsea Technologies	
D8E743	Wush	
D8E844	zte	Phone
D8E952	Keopsys	
D8EB46	Google	
D8EB97	TRENDnet	
D8EC5E	Belkin	
D8ECE5	Zyxel	Router
D8ED1C	Magna Technology SL	
D8EDA8	Xiaomi	Phone
D8EE42	Sichuan Tianyi Comheart	
D8EE78	Moog Protokraft	
D8EF42	Huawei Device	Phone
D8EFCD	Nokia Solutions and	
D8F0F2	Zeebo	
D8F12E	TP-Link	Router
D8F15B	Espressif	IoT
D8F1D8	Oi Electric	
D8F1F0	Pepxim International	
D8F2CA	Intel Corporate	Computer
D8F3BC	Liteon	
D8F3DB	Post CH	
D8F507	Fiberhome	
D8F710	Libre Wireless	
D8F760	EM Microelectronic	
D8F883	Intel Corporate	Computer
D8F8AF	Daontec	
D8FB11	Axacore	
D8FB58	Mellanox	Switch
D8FB5E	Askey Computer	
D8FB68	Cloud Corner	
D8FBD6	Amazon	
D8FC38	Giantec Semiconductor	
D8FC92	Tuya Smart	Smart Home
D8FC93	Intel Corporate	Computer
D8FE8F	IDFone	
D8FEE3	D-Link	Router
D8FFC3	Shenzhen 3SNIC	
DA0D38	Farpointe Data	
DA19B3	LG Uplus	
DA1C21	Sesam	
DA1E56	OSNexus	
DA28EC	HG Genuine	
DA2BDD	AT&T	
DA4162	Xperi	
DA7D2E	Delta Computers	
DA9D49	Calix	
DAA119	Google	
DAC451	Takaratomy	
DAC87D	SE Development AB	
DAE6D7	NVM Express	
DAFF6B	Team Precision Public	
DC0077	Tp-Link	Router
DC00B0	Freebox Sas	
DC0265	Meditech Kft	
DC028E	zte	Phone
DC0398	LG Innotek	
DC045A	Nanjing Qinheng	
DC052F	National Products	
DC0539	Cisco	Router
DC0575	Siemens Energy	
DC05ED	Nabtesco	
DC0675	Espressif	IoT
DC0682	Accessia	
DC07C1	HangZhou QiYang	
DC07F8	Hangzhou Hikvision	Camera
DC080F	Apple	Phone
DC0856	Alcatel-Lucent	VoIP
DC08DA	Askey Computer	
DC0914	Talk-A-Phone Co	
DC094C	Huawei	Phone
DC0A69	Espressif	IoT
DC0B09	Cisco	Router
DC0B1A	ADB Broadband Italia	
DC0B34	LG Electronics (Mobile	Phone
DC0C2D	Weifang Goertek	
DC0C5C	Apple	Phone
DC0D30	Shenzhen Feasycom	
DC0E96	Palo Alto	Router
DC0EA1	Compal Information	
DC1057	Apple	Phone
DC121D	Huawei	Phone
DC152D	China Mobile Group	
DC155C	Anntec （Beijing）	
DC15C8	AVM Audiovisuelles	Automotive
DC15DB	Ge Ruili Intelligent	
DC16A2	Medtronic Diabetes	Medical
DC16B2	Huawei	Phone
DC175A	Hitachi	
DC1792	Captivate	Automotive
DC1A01	Ecoliv Technology (	
DC1AC5	vivo Mobile	Phone
DC1B48	Texas Instruments	IoT
DC1BA1	Intel Corporate	Computer
DC1D9F	U & B	
DC1DD4	Microstep-MIS spol. s	
DC1EA3	Accensus	
DC1ED5	Espressif	IoT
DC2008	ASD	
DC2148	Intel Corporate	Computer
DC215C	Intel Corporate	Computer
DC21B9	Sentec	
DC21E2	Huawei	Phone
DC226F	HangZhou Nano IC	
DC233B	Extreme	Switch
DC2727	Huawei Device	Phone
DC2834	HAKKO	
DC2919	AltoBeam(Xiamen)Technolo	
DC293A	Shenzhen Nuoshi	
DC2A14	Shanghai Longjing	
DC2AA1	MedHab	
DC2B2A	Apple	Phone
DC2B61	Apple	Phone
DC2B66	InfoBLOCK S.A. de C.V	
DC2BCA	Zera	
DC2C26	Iton Technology Limited	
DC2C6E	Routerboard.com	
DC2D04	vivo Mobile	Phone
DC2D3C	Huawei Device	Phone
DC2DCB	Beijing Unis HengYue	
DC2DDE	Illucere	
DC2E6A	HCT	
DC2E97	Quectel Wireless	
DC2F03	Step forward	
DC2FFA	GE Lighting	
DC309C	Heyrex Limited	
DC3130	3onedata	
DC31D1	vivo Mobile	Phone
DC3262	Nanjing Qinheng	
DC330D	Qing Dao Haier Telecom	Appliance
DC330E	Qingdao Haier	Appliance
DC333D	Huawei Device	Phone
DC3350	TechSAT	
DC35F1	Positivo Tecnologia	
DC360C	Hitron	
DC3642	zte	Phone
DC3643	IEEE Registration	
DC3714	Apple	Phone
DC3752	Ge	
DC3757	Integrated Device	
DC37D2	Hunan HKT Electronic	
DC38E1	Juniper	Router
DC396F	AVM Audiovisuelles	Automotive
DC3979	Cisco	Router
DC3A5E	Roku	TV
DC3C2E	Manufacturing System	Smart Home
DC3C84	Ticom Geomatics	
DC3CF6	Atomic Rules	
DC3E51	Solberg & Andersen AS	
DC3EF8	Nokia	
DC415F	Apple	Phone
DC41A9	Intel Corporate	Computer
DC41E5	Shenzhen Zhixin Data	
DC42C8	Huawei Device	Phone
DC4427	IEEE Registration	
DC446D	Allwinner	
DC44B1	Hilti	
DC44B6	Samsung	Phone
DC4517	Commscope	
DC4546	Intel Corporate	Computer
DC45B8	Apple	Phone
DC4628	Intel Corporate	Computer
DC48B2	Baraja	
DC4965	DASAN Newtork Solutions	
DC49C9	Casco Signal	
DC4A3E	Hewlett Packard	Computer
DC4A9E	IEEE Registration	
DC4BA1	WNC	
DC4BDD	Shenzhen SuperElectron	
DC4BFE	Shenzhen Belon	
DC4D23	MRV Comunications	
DC4EDE	Shinyei	
DC4EF4	Shenzhen MTN	
DC4F22	Espressif	IoT
DC503A	Nanjing Ticom	
DC5193	zte	Phone
DC5285	Apple	Phone
DC5360	Intel Corporate	Computer
DC537C	Compal Broadband	
DC5392	Apple	Phone
DC543D	Itel Mobile Limited	
DC5475	Espressif	IoT
DC54AD	Hangzhou RunZhou Fiber	
DC54D7	Amazon	
DC5583	Guangdong Oppo Mobile	Phone
DC567B	Cloud Network	
DC56E6	Shenzhen Bococom	
DC56E7	Apple	Phone
DC5726	Power-One	
DC575C	PR Electronics A/S	
DC58BC	Thomas-Krenn.AG	
DC5D31	Itel Mobile Limited	
DC5E36	Paterson	
DC60A1	Teledyne DALSA	
DC6180	Huawei	Phone
DC621F	Huawei	Phone
DC6279	TP-Link	Router
DC6294	Guangzhou Lango	
DC6373	Obara Korea	
DC647C	C.R.S. iiMotion	
DC64B8	Shenzhen JingHanDa	
DC6555	New H3C Intelligence	
DC663A	Apacer	Computer
DC6672	Samsung	Phone
DC6723	barox Kommunikation	
DC680C	Hewlett Packard	Computer
DC6880	zte	Phone
DC68EB	Nintendo	Gaming
DC69B5	eero	
DC69CC	LG Innotek	
DC69E2	Samsung	Phone
DC6AE7	Xiaomi	Phone
DC6AEA	Infinix mobility limited	
DC6B12	worldcns	
DC6B1B	Huawei Device	Phone
DC6DBC	Apple	Phone
DC6DCD	Guangdong Oppo Mobile	Phone
DC6F00	Livescribe	
DC6F08	Bay Storage	
DC7014	Private	
DC7035	Shengzhen Gongjin	
DC7137	zte	Phone
DC7144	Samsung Electro	Phone
DC7196	Intel Corporate	Computer
DC71D0	Apple	Phone
DC71DD	AX	
DC7223	Hui Zhou Gaoshengda	
DC729B	Huawei	Phone
DC7306	Vantiva Connected Home	
DC7385	Huawei Device	Phone
DC73FC	Mellanox	Switch
DC74A8	Samsung	Phone
DC74CE	ITOCHU Techno-Solutions	
DC76C3	IEEE Registration	
DC774C	Cisco	Router
DC7794	Huawei Device	Phone
DC7834	Logicom	
DC7B94	Cisco	Router
DC7CF7	China Mobile Group	
DC7E1D	Huawei	Phone
DC7EF5	Huawei	Phone
DC7FA4	2Wire	
DC8084	Apple	Phone
DC813D	Shanghai Xiangcheng	
DC825B	JANUS, spol. s r.o	
DC82F6	iPort	
DC83BF	Seiko Epson	Printer
DC8403	shenzhen trolink	
DC84E9	Shenzhen Qihoo	
DC85DE	AzureWave	
DC868D	Huawei	Phone
DC86D8	Apple	Phone
DC87CB	Beijing Perfectek	
DC87F8	Samsung	Phone
DC88A1	Itel Mobile Limited	
DC8983	Samsung	Phone
DC8B28	Intel Corporate	Computer
DC8C1B	vivo Mobile	Phone
DC8C37	Cisco	Router
DC8D8A	Nokia Solutions and	
DC8D91	Infinix mobility limited	
DC8DB7	Atw	
DC8E6D	Huawei Device	Phone
DC8E8D	Netis	
DC8E95	Silicon Laboratories	
DC9009	Intel Corporate	Computer
DC9020	Ruru Tek Private Limited	
DC9088	Huawei	Phone
DC9166	Huawei Device	Phone
DC91BF	Amazon	
DC9272	Sagemcom Broadband SAS	Storage
DC9396	Apple	Phone
DC9566	Apple	Phone
DC962C	NST Audio	Automotive
DC973A	Verana	
DC9758	Sichuan AI-Link	
DC97BA	Intel Corporate	Computer
DC97E6	Sagemcom Broadband SAS	Storage
DC9840	Microsoft	Computer
DC9914	Huawei	Phone
DC99FE	Armatura	
DC9A7D	Hisense Visual	TV
DC9A8E	Nanjing Cocomm	
DC9B1E	Intercom	
DC9B95	Phyplus Technology	
DC9B9C	Apple	Phone
DC9BD6	TCT mobile	
DC9C52	Sapphire Technology	
DC9C99	Huawei	Phone
DC9C9F	Shenzhen YOUHUA	
DC9DED	Samsung	Phone
DC9E8F	Apple	Phone
DC9EAB	Chongqing Yipingfang	
DC9FA4	Nokia	
DC9FDB	Ubiquiti	Router
DCA0D0	Amazon	
DCA120	Nokia	
DCA266	Hon Hai Precision Ind	
DCA281	Honor Device	Phone
DCA313	Shenzhen Changjin	
DCA333	Shenzhen YOUHUA	
DCA3A2	Feng	
DCA3AC	RBcloudtech	
DCA4CA	Apple	Phone
DCA5F4	Cisco	Router
DCA632	Raspberry Pi Trading	IoT
DCA633	Commscope	
DCA6BD	Beijing Lanbo	
DCA706	Chengdu Kt Electronic	
DCA782	Huawei	Phone
DCA7D9	Compressor Controls	
DCA8CF	New Spin Golf	
DCA904	Apple	Phone
DCA956	Guangdong Oppo Mobile	Phone
DCA971	Intel Corporate	Computer
DCA989	Macandc	
DCAA43	Shenzhen Terca	
DCAC6F	Everytale	
DCAD9E	GreenPriz	
DCAE04	CELOXICA	
DCAEEB	Ruckus Wireless	Router
DCAF68	Weifang Goertek	
DCB058	Bürkert Werke	
DCB082	Nokia	
DCB131	Shenzhen Huaruian	
DCB347	Shenzhen Fast	
DCB3B4	Honeywell Environmental	Industrial
DCB43F	eero	
DCB4AC	Flextronics	Smart Home
DCB4C4	Microsoft XCG	
DCB4CA	Guangdong Oppo Mobile	Phone
DCB4D9	Espressif	IoT
DCB4E8	Byos	
DCB54F	Apple	Phone
DCB72E	Xiaomi	Phone
DCB7AC	Hewlett Packard	Computer
DCB7FC	Alps Electric (Ireland)	
DCB808	Extreme	Switch
DCB87D	Hewlett Packard	Computer
DCBB3D	Extreme	Switch
DCBB96	Full Solution Telecom	
DCBD7A	Guangzhou Shiyuan	
DCBDCC	Quectel Wireless	
DCBE04	Texas Instruments	IoT
DCBE49	Itel Mobile Limited	
DCBE7A	Zhejiang Nurotron	
DCBF90	Huizhou Qiaoxing	
DCBFE9	Motorola Mobility LLC,	Phone
DCC0DB	Shenzhen Kaiboer	
DCC0EB	Assa Abloy Côte Picarde	
DCC101	SOLiD	
DCC2C9	Canon	Camera
DCC422	Systembase Limited	
DCC49C	Samsung	Phone
DCC622	Buheung System	
DCC64B	Huawei	Phone
DCC793	Nokia	
DCC8F5	Shanghai UMEinfo	
DCCB35	EM Microelectronic	
DCCBA8	Explora	
DCCC8D	Integrated Device	
DCCCE6	Samsung	Phone
DCCD18	Nintendo	Gaming
DCCD2F	Seiko Epson	Printer
DCCD66	NXP Semiconductor	IoT
DCCD74	Japan E.M.Solutions	
DCCE41	Fe Global Hong Kong	
DCCEBC	Shenzhen JSR	
DCCEC1	Cisco	Router
DCCF94	Beijing Rongcheng Hutong	
DCCF96	Samsung	Phone
DCD0F7	Bentek	
DCD160	Tianjin Changdatong	
DCD255	Kinpo	
DCD26A	Hangzhou Hikvision	Camera
DCD2FC	Huawei	Phone
DCD2FD	Huawei	Phone
DCD321	HUMAX	
DCD3A2	Apple	Phone
DCD444	Huawei Device	Phone
DCD52A	Sunny Heart Limited	
DCD7A0	Huawei Device	Phone
DCD83B	Cisco	Router
DCD87C	Beijing Jingdong	
DCD87F	Shenzhen JoinCyber	
DCD916	Huawei	Phone
DCD9A8	Guang zhou Xradio	
DCD9AE	Nokia Shanghai Bell	
DCDA0C	Espressif	IoT
DCDA4D	Celestica	
DCDA4F	Getck	
DCDA80	New H3C	
DCDB27	Huawei Device	Phone
DCDB70	Tonfunk	
DCDC07	TRP	
DCDCC3	Extreme	Switch
DCDCE2	Samsung	Phone
DCDD24	Energica Motor Company	
DCDE4B	Shenzhen Transchan	
DCDE4F	Gionee Communication	
DCDECA	Akyllor	
DCDEE3	Texas Instruments	IoT
DCDFD6	zte	Phone
DCE026	Patrol Tag	
DCE0EB	Nanjing Aozheng	
DCE1AD	Shenzhen Wintop	
DCE2AC	Lumens Digital Optics	
DCE305	Ao	
DCE533	IEEE Registration	
DCE541	Apple	Phone
DCE55B	Google	
DCE578	Experimental Factory of	Smart Home
DCE5D8	zte	Phone
DCE650	Extreme	Switch
DCE71C	AUG Elektronik	
DCE838	CK Telecom (Shenzhen)	
DCE994	Cloud Network	
DCEAE7	D-Link	Router
DCEB4D	Motorola (Wuhan)	Phone
DCEB53	Wuhan QianXiao Elecronic	
DCEB5D	Shandong Sinochip	
DCEB69	Vantiva USA	
DCEB94	Cisco	Router
DCEC06	Heimi	
DCEC4F	Guangzhou Shiyuan	
DCECE3	Horys	
DCED83	Beijing Xiaomi Mobile	Phone
DCED84	Haverford	
DCEE06	Huawei	Phone
DCEE14	ADT	
DCEF09	Netgear	Router
DCEF80	Huawei	Phone
DCEFCA	Murata Manufacturing	Smart Home
DCF05D	Letta Teknoloji	
DCF090	Nubia	
DCF110	Nokia	
DCF144	Ocean Solution	
DCF31C	Texas Instruments	IoT
DCF34C	Pt Han Sung	
DCF401	Dell	Computer
DCF4CA	Apple	Phone
DCF505	AzureWave	
DCF51B	Arcadyan	
DCF56E	Wellysis	
DCF719	Cisco	Router
DCF755	Sitronik	
DCF756	Samsung	Phone
DCF858	Lorent	
DCF8B9	zte	Phone
DCFAD5	STRONG Ges.m.b.H	
DCFB02	Buffalo.Inc	Storage
DCFB48	Intel Corporate	Computer
DCFBB8	Meizhou Guo Wei	
DCFE07	Pegatron	
DCFE18	Tp-Link	Router
DCFE23	Murata Manufacturing	Smart Home
DEADCA	PearPC virtual NIC	
E00084	Huawei	Phone
E001A6	Edgecore	
E001C7	Hui Zhou Gaoshengda	
E002A5	ABB Robotics	Industrial
E0036B	Samsung	Phone
E00370	ShenZhen Continental	
E0051C	GigaDevice Semiconductor	
E005C5	Tp-Link	Router
E00630	Huawei	Phone
E006E6	Hon Hai Precision Ind	
E0071B	Hewlett Packard	Computer
E007C2	Fujian Star-Net	
E00855	AVM Audiovisuelles	Automotive
E00871	Dongguan Liesheng	
E009BF	SHENZHEN TONG BO WEI	
E00AF6	Liteon	
E00B28	Inovonics	
E00C7F	Nintendo	Gaming
E00CE5	Huawei	Phone
E00DB9	Cree	
E00DEE	Huawei Device	Phone
E00ECE	Fiberhome	
E00EDA	Cisco	Router
E00EE1	We	
E00EE4	DWnet	
E0107F	Ruckus Wireless	Router
E01283	Shenzhen Fanzhuo	
E01333	General Motors	Automotive
E013B5	vivo Mobile	Phone
E0143E	Modoosis	
E016B1	Advanced Design	
E01877	Fujitsu Limited	
E0189F	EM Microelectronic	
E0191D	Huawei	Phone
E01954	zte	Phone
E01995	Nutanix	
E019D8	Bh	
E01ADF	Google	
E01AEA	Allied Telesis	Switch
E01C41	Extreme	Switch
E01CA7	Arista	Switch
E01CEE	Bravo	
E01CFC	D-Link	Router
E01D38	Beijing HuaqinWorld	
E01D3B	Cambridge	
E01E07	Anite Telecoms US	
E01F0A	Xslent Energy	
E01F2B	Nokia Solutions and	
E01F34	HMD Global Oy	
E01F6A	Huawei Device	Phone
E01F88	Xiaomi	Phone
E01FED	Nokia Shanghai Bell	
E01FFC	Motorola (Wuhan)	Phone
E021FE	Richer Link	
E02202	Commscope	
E022A1	AltoBeam	
E0233B	IEEE Registration	
E023D7	Sleep Number	
E023FF	Fortinet	Router
E0247F	Huawei	Phone
E02481	Huawei	Phone
E02538	Titan Pet Products	
E02611	Apple	Phone
E02630	Intrigue	
E02636	Nortel	
E0271A	TTC Next-generation	
E0276C	Guangzhou Shiyuan	
E0280A	TP-Link	Router
E02861	Huawei	Phone
E0286D	AVM Audiovisuelles	Automotive
E028B1	Shenzhen Skyworth	
E02967	HMD Global Oy	
E02A25	Shenzhen Intellirocks	
E02A66	Cisco	Router
E02A82	Universal Global	
E02AE6	Fiberhome	
E02B96	Apple	Phone
E02BE9	Intel Corporate	Computer
E02CB2	Lenovo Mobile	Computer
E02CF3	MRS Electronic	
E02DF0	Alpsalpine Co,.Ltd	
E02E0B	Intel Corporate	Computer
E02E3F	Huawei Device	Phone
E02EFE	Zhejiang Dahua	Camera
E02F6D	Cisco	Router
E03005	Alcatel-Lucent Shanghai	VoIP
E030F9	Juniper	Router
E0315D	EM Microelectronic	
E0319E	Valve	Gaming
E031D0	SZ Telstar	Phone
E0338E	Apple	Phone
E034E4	Feit Electric	
E03560	Challenger Supply	
E03676	Huawei	Phone
E036E3	Stage One	
E03717	Vantiva USA	
E037BF	WNC	
E0382D	IEEE Registration	
E0383F	zte	Phone
E039D7	Plexxi	Media Player
E03AAA	Intel Corporate	Computer
E03C1C	IEEE Registration	
E03C5B	Shenzhen Jiaxinjie	
E03DA6	Taicang T&W	
E03E44	Broadcom	
E03E4A	Cavanagh	
E03E7D	data-complex	Media Player
E03ECB	Qingdao	
E03F49	ASUSTek COMPUTER	Computer
E04007	Huawei Device	Phone
E04027	Huawei Device	Phone
E04102	zte	Phone
E04136	MitraStar	
E0426D	Guangdong Oppo Mobile	Phone
E043DB	Shenzhen ViewAt	
E0456D	China Mobile Group	
E0469A	Netgear	Router
E046E5	Gosuncn	
E046EE	Netgear	Router
E04735	Ericsson AB	
E04824	Garmin	Wearable
E048AF	Premietech Limited	
E048D3	Mobiwire Mobiles	
E048D8	Guangzhi Wulian	
E04934	Calix	
E049ED	Audeze	
E04B41	Hangzhou Beilian Low	
E04B45	Hi-P	
E04BA6	Huawei	Phone
E04C05	EverCharge	
E04C12	Realme Chongqing Mobile	Phone
E04E5D	Huawei	Phone
E04E7A	Nanjing Qinheng	
E04F43	Universal Global	
E04F95	Sagemcom Broadband SAS	Storage
E04FBD	Sichuan Tianyi Comheart	
E0508B	Zhejiang Dahua	Camera
E05124	NXP Semiconductors	IoT
E05163	Arcadyan	
E051D8	China Dragon Technology	
E0553D	Cisco Meraki	Router
E05597	Emergent Vision	
E05689	Lootom Telcovideo	
E05694	Yunhight	
E056F4	AxesNetwork Solutions	
E0589E	Laerdal Medical	Medical
E05A1B	Espressif	IoT
E05A9F	IEEE Registration	
E05B70	Innovid	
E05D54	Ruijie	
E05D5C	Oy Everon Ab	
E05DA6	Detlef Fink Elektronik	
E05F45	Apple	Phone
E05FB9	Cisco	Router
E0604A	Fiberhome	
E06066	Sercomm	
E06089	Cloudleaf	
E061B2	Hangzhou Zenointel	
E06234	Texas Instruments	IoT
E06267	Xiaomi	Phone
E06290	Jinan Jovision Science &	
E063DA	Ubiquiti	Router
E063E5	Sony	
E064BB	DigiView S.r.l	
E06678	Apple	Phone
E06781	Dongguan Liesheng	
E067B3	Shenzhen C-Data	
E0686D	Raybased AB	
E068EE	Phyplus	
E0693A	Innophase	
E06995	Pegatron	
E069BA	Cisco	Router
E06A05	Shenzhen YOUHUA	
E06A1B	Shenzhen Zidoo	
E06C4E	Shenzhen TINNO Mobile	
E06CA6	Creotech Quantum	
E06CC5	Huawei Device	Phone
E06CF6	ESSENCORE limited	
E06D17	Apple	Phone
E06D18	Pioneercorporation	
E070EA	HP	Computer
E0720A	Shenzhen SuperElectron	
E07256	Intel Corporate	Computer
E07291	Silicon Laboratories	
E072A1	Espressif	IoT
E0735F	Nucom	
E073E7	HP	Computer
E0750A	Alpsalpine Co,.Ltd	
E07526	China Dragon Technology	
E0757D	Motorola Mobility LLC,	Phone
E075AA	Beijing Jingling	
E076D0	AMPAK	
E07726	Huawei Device	Phone
E078A3	Shanghai Winner	
E0795E	Wuxi Xiaohu	
E0798D	Silicon Laboratories	
E079C4	iRay Technology Company	
E07C13	zte	Phone
E07C62	Whistle	
E07DEA	Texas Instruments	IoT
E07E5F	Renesas Electronics	
E07F53	Techboard	
E07F88	EVIDENCE Network SIA	
E0806B	Xiaomi	Phone
E08177	GreenBytes	
E0830D	Notta	
E084F3	High Grade Controls	
E0854D	LG Innotek	
E0859A	Shenzhen Rf-Link	
E08614	Inseego Wireless	
E087B1	Nata-Info	
E0885D	Vantiva USA	
E0897E	Apple	Phone
E0899D	Cisco	Router
E08A7E	Exponent	
E08C3C	Cisco	Router
E08CFE	Espressif	IoT
E08E3C	Aztech	Phone
E08F4C	Intel Corporate	Computer
E08FEC	Repotec	
E0913C	Kyeungin CNS	
E09153	XAVi	
E091F5	Netgear	Router
E0925C	Apple	Phone
E0928F	Texas Instruments	IoT
E092A7	Feitian	
E09467	Intel Corporate	Computer
E09559	Arcadyan	
E09579	ORTHOsoft inc, d/b/a	
E095FF	Infinix mobility limited	
E096E8	Fiberhome	
E09796	Huawei	Phone
E097F2	Atomax	
E09806	Espressif	IoT
E09861	Motorola Mobility LLC,	Phone
E09971	Samsung	Phone
E09B27	Ciena	
E09C8D	Seakeeper	
E09CE5	Shanghai Tricheer	
E09D13	Samsung	Phone
E09D1E	zte	Phone
E09D31	Intel Corporate	Computer
E09D73	Mellanox	Switch
E09DB8	Planex	
E09DFA	Wanan Hongsheng	
E09EC1	Silicon Innovation	
E09F2A	Iton	
E0A129	Extreme	Switch
E0A198	NOJA Power Switchgear	Switch
E0A1CE	zte	Phone
E0A1D7	Sfr	
E0A258	Wanbang Digital Energy	
E0A25A	Shanghai Mo xiang	
E0A30F	Pevco	
E0A366	Motorola Mobility LLC,	Phone
E0A3AC	Huawei	Phone
E0A447	zte	Phone
E0A498	Shenzhen Orfa	
E0A509	Bitmain	
E0A670	Nokia	
E0A700	Verkada	
E0A8B8	Le Shi Zhi Xin	
E0AA96	Samsung	Phone
E0AAB0	Suntaili Enterprise	
E0AADB	Nanjing PANENG	
E0ABFE	Orb	
E0ACCB	Apple	Phone
E0ACF1	Cisco	Router
E0AD9B	Huawei	Phone
E0AE5E	Alpsalpine Co,.Ltd	
E0AEA2	Huawei	Phone
E0AEB2	Bender GmbH & Co.KG	
E0AEED	Loenk	
E0AF4B	Pluribus	
E0AF4F	Deutsche Telekom	
E0B260	Teno Network	
E0B2F1	Fn-Link Technology	
E0B52D	Apple	Phone
E0B55F	Apple	Phone
E0B613	Arista	Switch
E0B655	Beijing Xiaomi	Phone
E0B668	zte	Phone
E0B6F5	IEEE Registration	
E0B70A	Commscope	
E0B72E	ShenZhen Qualmesh	
E0B763	Bosch Automotive	Automotive
E0B7B1	Commscope	
E0B94D	Shenzhen Bilian	
E0B98A	Shenzhen Taike	
E0B9A5	AzureWave	
E0B9BA	Apple	Phone
E0B9E5	Vantiva Technologies	
E0BA78	Apple	Phone
E0BAAD	Hangzhou Hikvision	Camera
E0BAB4	Arrcus	
E0BB0C	Synertau	
E0BB9E	Seiko Epson	Printer
E0BC43	C2 Microsystems	
E0BDA0	Apple	Phone
E0BE03	Lite-On Network	
E0BFB2	Apple	Phone
E0C0D1	CK Telecom (Shenzhen)	
E0C250	Netgear	Router
E0C264	Intel Corporate	Computer
E0C286	Aisai Communication	
E0C29E	zte	Phone
E0C2B7	Masimo	Medical
E0C377	Samsung	Phone
E0C3EA	Apple	Phone
E0C3F3	zte	Phone
E0C58F	China Mobile IOT	
E0C63C	Sichuan Tianyi Comheart	
E0C6B3	MilDef AB	
E0C767	Apple	Phone
E0C79D	Texas Instruments	IoT
E0C86A	SHENZHEN TW-SCIE	
E0C922	Jireh Energy	
E0C932	Intel Corporate	Computer
E0C97A	Apple	Phone
E0CA3C	Hangzhou Hikvision	Camera
E0CA4D	Shenzhen Unistar	
E0CA94	Askey Computer	
E0CB19	Nokia	
E0CB1D	Amazon	
E0CB4E	ASUSTek COMPUTER	Computer
E0CB56	Shenzhen iComm	
E0CBBC	Cisco Meraki	Router
E0CBEE	Samsung	Phone
E0CC7A	Huawei	Phone
E0CCF8	Xiaomi	Phone
E0CDB8	Huawei Device	Phone
E0CDFD	Beijing E3Control	
E0CEC3	Askey Computer	
E0CF2D	Gemintek	
E0D045	Intel Corporate	Computer
E0D083	Samsung	Phone
E0D10A	Katoudenkikougyousyo	
E0D173	Cisco	Router
E0D1E6	Aliph dba Jawbone	
E0D239	Technolid	
E0D31A	EQUES Technology Co.,	
E0D362	TP-Link	Router
E0D38E	Chipsea Technologies	
E0D3B4	Cisco Meraki	Router
E0D3F0	AltoBeam	
E0D462	Huawei Device	Phone
E0D464	Intel Corporate	Computer
E0D491	Cisco	Router
E0D4E8	Intel Corporate	Computer
E0D55D	Intel Corporate	Computer
E0D55E	Giga-Byte	Computer
E0D738	WireStar	
E0D7BA	Texas Instruments	IoT
E0D848	Dell	Computer
E0D8C4	Qingdao	
E0D9A2	Hippih aps	
E0D9E3	Eltex Enterprise	
E0DA90	Huawei	Phone
E0DAD7	zte	Phone
E0DADC	JVC KENWOOD	
E0DB10	Samsung	Phone
E0DB55	Dell	Computer
E0DB88	Open Standard	
E0DBD1	Vantiva USA	
E0DCA0	Siemens Industrial	
E0DCFF	Xiaomi	Phone
E0DDC0	vivo Mobile	Phone
E0DEF2	Texas Instruments	IoT
E0DF13	Hangzhou Hikvision	Camera
E0DFB7	Zeica	
E0E0C2	China Mobile Group	
E0E0FC	Huawei Device	Phone
E0E1A9	Shenzhen Four Seas	
E0E258	Intel Corporate	Computer
E0E2D1	Beijing Netswift	
E0E2E6	Espressif	IoT
E0E37C	Huawei Device	Phone
E0E5CF	Texas Instruments	IoT
E0E62E	TCT mobile	
E0E631	Snb Technologies Limited	
E0E656	Nethesis	
E0E6E3	TeamF1 Networks Pvt	
E0E751	Nintendo	Gaming
E0E7BB	Nureva	
E0E805	Sernet (Suzhou)	
E0E8BB	Unicom Vsens	
E0E8E6	Shenzhen C-Data	
E0E8E8	Olive Telecommunication	
E0EB40	Apple	Phone
E0EB62	Shanghai Hulu Devices	
E0ED1A	vastriver	
E0EDC7	Shenzhen Friendcom	
E0EE1B	Panasonic Automotive	
E0EF02	Chengdu Quanjing	
E0EF25	Lintes	
E0EFBF	Nintendo	Gaming
E0F211	Digitalwatt	
E0F318	Sichuan Tianyi Comheart	
E0F325	Elkor	
E0F330	Huawei	Phone
E0F379	Vaddio	
E0F442	Huawei Device	Phone
E0F5C6	Apple	Phone
E0F5CA	Cheng Uei Precision	
E0F62D	Juniper	Router
E0F678	Fiberhome	
E0F6B5	Nintendo	Gaming
E0F728	Amazon	
E0F847	Apple	Phone
E0F9BE	Cloudena	
E0FA5B	Arista	Switch
E0FAEC	Platan sp. z o.o. sp. k	
E0FFF1	Texas Instruments	IoT
E0FFF7	Softiron	
E40177	SafeOwl	
E40274	FW Murphy Production	
E4029B	Intel Corporate	Computer
E40439	TomTom Software	
E405F8	Bytedance	
E406BF	Silicon Laboratories	
E406E0	Huawei	Phone
E4072B	Huawei Device	Phone
E408E7	Quectel Wireless	
E40A16	Huawei	Phone
E40A75	Silicon Laboratories	
E40CFD	Guangdong Oppo Mobile	Phone
E40D36	Intel Corporate	Computer
E40D3B	Ericsson AB	
E40EEE	Huawei	Phone
E41088	Samsung	Phone
E4115B	Hewlett Packard	Computer
E41218	ShenZhen Rapoo	
E4121D	Samsung	Phone
E41226	AUMOVIO Technologies	
E41289	topsystem	
E4135C	Cisco	Router
E415F6	Texas Instruments	IoT
E41613	Extreme	Switch
E417D8	8Bitdo Technology Hk	
E4186B	Zyxel	Router
E4197F	eero	
E419C1	Huawei	Phone
E41A1D	Novea Energies	
E41A2C	ZPE	
E41B43	Beijing Xiaomi Mobile	Phone
E41C4B	V2	
E41D2D	Mellanox	Switch
E41E0A	IEEE Registration	
E41E33	AUMOVIO Germany	
E41F13	IBM	
E41F7B	Cisco	Router
E41FD5	Intel Corporate	Computer
E41FE9	Dunkermotoren	
E42150	Shanghai Chint low	
E422A5	Plantronics	
E4233C	Juniper	Router
E42354	Shenzhen Fuzhi Software	
E4246C	Zhejiang Dahua	Camera
E425E7	Apple	Phone
E425E9	Color-Chip	
E42686	DWnet	
E4268B	Huawei Device	Phone
E426D5	Motorola Mobility LLC,	Phone
E42761	Honor Device	Phone
E42771	Smartlabs	
E42805	Pivotal Optics	
E428A4	Prama India Private	
E4293D	Shenzhen Sy-Fiber	
E42AAC	Microsoft	Computer
E42AD3	Magneti Marelli S.p.A.	
E42B34	Apple	Phone
E42B79	Nokia	
E42C56	Lilee	
E42D02	TCT mobile	
E42D7B	China Mobile IOT	
E42F26	Fiberhome	
E42F37	Apple	Phone
E42F56	OptoMET	
E42FF6	Unicore communication	
E43022	Hanwha Vision VietNam	Camera
E432CB	Samsung	Phone
E433AE	Guangdong Oppo Mobile	Phone
E43493	Huawei	Phone
E43593	Hangzhou GoTo	
E435C8	Huawei	Phone
E435FB	Sabre Technology (Hull)	
E4379F	Cisco	Router
E437D7	Henri Depaepe S.A.S	
E43819	Shenzhen Hi-Link	
E4387E	Cisco	Router
E43883	Ubiquiti	Router
E4388C	Digital Products Limited	
E438F2	Advantage Controls	
E43A65	MofiNetwork	
E43A6E	Shenzhen Zeroone	
E43BC9	Hisense Visual	TV
E43C80	University of Oklahoma	
E43D1A	Broadcom Limited	
E43EC6	Huawei	Phone
E43ED7	Arcadyan	
E43FA2	Wuxi DSP	
E44097	Guangdong Oppo Mobile	Phone
E440E2	Samsung	Phone
E44122	OnePlus Technology	Phone
E44164	Nokia	
E441D4	vivo Mobile	Phone
E441E6	Ottec	
E442A6	Intel Corporate	Computer
E4434B	Dell	Computer
E44389	Apple	Phone
E443CF	TP-Link	Router
E444E5	Extreme	Switch
E44519	Beijing Xiaomi	Phone
E446B0	Fujitsu Client	
E446BD	C&C Technic Taiwan	
E446DA	Xiaomi	Phone
E44790	Guangdong Oppo Mobile	Phone
E44791	Iris ID	
E447B3	zte	Phone
E448C7	Cisco SPVTG	Router
E44AE0	Intel Corporate	Computer
E44C6C	Shenzhen Guo Wei	
E44CC7	IEEE Registration	
E44E12	zte	Phone
E44E18	Gardasoft VisionLimited	
E44E2D	Cisco	Router
E44E76	Championtech Enterprise	
E44F29	MA Lighting	
E44F5F	EDS Elektronik Destek	
E4509A	HW	
E450EB	Apple	Phone
E451A9	Nanjing Xinlian	
E4521E	Texas Instruments	IoT
E45341	Apple	Phone
E454E5	Huawei Device	Phone
E454E8	Dell	Computer
E455A8	Cisco Meraki	Router
E455EA	Dedicated Computing	
E45614	Suttle Apparatus	
E456AC	Silicon Laboratories	
E456CA	Fractal BMS	
E45740	Commscope	
E45768	vivo Mobile	Phone
E457A8	Stuart Manufacturing	Smart Home
E458B8	Samsung	Phone
E458BC	Bose	Audio
E458E7	Samsung	Phone
E45AA2	vivo Mobile	Phone
E45AD4	Eltex Enterprise	
E45BB3	zte	Phone
E45D37	Juniper	Router
E45D39	Texas Instruments	IoT
E45D51	Sfr	
E45D52	Avaya	VoIP
E45D75	Samsung	Phone
E45E1B	Google	
E45E37	Intel Corporate	Computer
E45ECC	Juniper	Router
E45F01	Raspberry Pi Trading	IoT
E46017	Intel Corporate	Computer
E4604D	zte	Phone
E46059	Pingtek	
E461F4	shenzhen worldelite	
E46251	Hao Cheng Group Limited	
E462C4	Cisco	Router
E463FE	Fujian Star-Net	
E46447	EM Microelectronic	
E46449	Commscope	
E46564	Shenzhen Ktc	
E46566	Maple IoT Solutions	
E465B8	Espressif	IoT
E466AB	zte	Phone
E466E5	Nanjing Qinheng	
E4671E	SHEN ZHEN NUO XIN CHENG	
E467A6	BSH Hausgeräte	
E467BA	Danish Interpretation	
E467DD	Ela Innovation	
E468A3	Huawei	Phone
E4695A	Dictum Health	
E46A35	Realme Chongqing Mobile	Phone
E46C21	messMa	
E46CD1	Calix	
E46D7F	Ciena	
E46DAB	Mellanox	Switch
E46E8A	BYD Lithium Battery	
E46F13	D-Link	Router
E47010	Apple	Phone
E470B8	Intel Corporate	Computer
E47185	Securifi	
E4729D	Nokia Shanghai Bell	
E472E2	Huawei	Phone
E47305	Shenzhen INVT Electric	
E47319	Huawei Device	Phone
E47450	Shenzhen Grandsun	
E4751E	Getinge Sterilization AB	
E475DC	Arcadyan	
E47684	Apple	Phone
E47723	zte	Phone
E47727	Huawei	Phone
E4776B	Aartesys	
E477D4	Minrray Industry	
E47876	Arista	Switch
E4793F	Juniper	Router
E47A2C	Sz Dji	
E47B3F	Beijing Co-Cloud	
E47C1A	mercury corperation	
E47C65	Sunstar Communication	
E47CF9	Samsung	Phone
E47D5A	Beijing Hanbang	
E47DBD	Samsung	Phone
E47DEB	Shanghai Notion	
E47E66	Huawei	Phone
E47E9A	zte	Phone
E47F3C	zte	Phone
E47FB2	Fujitsu Limited	
E48184	Nokia	
E481B3	Shenzhen ACT Industrial	
E48210	Huawei	Phone
E482CC	Jumptronic	
E482FF	Ecliptic Enterprises	
E48326	Huawei	Phone
E48399	Commscope	
E48429	New H3C	
E4842B	Hangzhou Softel Optic	
E484D3	Xiaomi	Phone
E48501	Geberit	
E485FB	Quectel Wireless	
E489CA	Cisco	Router
E48A93	Hisense Visual	TV
E48AD5	Rf Window	
E48B7F	Apple	Phone
E48C0F	Discovery Insure	
E48C73	Realme Chongqing Mobile	Phone
E48D8C	Routerboard.com	
E48E10	Cig Shanghai	
E48EBB	Rockwell Automation	Industrial
E48EC5	Huawei	Phone
E48F09	ithinx	
E48F1D	Huawei Device	Phone
E48F34	Vodafone Italia S.p.A	
E48F65	Yelatma Instrument	
E48FB7	Arista	Switch
E4902A	Huawei	Phone
E49069	Rockwell Automation	Industrial
E4907E	Motorola Mobility LLC,	Phone
E490FD	Apple	Phone
E4922A	Dbg Holdings Limited	
E49282	Samsung	Phone
E492E7	Gridlink	Router
E492FB	Samsung	Phone
E4936A	Guangdong Oppo Mobile	Phone
E4956E	IEEE Registration	
E49652	vivo Mobile	Phone
E496AE	ALTOGRAPHICS	
E497F0	Shanghai VLC	
E498BB	Phyplus	
E498D1	Microsoft Mobile Oy	
E498D6	Apple	Phone
E498E0	Tonly	
E4995F	Huawei	Phone
E49A79	Apple	Phone
E49ADC	Apple	Phone
E49C67	Apple	Phone
E49D73	Edgecore	
E49E12	Freebox Sas	
E49F1E	Commscope	
E49F7D	Samsung	Phone
E4A1E6	Alcatel-Lucent Shanghai	VoIP
E4A32F	Shanghai Artimen	
E4A387	Control Solutions	
E4A41C	Cisco	Router
E4A430	Samsung	Phone
E4A471	Intel Corporate	Computer
E4A5EF	Tron Link	
E4A634	Universal	
E4A749	Palo Alto	Router
E4A7A0	Intel Corporate	Computer
E4A7C5	Huawei	Phone
E4A7D0	Huawei	Phone
E4A7FD	Cellco Partnership	
E4A8B6	Huawei	Phone
E4A8DF	Compal Information	
E4AA5D	Cisco	Router
E4AAE4	Xiaomi	Phone
E4AAEA	Liteon	
E4AAEC	Tianjin Hualai	
E4AB46	UAB Selteka	
E4AB89	MitraStar	
E4AD7D	SCL Elements	
E4AEE4	Tuya Smart	Smart Home
E4AFA1	Hes-So	
E4B005	Beijing IQIYI Science &	
E4B021	Samsung	Phone
E4B063	Espressif	IoT
E4B107	Huawei Device	Phone
E4B16C	Apple	Phone
E4B224	Huawei	Phone
E4B2FB	Apple	Phone
E4B318	Intel Corporate	Computer
E4B323	Espressif	IoT
E4B503	Realme Chongqing Mobile	Phone
E4B555	Huawei Device	Phone
E4B633	Wuxi Stars Microsystem	
E4B731	Hangzhou Advance IOT	
E4B97A	Dell	Computer
E4BAD9	360 Fly	
E4BC96	Versuni	
E4BCAA	Xiaomi	Phone
E4BD4B	zte	Phone
E4BD96	Chengdu Hurray Data	
E4BEED	Netis	
E4BEFB	Huawei	Phone
E4BFFA	Vantiva USA	
E4C0CC	China Mobile Group	
E4C0E2	Sagemcom Broadband SAS	Storage
E4C0FE	Apple	Phone
E4C146	Objetivos y Servicios	
E4C1F1	SHENZHEN SPOTMAU	
E4C2D1	Huawei	Phone
E4C32A	Tp-Link	Router
E4C483	Guangdong Oppo Mobile	Phone
E4C62B	Airware	
E4C63D	Apple	Phone
E4C6E6	Mophie	
E4C722	Cisco	Router
E4C767	Intel Corporate	Computer
E4C770	Raisecom	
E4C801	BLU Products	
E4C806	Ceiec Electric	
E4C90B	Radwin	
E4CA12	zte	Phone
E4CA5F	Murata Manufacturing	Smart Home
E4CB59	Beijing Loveair Science	
E4CC9D	Integrated Device	
E4CDA7	zte	Phone
E4CE02	WyreStorm	
E4CE58	Anhui Realloong	
E4CE70	Health & Life	
E4CE8F	Apple	Phone
E4D124	Mojo	Access Point
E4D332	Tp-Link	Router
E4D373	Huawei	Phone
E4D3AA	Fcnt	
E4D3F1	Cisco	Router
E4D436	Nokia Solutions and	
E4D53D	Hon Hai Precision Ind	
E4D58B	Hangzhou Hikvision	Camera
E4D71D	Oraya Therapeutics	
E4DADF	Taicang T&W	
E4DB6D	Beijing Xiaomi	Phone
E4DBAE	Extreme	Switch
E4DC43	Huawei Device	Phone
E4DC5F	Cofractal	
E4DCCC	Huawei	Phone
E4DD79	En-Vision America	
E4DE40	Hewlett Packard	Computer
E4E0A6	Apple	Phone
E4E0C5	Samsung	Phone
E4E112	Texas Instruments	IoT
E4E130	TCT mobile	
E4E26C	Guangdong Oppo Mobile	Phone
E4E33D	Qingdao	
E4E409	Leifheit	
E4E4AB	Apple	Phone
E4E608	Kiwibit	
E4E66C	Tiandy	
E4E749	Hewlett Packard	Computer
E4EA83	Shenzhen Gongjin	
E4EC10	Nokia	
E4ECE8	Samsung	Phone
E4EEFD	MR&D Manufacturing	Smart Home
E4F004	Dell	Computer
E4F042	Google	
E4F14C	Private	
E4F1D4	vivo Mobile	Phone
E4F27C	Juniper	Router
E4F327	Atol	
E4F365	Time-O-Matic	
E4F3C4	Samsung	Phone
E4F3E3	Shanghai iComhome	
E4F3E8	Shenzhen SuperElectron	
E4F3F5	Shenzhen Mercury	
E4F4C6	Netgear	Router
E4F58E	Schneider Electric USA	Industrial
E4F75B	Commscope	
E4F7A1	Datafox	
E4F89C	Intel Corporate	Computer
E4F8BE	Tecno Mobile Limited	
E4F8EF	Samsung	Phone
E4F939	Minxon Hotel	
E4FA1D	PAD Peripheral Advanced	
E4FA5B	Texas Instruments	IoT
E4FAC4	TP-Link	Router
E4FADE	Microsoft	Computer
E4FAE4	Shenzhen SDMC	
E4FAED	Samsung	Phone
E4FAFD	Intel Corporate	Computer
E4FB1E	Microsoft	Computer
E4FB5D	Huawei	Phone
E4FB8F	Mobiwire Mobiles	
E4FC82	Juniper	Router
E4FD45	Intel Corporate	Computer
E4FD8C	Extreme	Switch
E4FDA1	Huawei	Phone
E4FE43	Beijing Xiaomi Mobile	Phone
E4FED9	EDMI Europe	
E4FEE4	Ciena	
E4FF69	Holiday Robotics	
E4FFDD	Electron India	
E80036	Befs co	
E80115	COOCAA Network	
E8018D	Fiberhome	
E8039A	Samsung	Phone
E8040B	Apple	Phone
E80410	Private	
E80462	Cisco	Router
E804F3	Throughtek	
E8056D	Nortel	
E805DC	Verifone	
E80688	Apple	Phone
E80690	Espressif	IoT
E806EB	ShieldSOS	
E80734	Champion Optical	Smart Home
E807BF	Shenzhen Boomtech	
E8088B	Huawei	Phone
E808AF	zte	Phone
E80945	Integrated Device	
E80959	Guoguang Electric	
E80AB9	Cisco	Router
E80AEC	Jiangsu Hengtong	
E80B13	Akib Systems Taiwan	
E80C38	Daeyoung Information	
E80C75	Syncbak	
E80FC8	Universal	
E8102E	Really Simple Software	
E81098	Hewlett Packard	Computer
E81132	Samsung	Phone
E811CA	Shandong Kaer	
E8122D	Unionman	
E81324	GuangZhou Bonsoninfo	
E81363	Comstock RD	
E81367	AIRSOUND	
E8136E	Huawei	Phone
E81499	Yoqu	
E8150E	Nokia	
E815FE	New H3C	
E8162B	IDEO Security	
E81656	Hangzhou BroadLink	Router
E81711	Shenzhen Vipstech	
E817FC	Fujitsu Limited	
E81863	IEEE Registration	
E81A58	Technologic	
E81AAC	ORFEO SOUNDWORKS	
E81B4B	amnimo	
E81B69	Sercomm	
E81CA5	Hewlett Packard	Computer
E81CBA	Fortinet	Router
E81CD8	Apple	Phone
E81DA8	Ruckus Wireless	Router
E81DEE	i-TEK RFID	
E81E92	Huawei Device	Phone
E820E2	HUMAX	
E82281	GD Midea	Appliance
E822B8	Shenzhen Skyworth	
E823FB	Redder	
E82404	Quectel Wireless	
E824A6	Juniper	Router
E82587	Shenzhen Chilink IoT	
E82689	Hewlett Packard	Computer
E8268D	Shenzhen SuperElectron	
E826B6	Companies House to	
E826CF	Shenzhen Jingxun	
E82725	Axis Communications AB	Camera
E82877	TMY	
E8288D	Huawei Device	Phone
E828C1	Eltex Enterprise	
E828D5	Cots	
E82A44	Liteon	
E82AEA	Intel Corporate	Computer
E82BC5	Huawei Device	Phone
E82C6D	SmartRG	
E82D79	AltoBeam	
E82E0C	NETINT	
E82E24	Out of the Fog Research	
E831CD	Espressif	IoT
E8330D	Xaptec	
E83381	Commscope	
E8343E	Beijing Infosec	
E83617	Apple	Phone
E8361D	Sense	
E8377A	Zyxel	Router
E838A0	Vizio	TV
E83935	Hewlett Packard	Computer
E839DF	Askey Computer	
E83A12	Samsung	Phone
E83A4B	China Mobile Group	
E83A97	Toshiba	
E83DC1	Espressif	IoT
E83EB6	Rim	
E83EFB	Geodesic	
E83EFC	Commscope	
E83F67	Huawei Device	Phone
E84040	Cisco	Router
E84074	Barrot	
E840F2	Pegatron	
E84368	zte	Phone
E843B6	QNAP	Storage
E8447E	Bitdefender	
E8458B	MitraStar	
E845EB	Kohler Ventures	
E84727	Quectel Wireless	
E8473A	Hon Hai Precision	
E847F3	upscale ai	
E8481F	Advanced Automotive	
E848B8	TP-Link	Router
E84943	YUGE Information	
E84A54	Beijing Xiaomi Mobile	Phone
E84A78	Apple	Phone
E84C4A	Amazon	
E84C56	Intercept Services	
E84D74	Huawei	Phone
E84DD0	Huawei	Phone
E84DEC	Xerox	Printer
E84E06	Edup International (Hk)	
E84E84	Samsung	Phone
E84EBA	Google	
E84ECE	Nintendo	Gaming
E84F25	Murata Manufacturing	Smart Home
E84F4B	Shenzhen Delos	
E84FA7	Huawei Device	Phone
E8508B	Samsung	Phone
E8516E	TSMART	
E85177	Qingdao	
E8519D	Yeonhab Precision	
E8519E	Guangzhou Shiyuan	
E85484	NEO Information	
E85497	Samsung	Phone
E85540	Wuxi Funide Digital	
E855B4	SAI	
E85659	Advanced-Connectek	
E856D6	NCTech	
E85A8B	Xiaomi	Phone
E85AA7	LLC Emzior	
E85AD1	Fiberhome	
E85B5B	Lg	Phone
E85BB7	Ample	
E85BF0	Imaging Diagnostics	
E85C0A	Cisco	Router
E85C5F	FN-LINK	
E85D6B	Luminate Wireless	
E85D86	Chang Yow	
E85E53	Infratec Datentechnik	
E85F02	Apple	Phone
E85FB4	Xiaomi	Phone
E8611F	Dawning Information	
E8617E	Liteon	
E86183	Black Diamond Advanced	
E861BE	Melec	
E862BE	Intel Corporate	Computer
E86538	Cloud Network	
E86549	Cisco	Router
E8655F	Dell	Computer
E865D4	Tenda Technology	
E866C4	Diamanti	
E86819	Huawei	Phone
E868B1	Guangdong Oppo Mobile	Phone
E868E7	Espressif	IoT
E86A64	LCFC(Hefei)	
E86BEA	Espressif	IoT
E86CC7	IEEE Registration	
E86CDA	Supercomputers and	
E86D16	Elmec Elettronica	
E86D52	Commscope	
E86D54	Digit Mobile	
E86D65	AUDIO MOBIL Elektronik	Automotive
E86D6E	voestalpine Signaling UK	
E86DCB	Samsung	Phone
E86DE9	Huawei	Phone
E86E3A	Sony Interactive	Gaming
E86E3E	Sichuan Tianyi Comheart	
E86E44	zte	Phone
E86EAD	Guangzhou Gizwits loT	
E86F38	Chongqing Fugui	
E86FF2	Actiontec	
E87072	Hangzhou BroadLink	Router
E8718D	Elsys Equipamentos	
E874C7	Sentinhealth	
E874E6	ADB Broadband Italia	
E8757F	FIRS	
E87640	Sky Uk Limited	
E87829	IEEE Registration	
E87865	Apple	Phone
E878A1	Beoview Intercom Doo	
E878EE	New H3C	
E879A3	Cisco	Router
E87AF3	S5 Tech S.r.l	
E87E1C	Huawei	Phone
E87EEF	Xiaomi	Phone
E87F6B	Samsung	Phone
E87F95	Apple	Phone
E8802E	Apple	Phone
E88088	LCFC(Hefei)	
E880D8	GNTEK	
E880E7	Huawei Device	Phone
E88152	Apple	Phone
E88175	zte	Phone
E881AB	Beijing Sankuai Online	
E8825B	Commscope	
E884A5	Intel Corporate	Computer
E884C6	Huawei	Phone
E8854B	Apple	Phone
E886CF	Nokia	
E887A3	Loxley Public Company	
E88843	Xiaomi	Phone
E8886C	Shenzhen SC	
E8892C	Commscope	
E88D28	Apple	Phone
E88DA6	Quectel Wireless	
E88DF5	ZNYX	
E88E60	NSD	
E88F16	Skullcandy	
E88F6F	TCT mobile	
E88F8E	Hoags Technologies	
E88FC4	Mobiwire Mobiles(Ningbo)	
E8910F	Fiberhome	
E89120	Motorola Mobility LLC,	Phone
E89218	Arcontia International	
E892A4	LG Electronics (Mobile	Phone
E89309	Samsung	Phone
E89363	Nokia	
E893F3	Graphiant	
E8944C	Cogent Healthcare	Medical
E894F6	Tp-Link	Router
E89505	Shenzhen MiaoMing	
E89526	Luxshare Precision	
E89606	testo Instruments	
E89744	LCFC(Hefei)	
E8979A	Quectel Wireless	
E897B8	Chiun Mai Communication	
E89847	Xiaomi	Phone
E8986D	Palo Alto	Router
E898C2	ZETLAB	
E898EE	Apple	Phone
E8995A	PiiGAB,	
E899C4	HTC	
E89A8F	Quanta Computer	Server
E89AFF	Fujian LANDI Commercial	
E89C25	ASUSTek COMPUTER	Computer
E89D87	Toshiba	
E89E0C	Max8Usa Distributors	
E89E13	Cresyn	
E89E49	Mellanox	Switch
E89EB4	Hon Hai Precision Ind	
E89F39	Nokia	
E89F6D	Espressif	IoT
E89F80	Belkin	
E89FEC	Chengdu Kt Electronic	
E8A0CD	Nintendo	Gaming
E8A0ED	Hangzhou Hikvision	Camera
E8A1F8	zte	Phone
E8A245	Juniper	Router
E8A34E	Huawei	Phone
E8A364	Signal Path	Automotive
E8A4C1	Deep Sea	
E8A55A	Juniper	Router
E8A660	Huawei	Phone
E8A6CA	Huawei Device	Phone
E8A72F	Microsoft	Computer
E8A730	Apple	Phone
E8A788	Xiamen Leelen	
E8A7F2	sTraffic	
E8A848	Wacom	
E8A927	Lear	
E8AACB	Samsung	Phone
E8ABF3	Huawei	Phone
E8ABFA	Shenzhen Reecam Tech.Ltd	
E8AC23	Huawei	Phone
E8AC7E	Terahop	
E8ACAD	zte	Phone
E8ADA6	Sagemcom Broadband SAS	Storage
E8AEC5	Arista	Switch
E8B0C5	Intel Corporate	Computer
E8B1FC	Intel Corporate	Computer
E8B265	Dell	Computer
E8B2AC	Apple	Phone
E8B2FE	HUMAX	
E8B3EE	Pixelent	
E8B3EF	Fiberhome	
E8B470	IEEE Registration	
E8B4AE	Shenzhen C&D	
E8B4C8	Samsung	Phone
E8B527	Phyplus Technology	
E8B541	zte	Phone
E8B5D0	Dell	Computer
E8B6C2	Juniper	Router
E8B722	GreenTrol Automation	
E8B723	Shenzhen Vatilon	
E8B748	Cisco	Router
E8B853	Gsd Viet Nam Technology	
E8BA17	Beijing Xiaomi Mobile	Phone
E8BA70	Cisco	Router
E8BAE2	Xplora Technologies AS	
E8BB3D	Sino Prime-Tech Limited	
E8BBA8	Guangdong Oppo Mobile	Phone
E8BCE4	Cisco	Router
E8BDD1	Huawei	Phone
E8BE81	Sagemcom Broadband SAS	Storage
E8BFB8	Intel Corporate	Computer
E8BFDB	Inodesign	
E8BFE1	Intel Corporate	Computer
E8C1B8	Nanjing Bangzhong	
E8C1D7	Philips	
E8C1E8	Shenzhen Xiao Bi En	
E8C229	H-Displays (MSC) Bhd	
E8C2DD	Infinix mobility limited	
E8C320	Austco Marketing &	
E8C386	Apple	Phone
E8C3C5	Huawei Device	Phone
E8C417	Fiberhome	
E8C57A	Ufispace	
E8C6E6	Changhong (Hongkong)	
E8C74F	Liteon	
E8C7CF	WNC	
E8C829	Intel Corporate	Computer
E8C913	Samsung	Phone
E8CA50	Bouffalo Lab (Nanjing)	
E8CAC8	Hui Zhou Gaoshengda	
E8CBA1	Nokia	
E8CBED	Chipsea	
E8CBF5	Ezurio	
E8CC18	D-Link	Router
E8CC32	Micronet	
E8CC8C	Chengdu Jiarui Hualian	
E8CD15	Vantiva USA	
E8CD2D	Huawei	Phone
E8CE06	SkyHawke	
E8CF83	Dell	Computer
E8D03C	Shenzhen Jingxun	
E8D099	Fiberhome	
E8D0B9	Taicang T&W	
E8D0FA	MKS Instruments	
E8D0FC	Liteon	
E8D11B	Askey Computer	
E8D2FF	Sagemcom Broadband SAS	Storage
E8D322	Cisco	Router
E8D3EB	eero	
E8D483	ULTIMATE Europe	
E8D4E0	Beijing BenyWave	
E8D52B	Google	
E8D5A1	Earda	
E8D765	Huawei	Phone
E8D775	Huawei	Phone
E8D819	AzureWave	
E8D87E	Amazon	
E8D8D1	HP	Computer
E8DA00	Kivo	
E8DA20	Nintendo	Gaming
E8DA3E	Huawei Device	Phone
E8DA96	Zhuhai Tianrui	
E8DAAA	VideoHome	
E8DB84	Espressif	IoT
E8DC6C	Cisco	Router
E8DE00	ChongQing GuanFang	
E8DE27	Tp-Link	Router
E8DE8E	Integrated Device	
E8DED6	Intrising	
E8DEFB	Mesotic Sas	
E8DF24	Ohsung	
E8DF70	AVM Audiovisuelles	Automotive
E8DFF2	PRF	
E8E07E	Silicon Laboratories	
E8E08F	Gravotech Marking Sas	
E8E0B7	Toshiba	
E8E1E1	Gemtek	
E8E1E2	Energotest	
E8E49D	Nexthop	
E8E5D6	Samsung	Phone
E8E609	Chongqing Zhouhai	
E8E732	Alcatel-Lucent	VoIP
E8E770	Warp9 Tech Design	
E8E776	Shenzhen Kootion	
E8E7C3	zte	Phone
E8E875	iS5	
E8E8B7	Murata Manufacturing	Smart Home
E8E98E	SOLAR controls s.r.o	
E8EA34	Huawei	Phone
E8EA4D	Huawei	Phone
E8EA6A	StarTech.com	
E8EA7C	Shenzhen Amazwear	
E8EADA	Denkovi Assembly	
E8EAFA	Qingdao Haier	Appliance
E8EB11	Texas Instruments	IoT
E8EB1B	Microchip	IoT
E8EB34	Cisco	Router
E8EBD3	Mellanox	Switch
E8EBDD	Guangzhou Qingying	
E8ECA3	Dongguan Liesheng	
E8ED05	Commscope	
E8EDD6	Fortinet	Router
E8EDF3	Cisco	Router
E8EECC	Fantasia Trading	
E8EF05	Mind Tech International	
E8EF22	Siemens Numerical	
E8EF89	OPMEX	
E8F085	Huawei	Phone
E8F094	GD Midea	Appliance
E8F0A4	Antonios A. Chariton	
E8F1B0	Sagemcom Broadband SAS	Storage
E8F226	Millson Custom Solutions	
E8F2E2	LG Innotek	
E8F2E3	Starcor Beijing	
E8F375	Nokia	
E8F408	Intel Corporate	Computer
E8F494	AltoBeam	
E8F60A	Espressif	IoT
E8F654	Huawei	Phone
E8F673	Microsoft	Computer
E8F674	Jiang Su Fulian	
E8F6D7	IEEE Registration	
E8F724	Hewlett Packard	Computer
E8F72F	Huawei	Phone
E8F791	Xiaomi	Phone
E8F8D0	Nokia Shanghai Bell	
E8F928	Enginko	
E8F9D4	Huawei	Phone
E8FA23	Huawei Device	Phone
E8FAF7	Guangdong Uniteddata	
E8FB1C	AzureWave	
E8FBE9	Apple	Phone
E8FC5F	Ruckus Wireless	Router
E8FC60	ELCOM Innovations	
E8FCAF	Netgear	Router
E8FD35	Huawei Device	Phone
E8FD72	Shanghai Linguo	
E8FD90	Turbostor	
E8FDE8	CeLa Link	
E8FDF8	Shanghai High-Flying	
E8FEBE	Apple	Phone
E8FF1E	IEEE Registration	
E8FF98	Huawei Device	Phone
E8FFF4	Apple	Phone
EA115D	Autovision	
EA1ED0	ZIGPOS	
EA2701	ACCE	
EA2ADB	Labs Network Industrie	
EA34B4	ThinkRF	
EA6076	CloudSimple	
EA8F96	Proficium	
EA9FB1	Philips	
EAB89B	Thread	
EABC04	G3-PLC Alliance	
EABEA7	Sonos	Smart Home
EADA6E	FUJIFILM Germany	
EADD88	IEEE PES-PSRC Working	
EAE0D9	Berk-tek	
EC0133	Trinus	
EC01D5	Cisco	Router
EC01E2	Foxconn Interconnect	
EC01EE	Guangdong Oppo Mobile	Phone
EC0273	Hewlett Packard	Computer
EC0441	ShenZhen TIGO	
EC0482	STL	
EC086B	Tp-Link	Router
EC08E5	Motorola Mobility LLC,	Phone
EC09C9	Texas Instruments	IoT
EC0BAE	Hangzhou BroadLink	Router
EC0C96	Nokia	
EC0D51	Apple	Phone
EC0D9A	Mellanox	Switch
EC0DE4	Amazon	
EC0EC4	Hon Hai Precision Ind	
EC0ED6	Itech Instruments Sas	
EC1055	Beijing Xiaomi	Phone
EC107B	Samsung	Phone
EC1120	FloDesign Wind Turbine	
EC1127	Texas Instruments	IoT
EC13B2	Netonix	
EC13DB	Juniper	Router
EC14F6	BioControl AS	
EC153D	Beijing Yaxunhongda	
EC172F	Tp-Link	Router
EC1766	Research Centre Module	
EC192E	Cisco	Router
EC1A02	Huawei	Phone
EC1A59	Belkin	
EC1AC3	Ugreen Group Limited	
EC1B5F	Hewlett Packard	Computer
EC1BBD	Silicon Laboratories	
EC1BCF	Brain	
EC1BFA	EM Microelectronic	
EC1C5D	Siemens	Industrial
EC1D53	Huawei	Phone
EC1D7F	zte	Phone
EC1D8B	Cisco	Router
EC1D9E	Quectel Wireless	
EC1DA9	Yealink(Xiamen)	VoIP
EC1F72	Samsung	Phone
EC2125	Toshiba	
EC2150	vivo Mobile	Phone
EC219F	VidaBox	
EC21E5	Toshiba	
EC2257	JiangSu NanJing	
EC2280	D-Link	Router
EC233D	Huawei	Phone
EC2368	IntelliVoice	
EC237B	zte	Phone
EC24B8	Texas Instruments	IoT
EC2651	Apple	Phone
EC26CA	Tp-Link	Router
EC26FB	Tecc	
EC28D3	Apple	Phone
EC2A72	Dell	Computer
EC2AF0	Ypsomed	
EC2BEB	Amazon	
EC2C0D	Apple	Phone
EC2C11	Cwd Innovation Limited	
EC2C49	NakaoLab, The	
EC2C73	Apple	Phone
EC2CE2	Apple	Phone
EC2E4E	Hitachi-Lg Data Storage	
EC2E98	AzureWave	
EC2F20	Hyundai Wia	
EC2F90	Guangdong Oppo Mobile	Phone
EC308E	Lierda Science &	
EC3091	Cisco	Router
EC30B3	Xiaomi	Phone
EC30DD	eero	
EC3111	Sichuan AI-Link	
EC314A	Chengdu Quanjing	
EC315F	Amazon	
EC316D	Hansgrohe	
EC33CC	Hewlett Packard	Computer
EC34E2	Yasmina Labs Trading FZE	
EC3532	Tactrix	
EC354D	Wingtech Mobile	
EC3586	Apple	Phone
EC363F	Markov	
EC3873	Juniper	Router
EC388F	Huawei	Phone
EC3A52	Huawei Device	Phone
EC3A56	AzureWave	
EC3BAF	EM Microelectronic	
EC3BF0	NovelSat	
EC3C5A	Shen Zhen Heng Sheng	
EC3C88	MCNEX	
EC3CBB	Huawei Device	Phone
EC3DFD	Shenzhen Bilian	
EC3E09	Performance Designed	
EC3EB3	Zyxel	Router
EC3EF7	Juniper	Router
EC3F05	Institute 706, The	
EC4118	XIAOMI	Phone
EC41CA	Shenzhen TecAnswer	
EC41F9	Shenzhen iComm	
EC4269	HMD Global Oy	
EC42B4	ADC	
EC42CC	Apple	Phone
EC42F0	ADL Embedded Solutions	
EC438B	Yaptv	
EC43E6	AWCER	
EC43F6	Zyxel	Router
EC4476	Cisco	Router
EC462C	Infinix mobility limited	
EC4644	Ttk Sas	
EC4654	Apple	Phone
EC4670	Meinberg Funkuhren GmbH	
EC4684	Microsoft	Computer
EC470C	Universal	
EC473C	Redwire	
EC4993	Qihan	
EC4C4D	ZAO NPK RoTeK	
EC4C8C	Intel Corporate	Computer
EC4D3E	Beijing Xiaomi Mobile	Phone
EC4D47	Huawei	Phone
EC4F82	Calix	
EC50A6	Sagemcom Broadband SAS	Storage
EC50AA	Hewlett Packard	Computer
EC51BC	Guangdong Oppo Mobile	Phone
EC52DC	WORLD MEDIA AND	
EC536F	Huawei	Phone
EC5382	Honor Device	Phone
EC542E	Shanghai XiMei	
EC551C	Huawei	Phone
EC554D	Private	
EC55F9	Hon Hai Precision Ind	
EC5623	Huawei	Phone
EC570D	AFE	
EC5865	Shenzhen Xinguodu	
EC58EA	Ruckus Wireless	Router
EC59E7	Microsoft	Computer
EC5A31	Buffalo.Inc	Storage
EC5A86	Yulong Computer	
EC5AA3	Huawei Device	Phone
EC5B71	Inventec(Chongqing)	
EC5B73	Advanced & Wise	
EC5BCD	IEEE Registration	
EC5C68	Chongqing Fugui	
EC5C69	Mitsubishi Heavy	
EC5C84	Murata Manufacturing	Smart Home
EC5F23	Qinghai Kimascend	
EC6073	Tp-Link	Router
EC60E0	Avi-On	
EC6260	Espressif	IoT
EC6264	Global411 Internet	
EC63D7	Intel Corporate	Computer
EC63E5	ePBoard Design	
EC63ED	Hyundai Autoever	
EC6488	Honor Device	Phone
EC64C9	Espressif	IoT
EC64E7	MOCACARE	
EC656E	The Things	
EC65CC	Panasonic Automotive	
EC6652	Info Fiber Solutions Pvt	
EC66D1	B&W	
EC6794	Hewlett Packard	Computer
EC6881	Palo Alto	Router
EC6C9A	Arcadyan	
EC6C9F	Chengdu Volans	
EC6CB5	zte	Phone
EC6E79	InHand	
EC6F0B	FADU	
EC6FF9	Pioseed	
EC7097	Commscope	
EC715E	Freefly	
EC71DB	Reolink Innovation	Camera
EC725B	zte	Phone
EC72F7	Dji Baiwang	
EC7359	Shenzhen Cloudsky	
EC7379	Apple	Phone
EC73F6	Sichuan AI-Link	
EC7427	eero	
EC748C	Sony Interactive	Gaming
EC74BA	Hirschmann Automation	
EC74CD	IEEE Registration	
EC74D7	Grandstream	VoIP
EC750C	TP-Link	Router
EC753E	Huawei	Phone
EC75ED	Citrix	
EC7949	Fujitsu Limited	
EC79C0	zte	Phone
EC79F2	Startel	
EC7C2C	Huawei	Phone
EC7C5C	Juniper	Router
EC7C74	Justone	
EC7CB6	Samsung	Phone
EC7CBA	Hewlett Packard	Computer
EC7D11	vivo Mobile	Phone
EC7D9D	Cpi	
EC7E91	Itel Mobile Limited	
EC7FC6	Eccel Corporation Sas	
EC8009	NovaSparks	
EC8150	Apple	Phone
EC8152	Huawei	Phone
EC8193	Logitech	
EC819C	Huawei	Phone
EC8263	zte	Phone
EC8350	Microsoft	Computer
EC836C	RM	
EC83B7	Puwell Cloud Tech	
EC83D5	GIRD	
EC8439	Bitmain Development	
EC84B4	Cig Shanghai	
EC852F	Apple	Phone
EC86C4	Mellanox	Switch
EC888F	Tp-Link	Router
EC8892	Motorola Mobility LLC,	Phone
EC8914	Huawei	Phone
EC89F5	Lenovo Mobile	Computer
EC8A48	Arista	Switch
EC8A4C	zte	Phone
EC8AC4	Amazon	
EC8AC7	Fiberhome	
EC8C9A	Huawei	Phone
EC8CA2	Ruckus Wireless	Router
EC8E12	Nokia	
EC8E77	Intel Corporate	Computer
EC8EAD	Dlx	
EC8EAE	Nagravision	
EC8EB5	Hewlett Packard	Computer
EC8F72	Barrot	
EC90C1	Samsung	Phone
EC9161	Cloud Network	
EC9233	Eddyfi NDT	
EC9327	MEMMERT GmbH + Co	
EC9365	Mapper.ai	
EC937D	Vantiva USA	
EC93ED	DDoS-Guard	
EC9468	Meta System Spa	
EC94CB	Espressif	IoT
EC94D5	Juniper	Router
EC9681	2276427 Ontario	
EC96BF	Kontron eSystems	
EC97A2	Apple	Phone
EC97B2	SUMEC Machinery &	
EC97E0	Hangzhou Ezviz Software	
EC986C	Lufft Mess- und	
EC98C1	Beijing Risbo	
EC9A0C	IEEE Registration	
EC9A34	Texas Instruments	IoT
EC9A74	Hewlett Packard	Computer
EC9B2D	China Mobile Group	
EC9B5B	Nokia	
EC9B75	Roku	TV
EC9B8B	Hewlett Packard	Computer
EC9BF3	Samsung	Phone
EC9C32	Sichuan AI-Link	
EC9E68	Anhui Taoyun	
EC9ECD	Artesyn Embedded	
EC9EEA	Xtra	
EC9F0D	IEEE Registration	
ECA138	Amazon	
ECA1CC	Cisco	Router
ECA1D1	Huawei	Phone
ECA29B	Kemppi Oy	
ECA2A0	Taicang T&W	
ECA5DE	ONYX WIFI	
ECA62F	Huawei	Phone
ECA78D	Cisco	Router
ECA7AD	Barrot	
ECA7B1	IEEE Registration	
ECA81F	Vantiva USA	
ECA854	EFOCE	
ECA86B	Elitegroup Computer	
ECA907	Apple	Phone
ECA940	Commscope	
ECA971	Hangzhou Hikvision	Camera
ECA9FA	Guangdong Genius	
ECAA25	Samsung	Phone
ECAA8F	Huawei	Phone
ECAAA0	Pegatron	
ECAB3E	Essys	
ECADB8	Apple	Phone
ECADE0	D-Link	Router
ECAF97	Git	
ECAFF9	Hailo	
ECB0D2	EM Microelectronic	
ECB0E1	Ciena	
ECB106	Acuro	
ECB157	Sagemcom Broadband SAS	Storage
ECB1D7	Hewlett Packard	Computer
ECB1E0	Eltex Enterprise	
ECB293	Hewlett Packard	Computer
ECB313	Shenzhen Gongjin	
ECB4E8	Wistron Mexico SA de CV	
ECB50A	Quectel Wireless	
ECB541	SHINANO E and E	
ECB550	Samsung	Phone
ECB5AF	RayService a.s	
ECB5FA	Philips Lighting	
ECB870	Beijing Heweinet	
ECB878	Huawei Device	Phone
ECB907	CloudGenix	
ECB931	TP-Link	Router
ECB970	Ruijie	
ECB9A5	Huawei Device	Phone
ECBAFE	Giroptic	
ECBB78	Cisco	Router
ECBBAE	Digivoice Tecnologia em	
ECBD09	FUSION	
ECBD1D	Cisco	Router
ECBE5F	Vestel Elektronik San	
ECBEDD	Sagemcom Broadband SAS	Storage
ECBFD0	Texas Instruments	IoT
ECC018	Cisco	Router
ECC01B	Huawei	Phone
ECC06A	PowerChord Group Limited	
ECC07A	Ezurio	
ECC1AB	Guangzhou Shiyuan	
ECC302	HUMAX	
ECC342	zte	Phone
ECC38A	Accuenergy (CANADA)	
ECC3B0	zte	Phone
ECC40D	Nintendo	Gaming
ECC57F	Suzhou Pairlink	
ECC5D2	Huawei Device	Phone
ECC882	Cisco	Router
ECC89C	Hangzhou Hikvision	Camera
ECC9FF	Espressif	IoT
ECCB30	Huawei	Phone
ECCD4C	New H3C	
ECCD6D	Allied Telesis	Switch
ECCE13	Cisco	Router
ECCED7	Apple	Phone
ECCF70	Fujian Star-Net	
ECD00E	MiraeRecognition	
ECD040	GEA Farm	
ECD09F	Xiaomi	Phone
ECD19A	Zhuhai Liming	
ECD508	Apple	Phone
ECD68A	Shenzhen JMicron	
ECD909	Alpsalpine Co,.Ltd	
ECD925	Rami	
ECD950	Irt	
ECD9D1	Shenzhen TG-NET Botone	
ECDA3B	Espressif	IoT
ECDA59	New H3C	
ECDB86	Api-K	
ECDCAA	Apple	Phone
ECDD24	Cisco	Router
ECDE3D	Lamprey	
ECDF3A	vivo Mobile	Phone
ECDFC9	Hangzhou Microimage	
ECE09B	Samsung	Phone
ECE154	Beijing Unisound	
ECE1A9	Cisco	Router
ECE2FD	SKG Electric	
ECE334	Espressif	IoT
ECE512	tado	
ECE555	Hirschmann Automation	
ECE61D	Huawei Device	Phone
ECE660	Qingdao Hisense	TV
ECE6A2	Fiberhome	
ECE744	Omntec mfg	
ECE78E	AsiaTelco Technologies	
ECE7A7	Intel Corporate	Computer
ECE7C2	China Mobile Group	
ECE90B	Sistema Solucoes	
ECE915	STI	
ECE9D2	Apple	Phone
ECE9F5	Huawei	Phone
ECE9F8	Guang Zhou TRI-SUN	
ECEA03	Darfon Lighting	
ECEBB8	Hewlett Packard	Computer
ECED04	Intel Corporate	Computer
ECED73	Motorola Mobility LLC,	Phone
ECEED8	ZTLX	
ECEF17	Sunplus	
ECF00E	AboCom	
ECF0FE	zte	Phone
ECF22B	Tecno Mobile Limited	
ECF236	Neomontana	
ECF33C	Intel Corporate	Computer
ECF342	Guangdong Oppo Mobile	Phone
ECF35B	Nokia	
ECF37A	Forecr OU	
ECF40C	Cisco	Router
ECF451	Arcadyan	
ECF4BB	Dell	Computer
ECF64C	Silicon Laboratories	
ECF6BD	Sncf Mobilités	
ECF72B	Hd Digital	
ECF8D0	Huawei	Phone
ECF8EB	Sichuan Tianyi Comheart	
ECFA03	Fca	
ECFA5C	Beijing Xiaomi	Phone
ECFAAA	The IMS	
ECFABC	Espressif	IoT
ECFAF4	SenRa Tech Pvt	
ECFC2F	Sagemcom Broadband SAS	Storage
ECFC55	A. Eberle GmbH & Co	
ECFCC6	Hewlett Packard	Computer
ECFE7E	BlueRadios	
ECFF3A	Apple	Phone
F0007F	Janz - Contadores de	
F0016E	Tianyi Telecom	
F0022B	Chrontel	
F00248	SmarteBuilding	
F0038C	AzureWave	
F003BC	Cisco	Router
F004E1	Apple	Phone
F0051B	Samsung	Phone
F00727	Interel Building	
F00786	Shandong Bittel	
F008D1	Espressif	IoT
F008F1	Samsung	Phone
F0090D	TP-Link	Router
F00C51	zte	Phone
F00D5C	JinQianMao	
F00DF5	ACOMA Medical Industry	Medical
F00E1D	Megafone Limited	
F00EBF	ZettaHash	
F00FEC	Huawei	Phone
F01090	New H3C	
F010A5	Texas Instruments	IoT
F010AB	China Mobile (Hangzhou)	
F01204	IEEE Registration	
F013C1	Hannto	
F013C3	Shenzhen Fenda	
F015A0	KyungDong One	
F015B9	PlayFusion Limited	
F0161D	Espressif	IoT
F01628	Technicolor (China)	Modem
F01653	Yealink(Xiamen)	VoIP
F0182B	LG Chem	
F01898	Apple	Phone
F01AA0	Hewlett Packard	Computer
F01B24	zte	Phone
F01B6C	vivo Mobile	Phone
F01C13	LG Electronics (Mobile	Phone
F01C2D	Juniper	Router
F01D2D	Cisco	Router
F01DBC	Microsoft	Computer
F01E34	ORICO	
F01EAC	Rentokil Initial	
F01FAF	Dell	Computer
F01FC7	Apple	Phone
F020FF	Intel Corporate	Computer
F02178	Unionman	
F0219D	Cal-Comp Electronics &	
F021E0	eero	
F0221D	IEEE Registration	
F0224E	Esan electronic co	
F02329	Showa Denki	
F023AE	AMPAK	
F023B9	IEEE Registration	
F02405	OPUS High	
F02408	Talaris (Sweden) AB	
F02475	Apple	Phone
F024F9	Espressif	IoT
F02572	Cisco	Router
F0258E	Huawei	Phone
F025B7	Samsung	Phone
F02624	Wafa	
F0264C	Sigrist-Photometer	
F026F8	Worldcns	
F0272D	Amazon	
F02745	F-Secure	
F02765	Murata Manufacturing	Smart Home
F027A0	Apple	Phone
F02929	Cisco	Router
F02A23	Creative Next Design	
F02A2B	IEEE Registration	
F02A61	Waldo	
F02B18	Nanjing Jiahao	
F02B7C	Extreme	Switch
F02C59	Chipsea Technologies	
F02E51	Casa	
F02F4B	Apple	Phone
F02F50	Shenzhen SEI Robotics	Appliance
F02F74	ASUSTek COMPUTER	Computer
F02F9E	Amazon	
F02FA7	Huawei	Phone
F02FBA	Apple	Phone
F02FD8	Bi2-Vision	
F03012	AUMOVIO Autonomous	
F0321A	Mita-Teknik A/S	
F033E5	Huawei	Phone
F03404	TCT mobile	
F03575	Hui Zhou Gaoshengda	
F037A1	Huike Electronics	
F037CF	Huawei Device	Phone
F03965	Samsung	Phone
F03A4B	Bloombase	
F03A55	Omega Elektronik AS	
F03D03	Tecno Mobile Limited	
F03D29	Actility	
F03E05	Murata Manufacturing	Smart Home
F03E90	Ruckus Wireless	Router
F03EBF	Gogoro Taiwan Limited	
F03F03	Private	
F03F95	Huawei	Phone
F03FF8	R L Drake	
F0407B	Fiberhome	
F040AF	IEEE Registration	
F040D9	Apple	Phone
F040EC	Loopdesignlab	
F041C6	Heat	
F041C8	IEEE Registration	
F0421C	Intel Corporate	Computer
F042F5	Huawei Device	Phone
F04335	DVN(Shanghai)Ltd	
F04347	Huawei	Phone
F044D3	Silicon Laboratories	
F045DA	Texas Instruments	IoT
F0463B	Comcast Cable	
F04A02	Cisco	Router
F04A2B	PYRAMID Computer	
F04A3D	Bosch Thermotechnik	
F04B3A	Juniper	Router
F04B6A	Scientific Production	
F04B8A	Vantiva USA	
F04BF2	JTECH	
F04CD5	Maxlinear	
F04DA2	Dell	Computer
F04DD4	Sagemcom Broadband SAS	Storage
F04EA4	HP	Computer
F04F7C	Amazon	
F04FE0	Vizio	TV
F05136	TCT mobile	
F051EA	Fitbit	Wearable
F05494	Honeywell Connected	Industrial
F05501	Huawei Device	Phone
F05582	Arashi Vision	
F0578D	JetHome	
F057A6	Intel Corporate	Computer
F05849	CareView	
F05A09	Samsung	Phone
F05B7B	Samsung	Phone
F05C0E	Huawei Device	Phone
F05C19	Hewlett Packard	Computer
F05C77	Google	
F05CD5	Apple	Phone
F05D89	Dycon Limited	
F05DC8	Duracell Powermat	
F05ECD	Texas Instruments	IoT
F05F5A	Getriebebau NORD GmbH	
F06130	Advantage Pharmacy	
F061C0	Hewlett Packard	Computer
F061F3	Comcast Cable	
F0620D	Shenzhen Egreat	
F0625A	Realme Chongqing Mobile	Phone
F06281	ProCurve Networking by	
F063F9	Huawei	Phone
F06426	Extreme	Switch
F065AE	Samsung	Phone
F065C2	Yanfeng Visteon	
F065DD	Primax	
F06728	Guangdong Oppo Mobile	Phone
F067B1	Samsung	Phone
F06853	Integrated	
F06865	Taicang T&W	
F068E3	AzureWave	
F06BCA	Samsung	Phone
F06C5D	Xiaomi	Phone
F06C73	Nokia	
F06D78	Guangdong Oppo Mobile	Phone
F06D93	EM Microelectronic	
F06E0B	Microsoft	Computer
F06E32	Microtel Innovation	
F06F46	Ubiik	
F06FCE	Ruckus Wireless	Router
F0704F	Samsung	Phone
F07084	Actiontec	
F0728C	Samsung	Phone
F072EA	Google	
F073AE	PEAK-System Technik	
F07485	NGD	
F0748D	Ruijie	
F074BF	Silicon Laboratories	
F074C1	Blink by Amazon	Camera
F074E4	Thundercomm	
F0761C	Compal Information	
F0766F	Apple	Phone
F07765	Sourcefire	
F077C3	Intel Corporate	Computer
F077D0	Xcellen	
F07807	Apple	Phone
F07816	Cisco	Router
F07959	ASUSTek COMPUTER	Computer
F07960	Apple	Phone
F079E8	Guangdong Oppo Mobile	Phone
F07A55	zte	Phone
F07B65	Sagemcom Broadband SAS	Storage
F07BCB	Hon Hai Precision Ind	
F07CC7	Juniper	Router
F07D68	D-Link	Router
F07F06	Cisco	Router
F07F0C	Leopold Kostal GmbH &Co	
F08173	Amazon	
F08175	Sagemcom Broadband SAS	Storage
F081AF	Irz Automation	
F08261	Sagemcom Broadband SAS	Storage
F082C0	Silicon Laboratories	
F0842F	ADB Broadband Italia	
F084C9	zte	Phone
F085C1	Shenzhen Rf-Link	
F08620	Arcadyan	
F0866F	EM Microelectronic	
F08756	Zyxel	Router
F0877F	Magnetar Technology	
F08A28	JIANGSU HENGSION	
F08A76	Samsung	Phone
F08BFE	Costel	
F08CFB	Fiberhome	
F08EDB	VeloCloud	
F09008	Shenzhen Skyworth	
F0921C	Hewlett Packard	Computer
F09258	China Electronics Cloud	
F092B4	Sichuan Tianyi Comheart	
F0933A	NxtConect	
F093C5	Garland	
F095F1	Carl Zeiss	
F09602	Earda	
F097E5	Tamio	
F09838	Huawei	Phone
F0989D	Apple	Phone
F09919	Garmin	Wearable
F099B6	Apple	Phone
F099BF	Apple	Phone
F09A51	Shanghai Viroyal	
F09BB8	Huawei	Phone
F09CBB	RaonThink	
F09CD7	Guangzhou Blue Cheetah	
F09CE9	Extreme	Switch
F09E4A	Intel Corporate	Computer
F09E63	Cisco	Router
F09E9E	Espressif	IoT
F09FC2	Ubiquiti	Router
F09FFC	SHARP	TV
F0A0B1	Huawei	Phone
F0A225	Amazon	
F0A35A	Apple	Phone
F0A3B2	Hui Zhou Gaoshengda	
F0A4EA	Huawei Device	Phone
F0A654	Cloud Network	
F0A731	TP-Link	Router
F0A764	GST	
F0A7B2	Futaba	
F0A882	shenzhen trolink	
F0A951	Huawei	Phone
F0A968	Antailiye	
F0AA0B	Arra Networks/	
F0AB1F	zte	Phone
F0AB54	Mitsumi Electric	Appliance
F0ABF3	Fiberhome	
F0ABFA	Shenzhen Rayin	
F0ACA4	HBC-radiomatic	
F0ACD7	IEEE Registration	
F0AD4E	Globalscale	
F0AE51	Xi3	
F0AE66	Cosonic Intelligent	
F0AF50	Phantom Intelligence	
F0AF85	Commscope	
F0B014	AVM Audiovisuelles	Automotive
F0B022	TOHO	
F0B040	Hunan Fn-Link	
F0B052	Ruckus Wireless	Router
F0B0E7	Apple	Phone
F0B107	Ericsson AB	
F0B11D	Nokia	
F0B13F	Huawei Device	Phone
F0B163	Texas Instruments	IoT
F0B2B9	Intel Corporate	Computer
F0B2E5	Cisco	Router
F0B31E	Universal	
F0B3EC	Apple	Phone
F0B429	Xiaomi	Phone
F0B479	Apple	Phone
F0B4D2	D-Link	Router
F0B5B7	Disruptive Technologies	
F0B5D1	Texas Instruments	IoT
F0B61E	Intel Corporate	Computer
F0B661	eero	
F0B6EB	Poslab	
F0B968	Itel Mobile Limited	
F0BC50	Mellanox	Switch
F0BCC8	MaxID (Pty)	
F0BCC9	Pfu Limited	
F0BD2E	H+S Polatis	
F0BDEE	Huawei Device	Phone
F0BDF1	Sipod	
F0BE25	Dongguan Cannice	Smart Home
F0BF97	Sony	
F0C1CE	GoodWe	
F0C1F1	Apple	Phone
F0C24C	Zhejiang FeiYue Digital	
F0C27C	Mianyang Netop Telecom	
F0C371	Apple	Phone
F0C42F	Huawei Device	Phone
F0C478	Huawei	Phone
F0C558	U.D.Electronic	
F0C71F	Arista	Switch
F0C725	Apple	Phone
F0C745	Tecno Mobile Limited	
F0C77F	Texas Instruments	IoT
F0C814	Shenzhen Bilian	
F0C850	Huawei	Phone
F0C88B	Wyze	Camera
F0C88C	LeddarTech	
F0C8B5	Huawei	Phone
F0C9D1	GD Midea	Appliance
F0CBA1	Apple	Phone
F0CCE0	Shenzhen All-Smartlink	
F0CD31	Samsung	Phone
F0CF4D	BitRecords	
F0D018	Hewlett Packard	Computer
F0D08C	TCT mobile	
F0D14F	Linear	
F0D1A9	Apple	Phone
F0D1B8	Ledvance	
F0D2F1	Amazon	
F0D31F	Apple	Phone
F0D32B	Juniper	Router
F0D3A7	CobaltRay	
F0D3E7	Sensometrix	
F0D415	Intel Corporate	Computer
F0D4E2	Dell	Computer
F0D4F6	Lars Thrane A/S	
F0D4F7	varram system	
F0D506	Ubee Interactive Co.,	
F0D5BF	Intel Corporate	Computer
F0D635	Apple	Phone
F0D657	Echosens	Smart Home
F0D767	Axema Passagekontroll AB	
F0D793	Apple	Phone
F0D7AA	Motorola Mobility LLC,	Phone
F0D7AF	IEEE Registration	
F0D7DC	Wesine (Wuhan)	
F0D7EE	Huawei Device	Phone
F0D805	Cisco	Router
F0D9B2	Exo	
F0DA7C	Rlh	
F0DB2A	Lanner	
F0DB30	Verge.io	
F0DBE2	Apple	Phone
F0DBF8	Apple	Phone
F0DCE2	Apple	Phone
F0DE71	Shanghai EDO	
F0DEB9	ShangHai Y&Y	
F0DEF1	Wistron Infocomm	
F0E3DC	Tecon MT	
F0E4A2	Huawei	Phone
F0E5C3	Drägerwerk AG & Co. KG	
F0E752	Shenzhen Huajuxin	
F0E77E	Samsung	Phone
F0EAE1	Nanjing RISC-V Institute	
F0EBD0	Shanghai Feixun	
F0EC39	Essec	
F0EC80	Zero Boundary	
F0ED19	zte	Phone
F0ED1E	Bilkon Bilgisayar	
F0ED51	Qingdao	
F0EDB8	Servercom (India)	
F0EE10	Samsung	Phone
F0EE58	PACE Telematics	
F0EE7A	Apple	Phone
F0EEBB	VIPAR	
F0EF86	Google	
F0EFD2	Tf Payment Service	
F0F002	Hon Hai Precision Ind	
F0F069	Private	
F0F08F	Nextek Solutions	
F0F0A4	Amazon	
F0F249	Hitron	
F0F260	Mobitec AB	
F0F336	Tp-Link	Router
F0F564	Samsung	Phone
F0F56D	Kubota	
F0F5AE	Adaptrum	
F0F5BD	Espressif	IoT
F0F61C	Apple	Phone
F0F644	Whitesky Science &	
F0F669	Motion Analysis	
F0F69C	NIO	
F0F6C1	Sonos	Smart Home
F0F755	Cisco	Router
F0F7B3	Phorm	
F0F7E7	Huawei	Phone
F0F7FC	Huawei	Phone
F0F832	Google	
F0F842	KEEBOX	
F0F84A	Buffalo.Inc	Storage
F0F8F2	Texas Instruments	IoT
F0F95D	Aditya Infotech	
F0F9F7	IES GmbH & Co	
F0FABA	NVIDIA	Computer
F0FAC7	Huawei Device	Phone
F0FB7F	Mellanox	Switch
F0FC65	SynaXG	
F0FCC8	Commscope	
F0FD45	Silicon Laboratories	
F0FDA0	Acurix	
F0FDDD	Foxtron Vehicle	
F0FE6B	Shanghai High-Flying	
F0FEE7	Huawei Device	Phone
F40046	ON Semiconductor	
F400A2	Samsung	Phone
F401CC	Silicon Laboratories	
F40223	PAX Computer	
F40228	Samsung	Phone
F40270	Dell	Computer
F40304	Google	
F40321	BeNeXt	
F4032A	Amazon	
F4032F	Reduxio	
F40343	Hewlett Packard	Computer
F40393	Nanjing Qinheng	
F4044C	ValenceTech Limited	
F40595	Sagemcom Broadband SAS	Storage
F40616	Apple	Phone
F4063C	Texas Instruments	IoT
F40669	Intel Corporate	Computer
F4068D	devolo	
F406A3	Huawei Device	Phone
F406A5	Hangzhou Bianfeng	
F40855	Qingdao Haier	Appliance
F409D8	Samsung	Phone
F40A2E	Shenzhen Skyworth	
F40A4A	INDUSNET Communication	
F40B93	BlackBerry RTS	
F40B9F	Cig Shanghai	
F40E01	Apple	Phone
F40E11	IEEE Registration	
F40E22	Samsung	Phone
F40E83	Commscope	
F40F1B	Cisco	Router
F40F24	Apple	Phone
F40F9B	Wavelink	
F412DA	zte	Phone
F412FA	Espressif	IoT
F41399	Aerospace new generation	
F414BF	LG Innotek	
F41532	PETAiO (NanJing)	
F41535	SPON Communication	
F41563	F5	
F415FD	Shanghai Pateo	Smart Home
F416E7	Skyverse Limited	
F417B8	AirTies Wireless	
F419E2	Volterra	
F41A79	IEEE Registration	
F41A9C	Xiaomi	Phone
F41AB0	Shenzhen Xingguodu	
F41AF7	zte	Phone
F41BA1	Apple	Phone
F41C26	AltoBeam	
F41C71	Shenzhen Sanmu	
F41C95	Beijing Yunyi Times	
F41D6B	Huawei	Phone
F41E26	Simon-Kaloi Engineering	Smart Home
F41E57	Routerboard.com	
F41E5E	RtBrick	
F41F0B	YAMABISHI	
F41F88	zte	Phone
F41FC2	Cisco	Router
F42012	Cuciniale	
F42015	Guangzhou Shiyuan	
F4204D	Mellanox	Switch
F42055	IEEE Registration	
F421AE	Shanghai Xiaodu	
F421CA	Apple	Phone
F4227A	Guangdong Seneasy	
F4239C	Sernet (Suzhou)	
F42462	Selcom Electronics	
F4248B	Huawei	Phone
F4253C	eero	
F425FE	Huawei	Phone
F42679	Intel Corporate	Computer
F42756	DASAN Newtork Solutions	
F42833	MMPC	
F42853	Zioncom Electronics	
F42896	Specto Paineis	
F4289D	Cloud Network	
F42981	vivo Mobile	Phone
F42A7D	Tp-Link	Router
F42B48	Ubiqam	
F42B7D	Chipsguide	
F42B8C	Samsung	Phone
F42C56	Senor	
F42D06	zte	Phone
F42DC9	Espressif	IoT
F42E48	zte	Phone
F42E7F	Hewlett Packard	Computer
F42F97	Embrava USA	
F4308B	Xiaomi	Phone
F430B9	Hewlett Packard	Computer
F43149	Pixel FX	
F431C3	Apple	Phone
F4323D	Sichuan tianyi kanghe	
F4331C	Toast	
F43328	CIMCON Lighting	
F43392	Cisco	Router
F433B7	Apple	Phone
F434F0	Apple	Phone
F436E1	Abilis Systems SARL	
F437B7	Apple	Phone
F43814	Shanghai Howell	
F438C1	Huawei Device	Phone
F43909	Hewlett Packard	Computer
F439A6	Apple	Phone
F43A7B	zte	Phone
F43AFA	IEEE Registration	
F43BD8	Intel Corporate	Computer
F43C3B	Hunan Fn-Link	
F43C96	Ericsson AB	
F43D80	FAG Industrial Services	
F43E61	Shenzhen Gongjin	
F43E66	Bee Computing (HK)	
F43E9D	Benu	
F44156	Arrikto	
F4419E	Huawei Device	Phone
F44227	S & S Research	
F44250	Bouffalo Lab (Nanjing)	
F4428F	Samsung	Phone
F4442C	Shenzhen SuperElectron	
F44450	BND	
F44588	Huawei	Phone
F445ED	Portable Innovation	
F4462A	maxon zub	
F44637	Intel Corporate	Computer
F44713	Leading Public	
F4472A	Nanjing Rousing Sci.	
F44848	Amscreen	
F44955	MIMO	
F449EF	Emstone	
F44B2A	Cisco SPVTG	Router
F44C70	Skyworth Digital	
F44C7F	Huawei	Phone
F44D17	Goldcard High-Tech	
F44D30	Elitegroup Computer	
F44D5C	Zyxel	Router
F44DAD	Cable Matters	
F44E05	Cisco	Router
F44E38	Olibra	
F44EB4	Cloud Network	
F44EE3	Intel Corporate	Computer
F44EFD	Actions Semiconductor	
F44FD3	shenzhen hemuwei	
F450EB	Telechips	
F45214	Mellanox	Switch
F45246	Askey Computer	
F4525B	Antare	
F45293	Apple	Phone
F453E4	Huawei	Phone
F45420	Tellescom Industria E	
F45424	Extreme	Switch
F45433	Rockwell Automation	Industrial
F45595	HENGBAO	
F4559C	Huawei	Phone
F455E0	Niceway CNC Technology	
F4573E	Fiberhome	
F45842	Boxx TV	TV
F45B29	Huawei	Phone
F45B73	Wanjiaan Interconnected	
F45BB4	Cisco	Router
F45C42	Huawei Device	Phone
F45C89	Apple	Phone
F45EAB	Texas Instruments	IoT
F45F69	Matsufu Electronics	
F45FD4	Cisco SPVTG	Router
F45FF7	DQ	
F4600D	Panoptic	
F46077	Texas Instruments	IoT
F460E2	Xiaomi	Phone
F462D0	Not for Radio	
F462DC	Huawei Device	Phone
F4631F	Huawei	Phone
F46349	Diffon	
F4635A	NXP Semiconductor	IoT
F463E7	Nanjing Maxon O.E	
F463FC	vivo Mobile	Phone
F46412	Sony Interactive	Gaming
F4645D	Toshiba	
F464B6	Sercomm	
F4650B	Espressif	IoT
F465A6	Apple	Phone
F46639	GD Midea	Appliance
F4672D	ShenZhen Topstar	
F46802	Huawei	Phone
F46942	Askey Computer	
F469D5	IEEE Registration	
F46A92	Shenzhen Fast	
F46ABC	Adonit	
F46AD7	Microsoft	Computer
F46ADD	Liteon	
F46B8C	Hon Hai Precision	
F46BEF	Sagemcom Broadband SAS	Storage
F46C68	WNC	
F46D04	ASUSTek COMPUTER	Computer
F46D2F	Tp-Link	Router
F46D3F	Intel Corporate	Computer
F46DE2	zte	Phone
F46E24	NEC Personal Computers	
F46E95	Extreme	Switch
F46ED6	EM Microelectronic	
F46F4E	Echowell	Smart Home
F46FA4	Physik Instrumente GmbH	
F46FED	Fiberhome	
F4700C	IEEE Registration	
F47018	Hangzhou Ezviz Software	
F470AB	vivo Mobile	Phone
F47190	Samsung	Phone
F47257	Jiangxi Remote	
F47335	Logitech Far East	
F473CA	Conversion Sound	
F47470	Cisco	Router
F47488	New H3C	
F47626	Viltechmeda UAB	
F478AC	Apple	Phone
F47946	Huawei	Phone
F47960	Huawei	Phone
F47A4E	Woojeon&Handan	
F47ACC	SolidFire	
F47B09	Intel Corporate	Computer
F47B5E	Samsung	Phone
F47DEF	Samsung	Phone
F47F35	Cisco	Router
F48139	Canon	Camera
F481C4	Apple	Phone
F4832C	Ohsung	
F483CD	Tp-Link	Router
F483E1	Shanghai Clouder	
F4844C	Texas Instruments	IoT
F4848D	Tp-Link	Router
F485AE	Senbiosys	
F485C6	FDT	
F48771	Infoblox	
F487C5	Huawei Device	Phone
F48918	Huawei	Phone
F48B32	Xiaomi	Phone
F48C50	Intel Corporate	Computer
F48CEB	D-Link	Router
F48E09	Nokia	
F48E38	Dell	Computer
F48E92	Huawei	Phone
F490CA	Tensorcom	
F490CB	IEEE Registration	
F490EA	Deciso	
F4911E	Zhuhai Ewpe Information	
F492BF	Ubiquiti	Router
F4931C	Universal	
F4939F	Hon Hai Precision	
F49461	NexGen Storage	
F49466	CountMax	
F4951B	Hefei Radio	
F49634	Intel Corporate	Computer
F49651	NAKAYO	
F4979D	IEEE Registration	
F497C2	Nebulon	
F499AC	WEBER Schraubautomaten	
F49A7C	Hangzhou Supranett	
F49AB1	Hewlett Packard	Computer
F49C12	Structab AB	
F49D8A	Fantasia Trading	
F49DA7	Private	
F49EA4	Epiq Solutions	
F49ECE	Sena	
F49EEF	Taicang T&W	
F49F54	Samsung	Phone
F49FF3	Huawei	Phone
F4A157	Huawei Device	Phone
F4A17F	Marquardt Electronics	
F4A1A6	Apple	Phone
F4A294	Eagle World Development	
F4A310	Apple	Phone
F4A3C2	Shenzhen iComm	
F4A454	IEEE Registration	
F4A475	Intel Corporate	Computer
F4A4D6	Huawei	Phone
F4A52A	Hawa	
F4A59D	Huawei Device	Phone
F4A739	Juniper	Router
F4A80D	Wistron	
F4A997	Canon	Camera
F4AAD0	Ohsung	
F4AB5C	Quectel Wireless	
F4ACC1	Cisco	Router
F4AFE7	Apple	Phone
F4B0FF	Shanghai Baud Data	
F4B164	Lightning	
F4B19C	AltoBeam	
F4B1C2	Zhejiang Dahua	Camera
F4B24E	Huawei Device	Phone
F4B301	Intel Corporate	Computer
F4B381	WindowMaster A/S	
F4B3B1	Silicon Laboratories	
F4B49E	eero	
F4B520	Biostar Microtech	
F4B52F	Juniper	Router
F4B549	Xiamen Yeastar Digital	
F4B599	Apple	Phone
F4B5AA	zte	Phone
F4B5BB	Ceragon	
F4B62D	Dongguan Huayin	
F4B688	Plantronics	
F4B6C6	Indra Heera	
F4B6E5	TerraSem	
F4B72A	Time Interconnect	
F4B78D	Huawei	Phone
F4B7B3	vivo Mobile	Phone
F4B7E2	Hon Hai Precision Ind	
F4B821	Cisco	Router
F4B85E	Texas Instruments	IoT
F4B898	Texas Instruments	IoT
F4B8A7	zte	Phone
F4BBC7	vivo Mobile	Phone
F4BC97	Shenzhen Crave	
F4BCDA	Shenzhen Jingxun	
F4BD7C	Chengdu jinshi	
F4BD9E	Cisco	Router
F4BDAE	Shenzhen V-Link	
F4BDB9	Ubiqcom India Pvt	
F4BEEC	Apple	Phone
F4BF80	Huawei	Phone
F4BFA8	Juniper	Router
F4BFBB	China Mobile Group	
F4C02F	BlueBite	
F4C114	Vantiva USA	
F4C248	Samsung	Phone
F4C447	Coagent International	
F4C4D6	Shenzhen Xinfa	
F4C613	Alcatel-Lucent Shanghai	VoIP
F4C6D7	blackned	
F4C714	Huawei	Phone
F4C795	WEY	
F4C7AA	Marvell Semiconductors	
F4C7C8	Kelvin	
F4C88A	Intel Corporate	Computer
F4CA24	FreeBit	
F4CAE5	Freebox Sas	
F4CAE7	Arcadyan	
F4CB52	Huawei	Phone
F4CBE7	Apple	Phone
F4CC55	Juniper	Router
F4CD90	Vispiron Rotec	
F4CE23	Intel Corporate	Computer
F4CE36	Nordic Semiconductor ASA	IoT
F4CE46	Hewlett Packard	Computer
F4CE48	Extreme	Switch
F4CFA2	Espressif	IoT
F4CFE2	Cisco	Router
F4D032	Yunnan Ideal	
F4D0A7	Zhejiang Weilai	
F4D108	Intel Corporate	Computer
F4D261	SEMOCON	
F4D454	Shenzhen Skyworth	
F4D488	Apple	Phone
F4D580	Yamaha	
F4D58A	Palo Alto	Router
F4D620	Guangdong Oppo Mobile	Phone
F4D7B2	LGS Innovations	
F4D7E4	Realme Chongqing Mobile	Phone
F4D9C6	Union Man	
F4D9FB	Samsung	Phone
F4DBE3	Apple	Phone
F4DBE6	Cisco	Router
F4DC41	Youngzone Culture	
F4DC4D	Beijing CCD Digital	
F4DCA5	Dawon Dns	
F4DCDA	Zhuhai Jiahe	
F4DCF9	Huawei	Phone
F4DD06	Samsung	Phone
F4DD9E	GoPro	Camera
F4DE0C	ESPOD	
F4DEAF	Huawei	Phone
F4E11E	Texas Instruments	IoT
F4E142	Delta Elektronika	
F4E1FC	Hewlett Packard	Computer
F4E204	Coyote System	
F4E25D	AltoBeam	
F4E2C6	Ubiquiti	Router
F4E3FB	Huawei	Phone
F4E451	Huawei	Phone
F4E4AD	zte	Phone
F4E4D7	Fujian Star-Net	
F4E578	LLC Proizvodstvennaya	
F4E5F2	Huawei	Phone
F4E6D7	Solar Power	
F4E84F	zte	Phone
F4E8C7	Apple	Phone
F4E926	Tianjin Zanpu	
F4E975	New H3C	
F4E9D4	QLogic	
F4EA67	Cisco	Router
F4EAB5	Extreme	Switch
F4EB38	Sagemcom Broadband SAS	Storage
F4EB9F	Ellu Company 2019 SL	
F4EC38	Tp-Link	Router
F4ED37	Qingdao Yuze lntelligent	
F4ED5F	Shenzhen Ktc	
F4EE08	Dell	Computer
F4EE14	Mercury Communication	
F4EE31	Cisco	Router
F4EF9E	Sgsg Science &	
F4F15A	Apple	Phone
F4F197	EMTAKE	
F4F19E	Wistron InforComm	
F4F1E1	Motorola Mobility LLC,	Phone
F4F26D	Tp-Link	Router
F4F28A	Huawei	Phone
F4F309	Samsung	Phone
F4F3AA	JBL GmbH & Co	Audio
F4F50B	TP-Link	Router
F4F524	Motorola Mobility LLC,	Phone
F4F5A5	Nokia	
F4F5D8	Google	
F4F5DB	Xiaomi	Phone
F4F5E8	Google	
F4F646	Dediprog	
F4F647	zte	Phone
F4F70C	Avang - neterbit	
F4F91E	Ingram Micro Services	
F4F951	Apple	Phone
F4FBB8	Huawei	Phone
F4FBF5	EM Microelectronic	
F4FC32	Texas Instruments	IoT
F4FC49	zte	Phone
F4FCB1	JJ	
F4FD2B	ZOYI	
F4FE3E	Apple	Phone
F4FEFB	Samsung	Phone
F8009D	Intracom Defense	
F800A1	Huawei	Phone
F80113	Huawei	Phone
F801B4	LG	Phone
F80278	IEEE Registration	
F80332	Khomp	
F80377	Apple	Phone
F8042E	Samsung	Phone
F8051C	DRS Imaging and	
F80584	EM Microelectronic	
F8075D	Huawei Device	Phone
F8084F	Sagemcom Broadband SAS	Storage
F809A4	Henan Thinker Rail	
F80BBE	Commscope	
F80BCB	Cisco	Router
F80BD0	Datang Telecom	
F80C58	Taicang T&W	
F80C9A	Guangdong Oppo Mobile	Phone
F80CF3	LG Electronics (Mobile	Phone
F80D43	Hon Hai Precision Ind	
F80D4B	Nextracker	
F80D60	Canon	Camera
F80DA9	Zyxel	Router
F80DAC	HP	Computer
F80DEA	ZyCast	
F80DF0	zte	Phone
F80DF1	Sontex	
F80F41	Wistron Infocomm	
F80F6F	Cisco	Router
F80F84	Natural Security SAS	
F80FF9	Google	
F81037	ENTOUCH Controls	
F81093	Apple	Phone
F810A0	Xtreme Testek	
F81308	Nokia	
F814DD	Cisco	Router
F814FE	Union Man	
F81547	Avaya	VoIP
F815E0	Siemens Canada	
F8160C	Shenzhen iComm	
F81654	Intel Corporate	Computer
F8172D	Tuya Smart	Smart Home
F81897	2Wire	
F81A2B	Google	
F81A67	Tp-Link	Router
F81B04	Zhong Shan City	
F81B2E	G.Tech	
F81CE5	Telefonbau Behnke	
F81D0F	Hitron	
F81D78	IEEE Registration	
F81D90	Solidwintech	
F81D93	Longdhua(Beijing)	
F81E49	Apple	Phone
F81E6F	EBG compleo	
F81EDF	Apple	Phone
F81F32	Motorola Mobility LLC,	Phone
F82055	Green Information System	
F82097	Aditya Infotech	
F820A9	Huawei Device	Phone
F820D2	Vantiva USA	
F82111	HMD Global Oy	
F82229	Nokia Shanghai Bell	
F82285	Cypress	
F82387	Shenzhen Horn Audio	Automotive
F823B2	Huawei	Phone
F82441	Yeelink	
F824DB	EntryPoint	
F824E4	Beyonics Technology	
F82551	Seiko Epson	Printer
F8272E	Mercku	
F82793	Apple	Phone
F82819	Liteon	
F828C9	Huawei	Phone
F82980	Dongguan Ruilian	
F829C0	Availink	
F82A53	GD Midea	Appliance
F82AE2	Apple	Phone
F82B7F	Huawei Device	Phone
F82BC8	Jiangsu Switter	
F82BE6	IEEE Registration	
F82C18	2Wire	
F82D7C	Apple	Phone
F82DC0	Commscope	
F82E0C	Texas Instruments	IoT
F82E3F	Huawei	Phone
F82E8E	Nanjing Kechen Electric	
F82EDB	RTW GmbH & Co	
F82F08	Molex CMS	
F82F5B	eGauge	
F82F65	Huawei Device	Phone
F82F6A	Itel Mobile Limited	
F82FA8	Hon Hai Precision Ind	
F83002	Texas Instruments	IoT
F83094	Alcatel-Lucent Telecom	VoIP
F83125	Xiamen uink	
F8313E	endeavour	
F832BA	VusionGroup	
F832E4	ASUSTek COMPUTER	Computer
F83331	Texas Instruments	IoT
F83376	Good Mind Innovation	
F83441	Intel Corporate	Computer
F83451	Comcast-SRL	
F8345A	Hitron	
F83553	Magenta Research	
F835DD	Gemtek	
F8369B	Texas Instruments	IoT
F83869	LG	Phone
F83880	Apple	Phone
F8388D	New H3C	
F83918	Cisco	Router
F83B1D	Vantiva USA	
F83B7E	Huawei Device	Phone
F83C44	Shenzhen Transchan	
F83C80	Mitsumi Electric	Appliance
F83CBF	Botato Electronics Sdn	
F83D4E	Softlink Automation	
F83DC6	AzureWave	
F83DFF	Huawei	Phone
F83E95	Huawei	Phone
F83EB0	Arcadyan	
F83F51	Samsung	Phone
F84068	SZ DJI Ronin	
F84288	Apple	Phone
F842FB	Yasuda Joho	
F843EF	Xiaomi	Phone
F84477	Silicon Laboratories	
F844E3	Taicang T&W	
F845AD	Konka	
F845C4	Shenzhen Netforward	
F8461C	Sony Interactive	Gaming
F8462D	SYNTEC Incorporation	
F8472D	X2gen Digital	
F847E3	Shenzhen Skyworth	
F84897	Hitachi	
F848FD	China Mobile Group	
F84A73	Eumtech	
F84A7F	Innometriks	
F84ABF	Huawei	Phone
F84CDA	Huawei	Phone
F84D33	Fiberhome	
F84D89	Apple	Phone
F84D8B	ecamtek	
F84DFC	Hangzhou Hikvision	Camera
F84E17	Sony	
F84E58	Samsung	Phone
F84E73	Apple	Phone
F84F57	Cisco	Router
F84FAD	Hui Zhou Gaoshengda	
F8501C	Tianjin Geneuo	
F85063	Verathon	
F85128	SimpliSafe	
F8516D	Denwa	
F852DF	VNL Europe AB	
F85329	Huawei	Phone
F85333	Tashang	
F854AF	ECI Telecom	
F854B8	Amazon	
F854F6	AzureWave	
F85548	Texas Instruments	IoT
F8554B	WirelessMobility	Smart Home
F855CD	Visteon	
F856C3	zte	Phone
F8572E	Core Brands	
F85971	Intel Corporate	Computer
F85A00	Sanford LP	
F85B1B	Espressif	IoT
F85B3B	Askey Computer	
F85B6E	Samsung	Phone
F85B9B	iMercury	
F85B9C	SB	
F85BC9	M-Cube Spa	
F85C24	Sonos	Smart Home
F85C45	IC Nexus	
F85C4D	Nokia	
F85C7D	Shenzhen Honesty	Smart Home
F85C7E	Shenzhen Honesty	Smart Home
F85E0B	Realme Chongqing Mobile	Phone
F85E3C	Shenzhen Zhibotong	
F85E42	Vantiva USA	
F85EA0	Intel Corporate	Computer
F85F2A	Nokia	
F860F0	Hewlett Packard	Computer
F86214	Apple	Phone
F8622A	eero	
F862AA	xn	
F8633F	Intel Corporate	Computer
F86347	Sichuan AI-Link	
F863D9	Commscope	
F86465	Anova Applied	
F864B8	zte	Phone
F86601	Suzhou Chi-tek	
F8665A	Apple	Phone
F86691	Sichuan Tianyi Comheart	
F866D1	Hon Hai Precision Ind	
F866F2	Cisco	Router
F868FF	Cisco	Router
F86971	Seibu Electric Co	
F86B14	Barrot	
F86BD9	Cisco	Router
F86BFA	Infinix mobility limited	
F86C03	Shenzhen Teleone	
F86CE1	Taicang T&W	
F86D73	Zengge Co., Limited	
F86DCC	WNC	
F86ECF	Arcx	
F86EEE	Huawei	Phone
F86FB0	Tp-Link	Router
F86FC1	Apple	Phone
F86FDE	Shenzhen Goodix	
F8710C	Xiaomi	Phone
F871A6	Apple	Phone
F871FE	The Goldman Sachs	
F872EA	Cisco	Router
F8731A	zte	Phone
F87394	Netgear	Router
F873A2	Avaya	VoIP
F873DF	Apple	Phone
F87528	IEEE Registration	
F87588	Huawei	Phone
F875A4	LCFC(Hefei)	
F8769B	Neopis	
F877B8	Samsung	Phone
F87907	Huawei Device	Phone
F8790A	Commscope	
F87928	zte	Phone
F87999	Guangdong Jiuzhi	
F87A39	IEEE Registration	
F87A41	Cisco	Router
F87AEF	Rosonix	
F87B20	Cisco	Router
F87B62	FASTWEL INTERNATIONAL	
F87B7A	Commscope	
F87B8C	Amped Wireless	
F87BE0	Funtime Pickleball	
F87D3F	Huawei Device	Phone
F87D76	Apple	Phone
F87FA5	Greatek	
F88096	Elsys Equipamentos	
F8811A	Overkiz	
F88200	CaptionCall	
F88306	Beijing Xiaomi Mobile	Phone
F88475	i5LED	
F88479	Yaojin	
F884F2	Samsung	Phone
F885F9	Calix	
F887F1	Apple	Phone
F8893C	Inventec Appliances	
F889D2	Cloud Network	
F88A3C	IEEE Registration	
F88A5E	Texas Instruments	IoT
F88B37	Commscope	
F88C1C	Kaishun Electronic	
F88C21	Tp-Link	Router
F88DEF	Tenebraex	
F88E85	Comtrend	
F88EA1	Edgecore	
F88F07	Samsung	Phone
F88FC8	Chipsea Technologies	
F88FCA	Google	
F89066	Nain	
F8912A	GLP German Light	
F8916F	Texas Instruments	IoT
F89173	Aedle Sas	
F891F5	Dingtian	
F893F3	Volans	
F89497	Buffalo.Inc	Storage
F894C2	Intel Corporate	Computer
F89522	Huawei	Phone
F89550	Proton Products Chengdu	
F895C7	LG Electronics (Mobile	Phone
F895EA	Apple	Phone
F896FE	LG Innotek	
F89725	Opple Lighting	
F89753	Huawei Device	Phone
F897A9	Ericsson AB	
F897B0	Goki	
F897CF	Daeshin-Information	
F8983A	Leeman International	
F898B9	Huawei	Phone
F898EF	Huawei	Phone
F89910	Integrated Device	
F89955	Fortress	
F89A25	Huawei	Phone
F89A78	Huawei	Phone
F89B6E	Nokia Solutions and	
F89D0D	Control	
F89D9D	Shenzhen MinewSemi	
F89DBB	Tintri	
F89E28	Cisco Meraki	Router
F89E94	Intel Corporate	Computer
F89FB8	YAZAKI Energy System	
F8A03D	Dinstar	
F8A097	Commscope	
F8A188	LED Roadway Lighting	
F8A26D	Canon	Camera
F8A2B4	RHEWA-WAAGENFABRIK	
F8A2D6	Liteon	
F8A34F	zte	Phone
F8A45F	Xiaomi	Phone
F8A475	PT Indoreka Jaya Wutama	
F8A4FB	Nanjing Decowell	
F8A5C5	Cisco	Router
F8A5E6	Magicyo	
F8A73A	Cisco	Router
F8A763	Zhejiang Tmall	
F8A91F	ZVISION	
F8A963	Compal Information	
F8A9D0	LG Electronics (Mobile	Phone
F8A9DE	Puissance Plus	
F8AA3F	DWnet	
F8AA8A	Axview Technology	
F8AAB3	DESSMANN (China)	
F8AB05	Sagemcom Broadband SAS	Storage
F8AB82	Xiaomi	Phone
F8ABE5	shenzhen worldelite	
F8AC65	Intel Corporate	Computer
F8AC6D	Deltenna	
F8ACC1	InnoXings	
F8AD24	Realme Chongqing Mobile	Phone
F8ADCB	HMD Global Oy	
F8AE27	John Deere Electronic	
F8AF05	Huawei Device	Phone
F8AFDB	Fiberhome	
F8B132	Huawei	Phone
F8B156	Dell	Computer
F8B1DD	Apple	Phone
F8B22C	Roku	TV
F8B2F3	Guangzhou Bosma	
F8B3B7	Espressif	IoT
F8B46A	Hewlett Packard	Computer
F8B54D	Intel Corporate	Computer
F8B568	IEEE Registration	
F8B599	Guangzhou CHNAVS Digital	
F8B797	NEC Platforms	
F8B7E2	Cisco	Router
F8B8B4	Shenzhen Skyworth	
F8B95A	LG Innotek	
F8BA98	Huaqin	
F8BAE6	Nokia	
F8BBBF	eero	
F8BC0E	eero	
F8BC12	Dell	Computer
F8BC41	Rosslare Enterprises	
F8BE0D	A2UICT	
F8BF09	Huawei	Phone
F8C001	Juniper	Router
F8C091	Highgates	
F8C116	Juniper	Router
F8C120	Xi'an Link-Science	
F8C249	Ampere Computing	
F8C288	Cisco	Router
F8C362	Silicon Laboratories	
F8C372	Tsuzuki Denki	
F8C397	NZXT	
F8C39E	Huawei	Phone
F8C3CC	Apple	Phone
F8C3F1	Raytron Photonics	
F8C4AE	Guangdong Oppo Mobile	Phone
F8C4F3	Shanghai Infinity	
F8C4FA	Guangdong Oppo Mobile	Phone
F8C650	Cisco	Router
F8C678	Carefusion	
F8C903	Tp-Link	Router
F8C96C	Fiberhome	
F8C9D6	IEEE Registration	
F8CA59	NetComm Wireless	
F8CA85	NEC	
F8CAB8	Dell	Computer
F8CB15	Apple	Phone
F8CC6E	DEPO	
F8CDC8	Sichuan Tianyi Comheart	
F8CE07	Zhejiang Dahua	Camera
F8CE21	Tp-Link	Router
F8CE72	Wistron	
F8CF52	Intel Corporate	Computer
F8CFC5	Motorola Mobility LLC,	Phone
F8D00E	Vantiva USA	
F8D027	Seiko Epson	Printer
F8D0AC	Sony Interactive	Gaming
F8D0BD	Samsung	Phone
F8D0C5	Sector Alarm Tech S.L	
F8D111	Tp-Link	Router
F8D2AC	Vantiva USA	
F8D3A9	AXAN	
F8D3F0	Apple	Phone
F8D462	Pumatronix Equipamentos	
F8D478	Flextronics Tech.(Ind)	
F8D554	GD Midea	Appliance
F8D756	Simm Tronic Limited	
F8D758	Veratron	
F8D7BF	REV Ritter	
F8D811	Quectel Wireless	
F8D9B8	Open Mesh	
F8DA0C	Hon Hai Precision Ind	
F8DADF	EcoTech	
F8DAE2	NDC	
F8DAF4	Taishan Online	
F8DB4C	PNY	
F8DB7F	HTC	
F8DB88	Dell	Computer
F8DC7A	Variscite	
F8DE73	Huawei	Phone
F8DF15	Sunitec Enterprise	
F8DFA8	zte	Phone
F8DFE1	MyLight	
F8E000	Fuji Electric	
F8E079	Motorola Mobility LLC,	Phone
F8E252	Apple	Phone
F8E35F	Sichuan Tianyi Comheart	
F8E43B	ASIX	
F8E44E	Mcot	
F8E4A4	Fiberhome	
F8E4E3	Intel Corporate	Computer
F8E4FB	Actiontec	
F8E57E	Cisco	Router
F8E5CE	Apple	Phone
F8E5CF	Cgi It Uk Limited	
F8E61A	Samsung	Phone
F8E71E	Ruckus Wireless	Router
F8E73C	Ufispace	
F8E7A0	vivo Mobile	Phone
F8E7B5	µTech Tecnologia LTDA	
F8E811	Huawei	Phone
F8E877	Harman/Becker Automotive	Automotive
F8E903	D-Link	Router
F8E94E	Apple	Phone
F8E94F	Cisco	Router
F8E968	Egker Kft	
F8EA0A	Dipl.-Math. Michael	
F8ECFE	Owl Home	
F8EDA5	Commscope	
F8EDAE	Mobiwire Mobiles(Ningbo)	
F8EDFC	HP	Computer
F8EF5D	Motorola Mobility LLC,	Phone
F8EFB1	Hangzhou Zhongxinghui	
F8F005	Newport Media	
F8F014	RackWare	
F8F082	Nagtech	
F8F09D	Hangzhou Prevail	
F8F0C5	Suzhou Kuhan Information	
F8F1B6	Motorola Mobility LLC,	Phone
F8F1E6	Samsung	Phone
F8F21E	Intel Corporate	Computer
F8F25A	G-Lab	
F8F295	Annapurna	
F8F2F0	Chipsea Technologies	
F8F3D3	Shenzhen Gotron	
F8F464	Rawe Electonic	
F8F519	Rulogic	
F8F532	Commscope	
F8F58C	Apple	Phone
F8F6B7	Shenzhen Bilian	
F8F7B9	Huawei	Phone
F8F7D2	Equal Optics	
F8F7D3	International	
F8F7FF	Syn-Tech	
F8FB2F	Santur	
F8FB90	Texas Instruments	IoT
F8FCE1	Amazon	
F8FE5C	Reciprocal	
F8FE5E	Intel Corporate	Computer
F8FEA8	Technico Japan	
F8FF0B	Electronic	
F8FF5F	Shenzhen Communication	
F8FFC2	Apple	Phone
FA00E7	Quantum Machines	
FA073E	NBASE-T Alliance	
FA0BBC	Cen	
FA1466	Allegion PLC	
FA1619	trendytech	
FA2EE9	OCA Alliance	
FA4C77	Occitaline	
FA556F	SymbolicIO	
FA610E	Laboratory for	
FA63E1	Samsung Electronics (UK)	Phone
FA6673	Nells Electronic	
FA7ACB	Ultra Ethernet	
FA7D04	Salience	
FA8D93	Runione	
FA9305	Panasonic Automotive	
FA94F1	IEEE 802.1 Chair	
FABA85	APAT Optoelectronics	
FAD988	Momentum Data	
FAE190	In Win Development	
FAE51A	RSAE	
FAEB6E	xRAN.org	
FAEEB6	Shenzhen Jiahua Zhongli	
FAF9C0	RAID Incorporated	
FC0012	Toshiba Samsung Storage	
FC012C	Espressif	IoT
FC017C	Hon Hai Precision Ind	
FC019E	Vievu	
FC01CD	Fundacion Tekniker	
FC0296	Xiaomi	Phone
FC039F	Samsung	Phone
FC041C	Guangdong Oppo Mobile	Phone
FC0647	Cortland Research	
FC068C	Shenzhen Micipc	
FC06ED	M2Motive	
FC0736	Huawei Device	Phone
FC07A0	LRE Medical	Medical
FC084A	Fujitsu Limited	
FC0877	Prentke Romich	
FC09D8	ACTEON	
FC09F6	Guangdong Tonze Electric	
FC0A81	Extreme	Switch
FC0C45	Shenzhen SuperElectron	
FC0F4B	Texas Instruments	IoT
FC0F76	Amazon	
FC0FE6	Sony Interactive	Gaming
FC0FE7	Microchip	IoT
FC101A	Palo Alto	Router
FC10BD	Control Sistematizado	
FC10C6	Taicang T&W	
FC1119	Silicon Laboratories	
FC1165	Cambium Networks Limited	Access Point
FC1186	Logic3 plc	
FC1193	Huawei	Phone
FC122C	Huawei	Phone
FC1263	Askey Computer	
FC1349	Global Apps	
FC13F0	Bouffalo Lab (Nanjing)	
FC1499	Aimore Acoustics	
FC15B4	Hewlett Packard	Computer
FC1607	Taian Technology(Wuxi)	
FC1794	InterCreative	
FC1803	Huawei	Phone
FC183C	Apple	Phone
FC186B	Dot Origin	
FC1910	Samsung	Phone
FC1928	Actions Microelectronics	
FC1999	Xiaomi	Phone
FC19D0	Cloud Vision	
FC1A11	vivo Mobile	Phone
FC1A46	Samsung	Phone
FC1BD1	Huawei	Phone
FC1BFF	V-Zug	
FC1CA1	Nokia	
FC1D2A	vivo Mobile	Phone
FC1D3A	Huawei	Phone
FC1D43	Apple	Phone
FC1D59	I Smart Cities HK	
FC1D84	Autobase	
FC1E16	IPEVO	
FC1F19	Samsung Electro	Phone
FC1FC0	Eurecam	
FC221C	Shenzhen Xunman	
FC229C	Han Kyung I Net	
FC22D3	Fdsys	
FC22F4	Zyxel	Router
FC2325	EosTek (Shenzhen)	
FC23CD	Shenzhen Bilian	
FC2422	Hangzhou Ezviz Software	
FC253F	Apple	Phone
FC2640	Huawei Device	Phone
FC268C	Signify	
FC27A2	Trans Electric	
FC29E3	Infinix mobility limited	
FC29F3	McPay	
FC2A46	Realme Chongqing Mobile	Phone
FC2A54	Connected Data	
FC2A9C	Apple	Phone
FC2BB2	Actiontec	
FC2CFD	dormakaba Canada Inc. -	
FC2D5E	zte	Phone
FC2E19	China Mobile Group	
FC2E2D	Lorom Industrial	
FC2F40	Calxeda	
FC2F6B	Everspin	
FC2FAA	Nokia	
FC2FEF	UTT	
FC315D	Apple	Phone
FC3288	CELOT Wireless	
FC3342	Juniper	Router
FC3357	KAGA FEI	
FC335F	Polyera	
FC3497	ASUSTek COMPUTER	Computer
FC34E2	Shenzhen YOUHUA	
FC3598	Favite	
FC35E6	Visteon	
FC372B	Sichuan Tianyi Comheart	
FC376D	Shenzhen Bilian	
FC386A	Shenzhen Skyworth	
FC3876	Forum Communication	
FC3882	Infinix mobility limited	
FC38C4	China Grand	
FC395A	SonicWall	Router
FC3964	Itel Mobile Limited	
FC3CD7	Tuya Smart	Smart Home
FC3CE9	Tsingtong	
FC3D73	eero	
FC3D93	Longcheer	
FC3D98	Accton	
FC3DA5	Arcadyan	
FC3F7C	Huawei	Phone
FC3FA6	eero	
FC3FAB	Henan Lanxin	
FC3FDB	Hewlett Packard	Computer
FC3FFC	Tozed Kangwei	
FC4009	zte	Phone
FC4116	Google	
FC4203	Samsung	Phone
FC4265	Zhejiang Tmall	
FC4345	Xiaomi	Phone
FC4463	Universal Audio	Automotive
FC4482	Intel Corporate	Computer
FC4499	Swarco LEA d.o.o	
FC449F	zte	Phone
FC455F	Jiangxi Shanshui	
FC4596	Compal Information	
FC45C3	Texas Instruments	IoT
FC478D	Shenzhen Topwell	
FC47D8	Apple	Phone
FC48C9	Yobiiq Intelligence	
FC48EF	Huawei	Phone
FC492D	Amazon	
FC4A47	Nokia	
FC4AE9	Castlenet	
FC4B1C	Intersensor S.R.L	
FC4B57	Peerless Instrument	
FC4BBC	Sunplus	
FC4CEA	Dell	Computer
FC4CEF	Huawei Device	Phone
FC4D6A	Silicon Laboratories	
FC4D8C	Shenzhen Pante	
FC4DA6	Huawei	Phone
FC4DD4	Universal Global	
FC4E6D	Huawei	Phone
FC4EA4	Apple	Phone
FC500C	Sitehop	
FC5090	SIMEX Sp. z o.o	
FC50D6	Huawei Device	Phone
FC51A4	Commscope	
FC51B5	Huawei	Phone
FC528D	Vantiva USA	
FC52CE	Control iD	
FC539E	Shanghai Wind	
FC5557	Apple	Phone
FC55DC	Baltic Latvian Universal	
FC5703	Hisense broadband	TV
FC5708	Broadcom Limited	
FC584A	xiamenshi c-chip	
FC589A	Cisco	Router
FC58DF	Interphone Service	
FC58FA	Shen Zhen Shi Xin Zhong	
FC597A	Zebra	Printer
FC599F	Ruijie	
FC59C0	Arista	Switch
FC5A1D	Hitron	
FC5ADC	Keenetic Limited	
FC5B24	Weibel Scientific A/S	
FC5B26	MikroBits	
FC5B39	Cisco	Router
FC5B8C	Xiaomi	Phone
FC5C45	Ruckus Wireless	Router
FC5CEE	LCFC(Hefei)	
FC5F49	Zhejiang Dahua	Camera
FC6018	Zhejiang Kangtai	
FC609B	New H3C	
FC6179	IEEE Registration	
FC6198	NEC Personal Products	
FC61E9	Fiberhome	
FC626E	Beijing MDC Telecom	
FC626F	Fortx	
FC62B9	Alpsalpine Co,.Ltd	
FC643A	Samsung	Phone
FC64BA	Xiaomi	Phone
FC65B3	Huawei Device	Phone
FC65DE	Amazon	
FC6637	Sagemcom Broadband SAS	Storage
FC66CF	Apple	Phone
FC671F	Tuya Smart	Smart Home
FC683E	Directed Perception	
FC6947	Texas Instruments	IoT
FC698C	ANDREAS STIHL AG & Co	
FC6A1C	Mellanox	Switch
FC6BF0	Topwell International	
FC6C31	LXinstruments	
FC6D77	Intel Corporate	Computer
FC6DC0	Bme	
FC6DD1	APRESIA	
FC6E83	Samsung	Phone
FC6FB7	Commscope	
FC702E	Sichuan AI-Link	
FC71FA	Trane	Thermostat
FC7288	Cisco	Router
FC73FB	Huawei	Phone
FC7516	D-Link	Router
FC75E6	Handreamnet	
FC7692	Semptian	
FC7774	Intel Corporate	Computer
FC777B	Hitron	
FC790B	Hitachi High	
FC79DD	Huawei Device	Phone
FC7A58	Shenzhen Skyworth	
FC7C02	Phicomm (Shanghai)	
FC7CE7	Fci Usa	
FC7D6C	HYESUNG TECHWIN	
FC7F56	CoSyst Control	
FC7FF1	Hewlett Packard	Computer
FC8329	Trei technics	
FC8399	Avaya	VoIP
FC83C6	N-Radio	
FC8417	Honor Device	Phone
FC84A7	Murata Manufacturing	Smart Home
FC8596	Axonne	
FC862A	Huawei Device	Phone
FC8743	Huawei	Phone
FC8827	Apple	Phone
FC8A3D	zte	Phone
FC8AF7	zte	Phone
FC8B1F	GUTOR Electronic	
FC8B97	Shenzhen Gongjin	
FC8C11	Microsoft	Computer
FC8D13	Fujian Star-Net	
FC8D3D	Leapfive	
FC8E5B	China Mobile Iot Limited	
FC8E6E	StreamCCTV	
FC8E7E	Commscope	
FC8F7D	Shenzhen Gongjin	
FC8F90	Samsung	Phone
FC8FA4	NXP Semiconductors	IoT
FC8FC4	Intelligent	
FC90FA	Independent	
FC9114	Vantiva USA	
FC915D	Google	
FC9189	Sichuan Tianyi Comheart	
FC923B	Nokia	
FC9257	Renesas Electronics	
FC931D	Huawei	Phone
FC934E	Realtek Semiconductor	
FC936B	Samsung	Phone
FC942E	Cisco Meraki	Router
FC9435	Huawei	Phone
FC946C	Ubivelox	
FC94CE	zte	Phone
FC94E3	Vantiva USA	
FC956A	Octagon	
FC963E	EM Microelectronic	
FC9643	Juniper	Router
FC97A8	Cricut	
FC9816	Alpsalpine Co,.Ltd	
FC9947	Cisco	Router
FC9AFA	Motus Global	
FC9BC6	Sumavision	
FC9BD4	EdgeQ	
FC9C98	Arlo	Camera
FC9CA7	Apple	Phone
FC9D05	Micro-Star INTL	
FC9DD2	Apple	Phone
FC9DD8	Beijing TongTongYiLian	
FC9E53	Intel Corporate	Computer
FC9F2A	Zyxel	Router
FC9FAE	Fidus	
FC9FE1	CONWIN.Tech	
FC9FFD	Hangzhou Hikvision	Camera
FCA05A	Oray.com	
FCA0F3	Huawei	Phone
FCA13E	Samsung	Phone
FCA183	Amazon	
FCA22A	PT. Callysta Multi	Smart Home
FCA27E	Huawei	Phone
FCA2DF	IEEE Registration	
FCA386	Shenzhen Chuangwei-Rgb	
FCA47A	IEEE Registration	
FCA5C8	Apple	Phone
FCA5D0	Guangdong Oppo Mobile	Phone
FCA621	Samsung	Phone
FCA64C	Alibaba cloud computing	
FCA667	Amazon	
FCA6CD	Fiberhome	
FCA841	Avaya	VoIP
FCA84A	Sentinum	
FCA89A	Sunitec Enterprise	
FCA89B	Texas Instruments	IoT
FCA8E0	The Furukawa Electric	
FCA9B0	Miartech (Shanghai)	
FCA9DC	Renesas Electronics	
FCA9F5	Xiaomi	Phone
FCAA14	Giga-Byte	Computer
FCAA81	Apple	Phone
FCAAB6	Samsung	Phone
FCAB90	Huawei	Phone
FCABD0	vivo Mobile	Phone
FCABF5	zte	Phone
FCAD0F	Qts	
FCAE2B	Titan Products	
FCAE34	Commscope	
FCAF6A	Qulsar	
FCAFAC	Socionext	
FCAFBE	TireCheck	
FCB0C4	Shanghai DareGlobal	
FCB0DE	Cloud Network	
FCB10D	Shenzhen Tian Kun	
FCB214	Apple	Phone
FCB2D6	Cig Shanghai	
FCB387	Leapmotor (Jinhua) New	
FCB3AA	Intel Corporate	Computer
FCB3BC	Intel Corporate	Computer
FCB467	Espressif	IoT
FCB4E6	Askey Computer	
FCB577	Cortex Security	
FCB585	Shenzhen Water World	
FCB58A	Wapice	
FCB662	IC	
FCB698	Cambridge	
FCB69D	Zhejiang Dahua	Camera
FCB6D8	Apple	Phone
FCB7F0	Idaho National	
FCB948	McScience	
FCB97E	GE Appliances	Appliance
FCB9DF	Motorola Mobility LLC,	Phone
FCBBA1	Shenzhen Minicreate	
FCBC0E	Zhejiang Cainiao Supply	
FCBC9C	Vimar Spa	
FCBCD1	Huawei	Phone
FCBD67	Arista	Switch
FCBE7B	vivo Mobile	Phone
FCC0CC	Yunke China Information	
FCC233	ASUSTek COMPUTER	Computer
FCC23D	Atmel	
FCC2DE	Murata Manufacturing	Smart Home
FCC2E5	Holowits	
FCC734	Samsung	Phone
FCC737	Shaanxi Gangsion	
FCC897	zte	Phone
FCCA10	Mercusys	
FCCAC4	LifeHealth	
FCCCE4	Ascon	
FCCD2F	IEEE Registration	
FCCF43	Huizhou City Huiyang	
FCCF62	IBM	
FCCF9F	EM Microelectronic	
FCD202	Realme Chongqing Mobile	Phone
FCD290	Sky Uk Limited	
FCD2B6	IEEE Registration	
FCD436	Motorola Mobility LLC,	Phone
FCD4F2	The Coca Cola	
FCD4F6	Messana Air.Ray	
FCD586	Shenzhen SuperElectron	
FCD5D9	Shenzhen SDMC	
FCD6BD	Robert Bosch	
FCD733	Tp-Link	Router
FCD749	Amazon	
FCD817	Beijing Hesun	
FCD848	Apple	Phone
FCD908	Xiaomi	Phone
FCD96B	Realme Chongqing Mobile	Phone
FCDB21	Samsara	
FCDB96	Enervalley	
FCDBB3	Murata Manufacturing	Smart Home
FCDC4A	G-Wearables	Wearable
FCDD55	Shenzhen WeWins wireless	
FCDE90	Samsung	Phone
FCDEC5	Texas Instruments	IoT
FCDF00	GD Midea	Appliance
FCE14F	BRK Brands	
FCE186	A3M	
FCE192	Sichuan Jinwangtong	
FCE1A6	Huawei	Phone
FCE1D9	Stable Imaging Solutions	
FCE1FB	Array	
FCE23F	Clay Paky Spa	
FCE26C	Apple	Phone
FCE33C	Huawei	Phone
FCE421	zhejiang Dusun Electron	
FCE498	IEEE Registration	
FCE557	Nokia	
FCE5F0	Samsung	Phone
FCE66A	Industrial Software Co	
FCE6C6	China Mobile Group	
FCE806	Edifier	
FCE892	Hangzhou Lancable	
FCE8C0	Espressif	IoT
FCE998	Apple	Phone
FCE9D8	Amazon	
FCEA50	Integrated Device	
FCEB7B	Huawei	Phone
FCECDA	Ubiquiti	Router
FCEDB9	Arrayent	
FCEEE6	Formike Electronic	
FCEFD7	Huawei	Phone
FCF136	Samsung	Phone
FCF152	Sony	
FCF1CD	Optex-Fa	
FCF29F	China Mobile Iot Limited	
FCF528	Zyxel	Router
FCF5C4	Espressif	IoT
FCF647	Fiberhome	
FCF738	Huawei	Phone
FCF763	KunGao Micro (JiangSu)	
FCF77B	Huawei Device	Phone
FCF861	Harman/Becker Automotive	Automotive
FCF8AE	Intel Corporate	Computer
FCF8B7	TRONTEQ Electronic	
FCFA21	zte	Phone
FCFAF7	Shanghai Baud Data	
FCFBFB	Cisco	Router
FCFC48	Apple	Phone
FCFD71	AltoBeam	
FCFE77	Hitachi Reftechno	
FCFEC2	Invensys Controls UK	
FCFFAA	IEEE Registration	
